head,relation,tail,head_type,tail_type,evidence,pattern_name,source_file,confidence,method
HTTPS,depends_on,SSL/TLS,协议实体,机制与技术实体,HTTPS 基于 SSL/TLS 加密，防窃听、篡改、冒充,依赖关系,cn.txt,0.846,rule_pattern_sentence_level
HTTP/3,depends_on,QUIC,协议实体,协议实体,HTTP/3（基于 QUIC）：新一代网页传输,依赖关系,cn.txt,0.826,rule_pattern_sentence_level
Proxy Protocol,used_for,TCP,机制与技术实体,协议实体,传输层：TCP Options 字段、Proxy Protocol，适用于所有 TCP 协议，需双方改造,用途关系,cn.txt,0.818,rule_pattern_sentence_level
HTTPS,depends_on,加密,协议实体,概念与特性实体,HTTPS 基于 SSL/TLS 加密，防窃听、篡改、冒充,依赖关系,cn.txt,0.798,rule_pattern_sentence_level
BGP,used_for,自治系统,协议实体,服务器与网络组件实体,BGP：边界网关协议，用于跨自治系统的路由交换,用途关系,cn.txt,0.794,rule_pattern_sentence_level
URL,is_a,URI,地址与标识实体,地址与标识实体,URL：统一资源定位符，是 URI 的子集，既标识又定位资源（指明访问路径）,上下位关系,cn.txt,0.794,rule_pattern_sentence_level
数据包,implemented_by,路由与寻址,报文字段与状态实体,机制与技术实体,网络层：负责路由与寻址，决定数据在网络中的传输路径，实现跨网络的数据包转发,实现关系,cn.txt,0.764,rule_pattern_sentence_level
X-Forwarded-For,used_for,HTTP,机制与技术实体,协议实体,应用层：X-Forwarded-For 请求头，简单但易伪造，仅适用于 HTTP/SMTP,用途关系,cn.txt,0.758,rule_pattern_sentence_level
公网 IP,implemented_by,私有 IP,地址与标识实体,地址与标识实体,作用：将内网私有 IP映射为公网公有 IP，实现多设备共享一个公网 IP 上网,实现关系,cn.txt,0.75,rule_pattern_sentence_level
加密,is_a,表示层,概念与特性实体,层级结构实体,表示层：负责数据处理，包括编解码、加密解密、压缩解压缩，保证数据能被正确识别,上位包含关系,cn.txt,0.746,rule_pattern_sentence_level
X-Forwarded-For,used_for,SMTP,机制与技术实体,协议实体,应用层：X-Forwarded-For 请求头，简单但易伪造，仅适用于 HTTP/SMTP,用途关系,cn.txt,0.728,rule_pattern_sentence_level
表示层,has_part,加密,层级结构实体,概念与特性实体,表示层：负责数据处理，包括编解码、加密解密、压缩解压缩，保证数据能被正确识别,整体部分关系,cn.txt,0.726,rule_pattern_sentence_level
数据包,implemented_by,网络层,报文字段与状态实体,层级结构实体,网络层：负责路由与寻址，决定数据在网络中的传输路径，实现跨网络的数据包转发,实现关系,cn.txt,0.716,rule_pattern_sentence_level
TCP Options,used_for,TCP,机制与技术实体,协议实体,传输层：TCP Options 字段、Proxy Protocol，适用于所有 TCP 协议，需双方改造,用途关系,cn.txt,0.71,rule_pattern_sentence_level
应用层,used_for,HTTP,层级结构实体,协议实体,应用层：X-Forwarded-For 请求头，简单但易伪造，仅适用于 HTTP/SMTP,用途关系,cn.txt,0.662,rule_pattern_sentence_level
传输层,used_for,TCP,层级结构实体,协议实体,传输层：TCP Options 字段、Proxy Protocol，适用于所有 TCP 协议，需双方改造,用途关系,cn.txt,0.66,rule_pattern_sentence_level
应用层,used_for,SMTP,层级结构实体,协议实体,应用层：X-Forwarded-For 请求头，简单但易伪造，仅适用于 HTTP/SMTP,用途关系,cn.txt,0.66,rule_pattern_sentence_level
布隆过滤器,is_a,空间效率较高,具体数据结构实体,性质与规则实体,布隆过滤器是一种空间效率较高的概率型数据结构，用于判断元素是否存在于集合中，但存在一定的误判率,上下位关系,data_structure.txt,0.862,rule_pattern_sentence_level
数组,is_a,顺序存储结构,具体数据结构实体,存储与组成相关实体,数组是一种顺序存储结构，其特点是支持随机访问，但插入和删除操作效率较低,上下位关系,data_structure.txt,0.862,rule_pattern_sentence_level
链表,is_a,链式存储结构,具体数据结构实体,存储与组成相关实体,链表是一种链式存储结构，每个节点包含数据域和指针域，适合频繁插入和删除的场景,上下位关系,data_structure.txt,0.862,rule_pattern_sentence_level
队列,is_a,先进先出,具体数据结构实体,性质与规则实体,队列是一种先进先出（FIFO）的数据结构，常用于任务调度和缓冲区管理,上下位关系,data_structure.txt,0.862,rule_pattern_sentence_level
优先队列,implemented_by,广度优先搜索,具体数据结构实体,算法与操作实体,例如，栈用于括号匹配问题，队列用于广度优先搜索，堆用于实现优先队列，图用于建模网络关系，哈希表用于缓存系统,实现关系,data_structure.txt,0.854,rule_pattern_sentence_level
哈希表,is_a,哈希函数,具体数据结构实体,存储与组成相关实体,哈希表是一种基于哈希函数的数据结构，用于实现高效的查找操作,上下位关系,data_structure.txt,0.85,rule_pattern_sentence_level
哈希表,used_for,缓存系统,具体数据结构实体,应用场景实体,例如，栈用于括号匹配问题，队列用于广度优先搜索，堆用于实现优先队列，图用于建模网络关系，哈希表用于缓存系统,用途关系,data_structure.txt,0.848,rule_pattern_sentence_level
队列,used_for,广度优先搜索,具体数据结构实体,算法与操作实体,例如，栈用于括号匹配问题，队列用于广度优先搜索，堆用于实现优先队列，图用于建模网络关系，哈希表用于缓存系统,用途关系,data_structure.txt,0.848,rule_pattern_sentence_level
查找,implemented_by,数据结构,算法与操作实体,领域实体,哈希表是一种基于哈希函数的数据结构，用于实现高效的查找操作,实现关系,data_structure.txt,0.842,rule_pattern_sentence_level
哈希表,depends_on,哈希函数,具体数据结构实体,存储与组成相关实体,哈希表是一种基于哈希函数的数据结构，用于实现高效的查找操作,依赖关系,data_structure.txt,0.84,rule_pattern_sentence_level
顺序存储结构,is_a,随机访问,存储与组成相关实体,算法与操作实体,数组是一种顺序存储结构，其特点是支持随机访问，但插入和删除操作效率较低,上下位关系,data_structure.txt,0.838,rule_pattern_sentence_level
优先队列,used_for,建模网络关系,具体数据结构实体,应用场景实体,例如，栈用于括号匹配问题，队列用于广度优先搜索，堆用于实现优先队列，图用于建模网络关系，哈希表用于缓存系统,用途关系,data_structure.txt,0.836,rule_pattern_sentence_level
数据结构,used_for,任务调度,领域实体,应用场景实体,队列是一种先进先出（FIFO）的数据结构，常用于任务调度和缓冲区管理,用途关系,data_structure.txt,0.836,rule_pattern_sentence_level
数据结构,used_for,函数调用,领域实体,应用场景实体,栈是一种后进先出（LIFO）的数据结构，常用于函数调用和表达式求值,用途关系,data_structure.txt,0.836,rule_pattern_sentence_level
队列,is_a,FIFO,具体数据结构实体,性质与规则实体,队列是一种先进先出（FIFO）的数据结构，常用于任务调度和缓冲区管理,上下位关系,data_structure.txt,0.832,rule_pattern_sentence_level
括号匹配问题,used_for,广度优先搜索,应用场景实体,算法与操作实体,例如，栈用于括号匹配问题，队列用于广度优先搜索，堆用于实现优先队列，图用于建模网络关系，哈希表用于缓存系统,用途关系,data_structure.txt,0.83,rule_pattern_sentence_level
广度优先搜索,used_for,优先队列,算法与操作实体,具体数据结构实体,例如，栈用于括号匹配问题，队列用于广度优先搜索，堆用于实现优先队列，图用于建模网络关系，哈希表用于缓存系统,用途关系,data_structure.txt,0.824,rule_pattern_sentence_level
哈希表,is_a,数据结构,具体数据结构实体,领域实体,哈希表是一种基于哈希函数的数据结构，用于实现高效的查找操作,上下位关系,data_structure.txt,0.82,rule_pattern_sentence_level
布隆过滤器,is_a,概率型数据结构,具体数据结构实体,性质与规则实体,布隆过滤器是一种空间效率较高的概率型数据结构，用于判断元素是否存在于集合中，但存在一定的误判率,上下位关系,data_structure.txt,0.82,rule_pattern_sentence_level
线性结构,is_a,一对一关系,结构分类实体,性质与规则实体,线性结构是指数据元素之间存在一对一关系的结构，主要包括数组、链表、栈和队列,上下位关系,data_structure.txt,0.82,rule_pattern_sentence_level
非线性结构,is_a,一对多关系,结构分类实体,性质与规则实体,非线性结构是指数据元素之间存在一对多关系的结构，主要包括树和图,上下位关系,data_structure.txt,0.82,rule_pattern_sentence_level
最小堆,used_for,优先队列,具体数据结构实体,具体数据结构实体,堆是一种特殊的完全二叉树，分为最大堆和最小堆，常用于优先队列的实现,用途关系,data_structure.txt,0.816,rule_pattern_sentence_level
数据结构,used_for,查找,领域实体,算法与操作实体,哈希表是一种基于哈希函数的数据结构，用于实现高效的查找操作,用途关系,data_structure.txt,0.812,rule_pattern_sentence_level
最大堆,is_a,完全二叉树,具体数据结构实体,性质与规则实体,堆是一种特殊的完全二叉树，分为最大堆和最小堆，常用于优先队列的实现,上位包含关系,data_structure.txt,0.812,rule_pattern_sentence_level
查找,implemented_by,哈希函数,算法与操作实体,存储与组成相关实体,哈希表是一种基于哈希函数的数据结构，用于实现高效的查找操作,实现关系,data_structure.txt,0.812,rule_pattern_sentence_level
哈希表,depends_on,数据结构,具体数据结构实体,领域实体,哈希表是一种基于哈希函数的数据结构，用于实现高效的查找操作,依赖关系,data_structure.txt,0.81,rule_pattern_sentence_level
二叉树,is_a,节点,具体数据结构实体,存储与组成相关实体,二叉树是一种特殊的树结构，每个节点最多有两个子节点,上下位关系,data_structure.txt,0.808,rule_pattern_sentence_level
链表,is_a,节点,具体数据结构实体,存储与组成相关实体,链表是一种链式存储结构，每个节点包含数据域和指针域，适合频繁插入和删除的场景,上下位关系,data_structure.txt,0.808,rule_pattern_sentence_level
数据结构,used_for,缓冲区管理,领域实体,应用场景实体,队列是一种先进先出（FIFO）的数据结构，常用于任务调度和缓冲区管理,用途关系,data_structure.txt,0.806,rule_pattern_sentence_level
数据结构,used_for,表达式求值,领域实体,应用场景实体,栈是一种后进先出（LIFO）的数据结构，常用于函数调用和表达式求值,用途关系,data_structure.txt,0.806,rule_pattern_sentence_level
建模网络关系,used_for,缓存系统,应用场景实体,应用场景实体,例如，栈用于括号匹配问题，队列用于广度优先搜索，堆用于实现优先队列，图用于建模网络关系，哈希表用于缓存系统,用途关系,data_structure.txt,0.804,rule_pattern_sentence_level
顺序存储结构,is_a,插入,存储与组成相关实体,算法与操作实体,数组是一种顺序存储结构，其特点是支持随机访问，但插入和删除操作效率较低,上下位关系,data_structure.txt,0.802,rule_pattern_sentence_level
FIFO,used_for,任务调度,性质与规则实体,应用场景实体,队列是一种先进先出（FIFO）的数据结构，常用于任务调度和缓冲区管理,用途关系,data_structure.txt,0.8,rule_pattern_sentence_level
LIFO,used_for,函数调用,性质与规则实体,应用场景实体,栈是一种后进先出（LIFO）的数据结构，常用于函数调用和表达式求值,用途关系,data_structure.txt,0.8,rule_pattern_sentence_level
队列,is_a,数据结构,具体数据结构实体,领域实体,队列是一种先进先出（FIFO）的数据结构，常用于任务调度和缓冲区管理,上下位关系,data_structure.txt,0.796,rule_pattern_sentence_level
最大堆,used_for,优先队列,具体数据结构实体,具体数据结构实体,堆是一种特殊的完全二叉树，分为最大堆和最小堆，常用于优先队列的实现,用途关系,data_structure.txt,0.792,rule_pattern_sentence_level
优先队列,implemented_by,括号匹配问题,具体数据结构实体,应用场景实体,例如，栈用于括号匹配问题，队列用于广度优先搜索，堆用于实现优先队列，图用于建模网络关系，哈希表用于缓存系统,实现关系,data_structure.txt,0.788,rule_pattern_sentence_level
最小堆,is_a,完全二叉树,具体数据结构实体,性质与规则实体,堆是一种特殊的完全二叉树，分为最大堆和最小堆，常用于优先队列的实现,上位包含关系,data_structure.txt,0.788,rule_pattern_sentence_level
非线性结构,is_a,数据结构,结构分类实体,领域实体,常见的数据结构包括线性结构和非线性结构两大类,上位包含关系,data_structure.txt,0.788,rule_pattern_sentence_level
优先队列,implemented_by,队列,具体数据结构实体,具体数据结构实体,例如，栈用于括号匹配问题，队列用于广度优先搜索，堆用于实现优先队列，图用于建模网络关系，哈希表用于缓存系统,实现关系,data_structure.txt,0.786,rule_pattern_sentence_level
数组,is_a,随机访问,具体数据结构实体,算法与操作实体,数组是一种顺序存储结构，其特点是支持随机访问，但插入和删除操作效率较低,上下位关系,data_structure.txt,0.784,rule_pattern_sentence_level
链表,is_a,数据域,具体数据结构实体,存储与组成相关实体,链表是一种链式存储结构，每个节点包含数据域和指针域，适合频繁插入和删除的场景,上下位关系,data_structure.txt,0.784,rule_pattern_sentence_level
顺序存储结构,is_a,删除,存储与组成相关实体,算法与操作实体,数组是一种顺序存储结构，其特点是支持随机访问，但插入和删除操作效率较低,上下位关系,data_structure.txt,0.784,rule_pattern_sentence_level
哈希函数,used_for,查找,存储与组成相关实体,算法与操作实体,哈希表是一种基于哈希函数的数据结构，用于实现高效的查找操作,用途关系,data_structure.txt,0.782,rule_pattern_sentence_level
链地址法,is_a,哈希冲突,冲突处理方法实体,存储与组成相关实体,为了解决哈希冲突，常用的方法包括链地址法和开放寻址法,上位包含关系,data_structure.txt,0.782,rule_pattern_sentence_level
完全二叉树,used_for,优先队列,性质与规则实体,具体数据结构实体,堆是一种特殊的完全二叉树，分为最大堆和最小堆，常用于优先队列的实现,用途关系,data_structure.txt,0.776,rule_pattern_sentence_level
广度优先搜索,used_for,建模网络关系,算法与操作实体,应用场景实体,例如，栈用于括号匹配问题，队列用于广度优先搜索，堆用于实现优先队列，图用于建模网络关系，哈希表用于缓存系统,用途关系,data_structure.txt,0.776,rule_pattern_sentence_level
优先队列,used_for,哈希表,具体数据结构实体,具体数据结构实体,例如，栈用于括号匹配问题，队列用于广度优先搜索，堆用于实现优先队列，图用于建模网络关系，哈希表用于缓存系统,用途关系,data_structure.txt,0.774,rule_pattern_sentence_level
指针域,is_a,节点,存储与组成相关实体,存储与组成相关实体,链表是一种链式存储结构，每个节点包含数据域和指针域，适合频繁插入和删除的场景,上位包含关系,data_structure.txt,0.774,rule_pattern_sentence_level
FIFO,used_for,缓冲区管理,性质与规则实体,应用场景实体,队列是一种先进先出（FIFO）的数据结构，常用于任务调度和缓冲区管理,用途关系,data_structure.txt,0.77,rule_pattern_sentence_level
LIFO,used_for,表达式求值,性质与规则实体,应用场景实体,栈是一种后进先出（LIFO）的数据结构，常用于函数调用和表达式求值,用途关系,data_structure.txt,0.77,rule_pattern_sentence_level
先进先出,used_for,任务调度,性质与规则实体,应用场景实体,队列是一种先进先出（FIFO）的数据结构，常用于任务调度和缓冲区管理,用途关系,data_structure.txt,0.77,rule_pattern_sentence_level
后进先出,used_for,函数调用,性质与规则实体,应用场景实体,栈是一种后进先出（LIFO）的数据结构，常用于函数调用和表达式求值,用途关系,data_structure.txt,0.77,rule_pattern_sentence_level
数据域,is_a,链式存储结构,存储与组成相关实体,存储与组成相关实体,链表是一种链式存储结构，每个节点包含数据域和指针域，适合频繁插入和删除的场景,上位包含关系,data_structure.txt,0.768,rule_pattern_sentence_level
数据结构,has_part,非线性结构,领域实体,结构分类实体,常见的数据结构包括线性结构和非线性结构两大类,整体部分关系,data_structure.txt,0.768,rule_pattern_sentence_level
优先队列,used_for,缓存系统,具体数据结构实体,应用场景实体,例如，栈用于括号匹配问题，队列用于广度优先搜索，堆用于实现优先队列，图用于建模网络关系，哈希表用于缓存系统,用途关系,data_structure.txt,0.764,rule_pattern_sentence_level
哈希表,implemented_by,广度优先搜索,具体数据结构实体,算法与操作实体,例如，栈用于括号匹配问题，队列用于广度优先搜索，堆用于实现优先队列，图用于建模网络关系，哈希表用于缓存系统,实现关系,data_structure.txt,0.764,rule_pattern_sentence_level
一对一关系,has_part,数组,性质与规则实体,具体数据结构实体,线性结构是指数据元素之间存在一对一关系的结构，主要包括数组、链表、栈和队列,整体部分关系,data_structure.txt,0.762,rule_pattern_sentence_level
哈希冲突,has_part,链地址法,存储与组成相关实体,冲突处理方法实体,为了解决哈希冲突，常用的方法包括链地址法和开放寻址法,整体部分关系,data_structure.txt,0.762,rule_pattern_sentence_level
链表,is_a,指针域,具体数据结构实体,存储与组成相关实体,链表是一种链式存储结构，每个节点包含数据域和指针域，适合频繁插入和删除的场景,上下位关系,data_structure.txt,0.76,rule_pattern_sentence_level
括号匹配问题,used_for,优先队列,应用场景实体,具体数据结构实体,例如，栈用于括号匹配问题，队列用于广度优先搜索，堆用于实现优先队列，图用于建模网络关系，哈希表用于缓存系统,用途关系,data_structure.txt,0.758,rule_pattern_sentence_level
查找,implemented_by,哈希表,算法与操作实体,具体数据结构实体,哈希表是一种基于哈希函数的数据结构，用于实现高效的查找操作,实现关系,data_structure.txt,0.758,rule_pattern_sentence_level
队列,used_for,优先队列,具体数据结构实体,具体数据结构实体,例如，栈用于括号匹配问题，队列用于广度优先搜索，堆用于实现优先队列，图用于建模网络关系，哈希表用于缓存系统,用途关系,data_structure.txt,0.756,rule_pattern_sentence_level
节点,has_part,指针域,存储与组成相关实体,存储与组成相关实体,链表是一种链式存储结构，每个节点包含数据域和指针域，适合频繁插入和删除的场景,整体部分关系,data_structure.txt,0.754,rule_pattern_sentence_level
开放寻址法,is_a,哈希冲突,冲突处理方法实体,存储与组成相关实体,为了解决哈希冲突，常用的方法包括链地址法和开放寻址法,上位包含关系,data_structure.txt,0.752,rule_pattern_sentence_level
哈希表,is_a,查找,具体数据结构实体,算法与操作实体,哈希表是一种基于哈希函数的数据结构，用于实现高效的查找操作,上下位关系,data_structure.txt,0.748,rule_pattern_sentence_level
数组,is_a,插入,具体数据结构实体,算法与操作实体,数组是一种顺序存储结构，其特点是支持随机访问，但插入和删除操作效率较低,上下位关系,data_structure.txt,0.748,rule_pattern_sentence_level
链式存储结构,has_part,数据域,存储与组成相关实体,存储与组成相关实体,链表是一种链式存储结构，每个节点包含数据域和指针域，适合频繁插入和删除的场景,整体部分关系,data_structure.txt,0.748,rule_pattern_sentence_level
队列,is_a,任务调度,具体数据结构实体,应用场景实体,队列是一种先进先出（FIFO）的数据结构，常用于任务调度和缓冲区管理,上下位关系,data_structure.txt,0.748,rule_pattern_sentence_level
优先队列,is_a,完全二叉树,具体数据结构实体,性质与规则实体,堆是一种特殊的完全二叉树，分为最大堆和最小堆，常用于优先队列的实现,上位包含关系,data_structure.txt,0.746,rule_pattern_sentence_level
插入,is_a,节点,算法与操作实体,存储与组成相关实体,链表是一种链式存储结构，每个节点包含数据域和指针域，适合频繁插入和删除的场景,上位包含关系,data_structure.txt,0.746,rule_pattern_sentence_level
一对一关系,has_part,链表,性质与规则实体,具体数据结构实体,线性结构是指数据元素之间存在一对一关系的结构，主要包括数组、链表、栈和队列,整体部分关系,data_structure.txt,0.744,rule_pattern_sentence_level
指针域,is_a,链式存储结构,存储与组成相关实体,存储与组成相关实体,链表是一种链式存储结构，每个节点包含数据域和指针域，适合频繁插入和删除的场景,上位包含关系,data_structure.txt,0.744,rule_pattern_sentence_level
线性结构,is_a,数组,结构分类实体,具体数据结构实体,线性结构是指数据元素之间存在一对一关系的结构，主要包括数组、链表、栈和队列,上下位关系,data_structure.txt,0.742,rule_pattern_sentence_level
先进先出,used_for,缓冲区管理,性质与规则实体,应用场景实体,队列是一种先进先出（FIFO）的数据结构，常用于任务调度和缓冲区管理,用途关系,data_structure.txt,0.74,rule_pattern_sentence_level
后进先出,used_for,表达式求值,性质与规则实体,应用场景实体,栈是一种后进先出（LIFO）的数据结构，常用于函数调用和表达式求值,用途关系,data_structure.txt,0.74,rule_pattern_sentence_level
哈希表,depends_on,查找,具体数据结构实体,算法与操作实体,哈希表是一种基于哈希函数的数据结构，用于实现高效的查找操作,依赖关系,data_structure.txt,0.738,rule_pattern_sentence_level
广度优先搜索,used_for,哈希表,算法与操作实体,具体数据结构实体,例如，栈用于括号匹配问题，队列用于广度优先搜索，堆用于实现优先队列，图用于建模网络关系，哈希表用于缓存系统,用途关系,data_structure.txt,0.734,rule_pattern_sentence_level
数据域,is_a,链表,存储与组成相关实体,具体数据结构实体,链表是一种链式存储结构，每个节点包含数据域和指针域，适合频繁插入和删除的场景,上位包含关系,data_structure.txt,0.734,rule_pattern_sentence_level
缓存系统,implemented_by,广度优先搜索,应用场景实体,算法与操作实体,例如，栈用于括号匹配问题，队列用于广度优先搜索，堆用于实现优先队列，图用于建模网络关系，哈希表用于缓存系统,实现关系,data_structure.txt,0.734,rule_pattern_sentence_level
哈希冲突,has_part,开放寻址法,存储与组成相关实体,冲突处理方法实体,为了解决哈希冲突，常用的方法包括链地址法和开放寻址法,整体部分关系,data_structure.txt,0.732,rule_pattern_sentence_level
数组,is_a,删除,具体数据结构实体,算法与操作实体,数组是一种顺序存储结构，其特点是支持随机访问，但插入和删除操作效率较低,上下位关系,data_structure.txt,0.73,rule_pattern_sentence_level
删除,is_a,节点,算法与操作实体,存储与组成相关实体,链表是一种链式存储结构，每个节点包含数据域和指针域，适合频繁插入和删除的场景,上位包含关系,data_structure.txt,0.728,rule_pattern_sentence_level
哈希表,used_for,查找,具体数据结构实体,算法与操作实体,哈希表是一种基于哈希函数的数据结构，用于实现高效的查找操作,用途关系,data_structure.txt,0.728,rule_pattern_sentence_level
概率型数据结构,is_a,误判率,性质与规则实体,性质与规则实体,布隆过滤器是一种空间效率较高的概率型数据结构，用于判断元素是否存在于集合中，但存在一定的误判率,上下位关系,data_structure.txt,0.728,rule_pattern_sentence_level
队列,used_for,任务调度,具体数据结构实体,应用场景实体,队列是一种先进先出（FIFO）的数据结构，常用于任务调度和缓冲区管理,用途关系,data_structure.txt,0.728,rule_pattern_sentence_level
队列,used_for,建模网络关系,具体数据结构实体,应用场景实体,例如，栈用于括号匹配问题，队列用于广度优先搜索，堆用于实现优先队列，图用于建模网络关系，哈希表用于缓存系统,用途关系,data_structure.txt,0.728,rule_pattern_sentence_level
节点,has_part,插入,存储与组成相关实体,算法与操作实体,链表是一种链式存储结构，每个节点包含数据域和指针域，适合频繁插入和删除的场景,整体部分关系,data_structure.txt,0.726,rule_pattern_sentence_level
线性结构,is_a,链表,结构分类实体,具体数据结构实体,线性结构是指数据元素之间存在一对一关系的结构，主要包括数组、链表、栈和队列,上下位关系,data_structure.txt,0.724,rule_pattern_sentence_level
链式存储结构,has_part,指针域,存储与组成相关实体,存储与组成相关实体,链表是一种链式存储结构，每个节点包含数据域和指针域，适合频繁插入和删除的场景,整体部分关系,data_structure.txt,0.724,rule_pattern_sentence_level
队列,is_a,缓冲区管理,具体数据结构实体,应用场景实体,队列是一种先进先出（FIFO）的数据结构，常用于任务调度和缓冲区管理,上下位关系,data_structure.txt,0.718,rule_pattern_sentence_level
插入,is_a,链式存储结构,算法与操作实体,存储与组成相关实体,链表是一种链式存储结构，每个节点包含数据域和指针域，适合频繁插入和删除的场景,上位包含关系,data_structure.txt,0.716,rule_pattern_sentence_level
一对一关系,has_part,队列,性质与规则实体,具体数据结构实体,线性结构是指数据元素之间存在一对一关系的结构，主要包括数组、链表、栈和队列,整体部分关系,data_structure.txt,0.714,rule_pattern_sentence_level
链表,has_part,数据域,具体数据结构实体,存储与组成相关实体,链表是一种链式存储结构，每个节点包含数据域和指针域，适合频繁插入和删除的场景,整体部分关系,data_structure.txt,0.714,rule_pattern_sentence_level
链表,is_a,插入,具体数据结构实体,算法与操作实体,链表是一种链式存储结构，每个节点包含数据域和指针域，适合频繁插入和删除的场景,上下位关系,data_structure.txt,0.712,rule_pattern_sentence_level
指针域,is_a,链表,存储与组成相关实体,具体数据结构实体,链表是一种链式存储结构，每个节点包含数据域和指针域，适合频繁插入和删除的场景,上位包含关系,data_structure.txt,0.71,rule_pattern_sentence_level
概率型数据结构,used_for,误判率,性质与规则实体,性质与规则实体,布隆过滤器是一种空间效率较高的概率型数据结构，用于判断元素是否存在于集合中，但存在一定的误判率,用途关系,data_structure.txt,0.708,rule_pattern_sentence_level
节点,has_part,删除,存储与组成相关实体,算法与操作实体,链表是一种链式存储结构，每个节点包含数据域和指针域，适合频繁插入和删除的场景,整体部分关系,data_structure.txt,0.708,rule_pattern_sentence_level
广度优先搜索,used_for,缓存系统,算法与操作实体,应用场景实体,例如，栈用于括号匹配问题，队列用于广度优先搜索，堆用于实现优先队列，图用于建模网络关系，哈希表用于缓存系统,用途关系,data_structure.txt,0.704,rule_pattern_sentence_level
删除,is_a,链式存储结构,算法与操作实体,存储与组成相关实体,链表是一种链式存储结构，每个节点包含数据域和指针域，适合频繁插入和删除的场景,上位包含关系,data_structure.txt,0.698,rule_pattern_sentence_level
哈希表,implemented_by,括号匹配问题,具体数据结构实体,应用场景实体,例如，栈用于括号匹配问题，队列用于广度优先搜索，堆用于实现优先队列，图用于建模网络关系，哈希表用于缓存系统,实现关系,data_structure.txt,0.698,rule_pattern_sentence_level
队列,used_for,缓冲区管理,具体数据结构实体,应用场景实体,队列是一种先进先出（FIFO）的数据结构，常用于任务调度和缓冲区管理,用途关系,data_structure.txt,0.698,rule_pattern_sentence_level
哈希表,implemented_by,队列,具体数据结构实体,具体数据结构实体,例如，栈用于括号匹配问题，队列用于广度优先搜索，堆用于实现优先队列，图用于建模网络关系，哈希表用于缓存系统,实现关系,data_structure.txt,0.696,rule_pattern_sentence_level
链式存储结构,has_part,插入,存储与组成相关实体,算法与操作实体,链表是一种链式存储结构，每个节点包含数据域和指针域，适合频繁插入和删除的场景,整体部分关系,data_structure.txt,0.696,rule_pattern_sentence_level
线性结构,is_a,队列,结构分类实体,具体数据结构实体,线性结构是指数据元素之间存在一对一关系的结构，主要包括数组、链表、栈和队列,上下位关系,data_structure.txt,0.694,rule_pattern_sentence_level
链表,is_a,删除,具体数据结构实体,算法与操作实体,链表是一种链式存储结构，每个节点包含数据域和指针域，适合频繁插入和删除的场景,上下位关系,data_structure.txt,0.694,rule_pattern_sentence_level
数组,is_a,线性结构,具体数据结构实体,结构分类实体,线性结构是指数据元素之间存在一对一关系的结构，主要包括数组、链表、栈和队列,上位包含关系,data_structure.txt,0.692,rule_pattern_sentence_level
括号匹配问题,used_for,建模网络关系,应用场景实体,应用场景实体,例如，栈用于括号匹配问题，队列用于广度优先搜索，堆用于实现优先队列，图用于建模网络关系，哈希表用于缓存系统,用途关系,data_structure.txt,0.69,rule_pattern_sentence_level
缓存系统,implemented_by,队列,应用场景实体,具体数据结构实体,例如，栈用于括号匹配问题，队列用于广度优先搜索，堆用于实现优先队列，图用于建模网络关系，哈希表用于缓存系统,实现关系,data_structure.txt,0.69,rule_pattern_sentence_level
链表,has_part,指针域,具体数据结构实体,存储与组成相关实体,链表是一种链式存储结构，每个节点包含数据域和指针域，适合频繁插入和删除的场景,整体部分关系,data_structure.txt,0.69,rule_pattern_sentence_level
空间效率较高,is_a,误判率,性质与规则实体,性质与规则实体,布隆过滤器是一种空间效率较高的概率型数据结构，用于判断元素是否存在于集合中，但存在一定的误判率,上下位关系,data_structure.txt,0.68,rule_pattern_sentence_level
链式存储结构,has_part,删除,存储与组成相关实体,算法与操作实体,链表是一种链式存储结构，每个节点包含数据域和指针域，适合频繁插入和删除的场景,整体部分关系,data_structure.txt,0.678,rule_pattern_sentence_level
链表,is_a,线性结构,具体数据结构实体,结构分类实体,线性结构是指数据元素之间存在一对一关系的结构，主要包括数组、链表、栈和队列,上位包含关系,data_structure.txt,0.674,rule_pattern_sentence_level
线性结构,has_part,数组,结构分类实体,具体数据结构实体,线性结构是指数据元素之间存在一对一关系的结构，主要包括数组、链表、栈和队列,整体部分关系,data_structure.txt,0.672,rule_pattern_sentence_level
缓存系统,implemented_by,括号匹配问题,应用场景实体,应用场景实体,例如，栈用于括号匹配问题，队列用于广度优先搜索，堆用于实现优先队列，图用于建模网络关系，哈希表用于缓存系统,实现关系,data_structure.txt,0.67,rule_pattern_sentence_level
括号匹配问题,used_for,哈希表,应用场景实体,具体数据结构实体,例如，栈用于括号匹配问题，队列用于广度优先搜索，堆用于实现优先队列，图用于建模网络关系，哈希表用于缓存系统,用途关系,data_structure.txt,0.668,rule_pattern_sentence_level
队列,used_for,哈希表,具体数据结构实体,具体数据结构实体,例如，栈用于括号匹配问题，队列用于广度优先搜索，堆用于实现优先队列，图用于建模网络关系，哈希表用于缓存系统,用途关系,data_structure.txt,0.666,rule_pattern_sentence_level
插入,is_a,链表,算法与操作实体,具体数据结构实体,链表是一种链式存储结构，每个节点包含数据域和指针域，适合频繁插入和删除的场景,上位包含关系,data_structure.txt,0.662,rule_pattern_sentence_level
布隆过滤器,used_for,误判率,具体数据结构实体,性质与规则实体,布隆过滤器是一种空间效率较高的概率型数据结构，用于判断元素是否存在于集合中，但存在一定的误判率,用途关系,data_structure.txt,0.66,rule_pattern_sentence_level
空间效率较高,used_for,误判率,性质与规则实体,性质与规则实体,布隆过滤器是一种空间效率较高的概率型数据结构，用于判断元素是否存在于集合中，但存在一定的误判率,用途关系,data_structure.txt,0.66,rule_pattern_sentence_level
队列,used_for,缓存系统,具体数据结构实体,应用场景实体,例如，栈用于括号匹配问题，队列用于广度优先搜索，堆用于实现优先队列，图用于建模网络关系，哈希表用于缓存系统,用途关系,data_structure.txt,0.66,rule_pattern_sentence_level
线性结构,has_part,链表,结构分类实体,具体数据结构实体,线性结构是指数据元素之间存在一对一关系的结构，主要包括数组、链表、栈和队列,整体部分关系,data_structure.txt,0.654,rule_pattern_sentence_level
删除,is_a,链表,算法与操作实体,具体数据结构实体,链表是一种链式存储结构，每个节点包含数据域和指针域，适合频繁插入和删除的场景,上位包含关系,data_structure.txt,0.644,rule_pattern_sentence_level
队列,is_a,线性结构,具体数据结构实体,结构分类实体,线性结构是指数据元素之间存在一对一关系的结构，主要包括数组、链表、栈和队列,上位包含关系,data_structure.txt,0.644,rule_pattern_sentence_level
链表,has_part,插入,具体数据结构实体,算法与操作实体,链表是一种链式存储结构，每个节点包含数据域和指针域，适合频繁插入和删除的场景,整体部分关系,data_structure.txt,0.642,rule_pattern_sentence_level
括号匹配问题,used_for,缓存系统,应用场景实体,应用场景实体,例如，栈用于括号匹配问题，队列用于广度优先搜索，堆用于实现优先队列，图用于建模网络关系，哈希表用于缓存系统,用途关系,data_structure.txt,0.64,rule_pattern_sentence_level
线性结构,has_part,队列,结构分类实体,具体数据结构实体,线性结构是指数据元素之间存在一对一关系的结构，主要包括数组、链表、栈和队列,整体部分关系,data_structure.txt,0.624,rule_pattern_sentence_level
链表,has_part,删除,具体数据结构实体,算法与操作实体,链表是一种链式存储结构，每个节点包含数据域和指针域，适合频繁插入和删除的场景,整体部分关系,data_structure.txt,0.624,rule_pattern_sentence_level
Throwable,is_a,父类,异常处理实体,数据类型实体,Throwable是顶级父类，下面分为Error（严重错误，不可处理）和Exception（可处理）,上下位关系,java.txt,0.862,rule_pattern_sentence_level
Runnable,implemented_by,Thread,线程与并发实体,线程与并发实体,创建线程的方式：继承Thread类、实现Runnable接口、实现Callable接口（配合FutureTask）,实现关系,java.txt,0.846,rule_pattern_sentence_level
对象,is_a,实例,面向对象核心实体,面向对象核心实体,类（Class）和对象（Object）的关系：类是对象的模板，对象是类的实例,上下位关系,java.txt,0.842,rule_pattern_sentence_level
ArrayList,implemented_by,List,集合框架实体,集合框架实体,List的实现类：ArrayList（数组结构，查询快增删慢）、LinkedList（链表结构，增删快查询慢）、Vector（线程安全，较少用）,实现关系,java.txt,0.84,rule_pattern_sentence_level
Callable,implemented_by,Runnable,线程与并发实体,线程与并发实体,创建线程的方式：继承Thread类、实现Runnable接口、实现Callable接口（配合FutureTask）,实现关系,java.txt,0.84,rule_pattern_sentence_level
HashMap,implemented_by,Map,集合框架实体,集合框架实体,Map的实现类：HashMap（无序，允许null键值）、Hashtable（线程安全，不允许null）、TreeMap（有序）、LinkedHashMap（保持插入顺序）,实现关系,java.txt,0.84,rule_pattern_sentence_level
HashSet,implemented_by,Set,集合框架实体,集合框架实体,Set的实现类：HashSet（无序，基于HashMap）、LinkedHashSet（有序）、TreeSet（排序，基于红黑树）,实现关系,java.txt,0.84,rule_pattern_sentence_level
接口,is_a,public,数据类型实体,关键字与修饰符实体,接口：所有方法默认是public abstract（Java 8后可以有默认方法和静态方法），字段默认是public static final,上下位关系,java.txt,0.832,rule_pattern_sentence_level
Runnable,implemented_by,继承,线程与并发实体,面向对象核心实体,创建线程的方式：继承Thread类、实现Runnable接口、实现Callable接口（配合FutureTask）,实现关系,java.txt,0.83,rule_pattern_sentence_level
extends,is_a,单继承,关键字与修饰符实体,面向对象核心实体,继承使用extends关键字，Java是单继承，一个类只能有一个直接父类,上下位关系,java.txt,0.826,rule_pattern_sentence_level
元注解,used_for,注解,领域实体,领域实体,元注解（用于注解的注解）：@Retention、@Target、@Documented、@Inherited,用途关系,java.txt,0.822,rule_pattern_sentence_level
接口,implemented_by,抽象类,数据类型实体,数据类型实体,一个类只能继承一个抽象类，但可以实现多个接口,实现关系,java.txt,0.822,rule_pattern_sentence_level
Object,is_a,对象,面向对象核心实体,面向对象核心实体,类（Class）和对象（Object）的关系：类是对象的模板，对象是类的实例,上下位关系,java.txt,0.818,rule_pattern_sentence_level
String,is_a,immutable,数组与字符串实体,数组与字符串实体,String类是不可变的（immutable），任何修改都会产生新对象,上下位关系,java.txt,0.818,rule_pattern_sentence_level
接口,implemented_by,Thread,数据类型实体,线程与并发实体,创建线程的方式：继承Thread类、实现Runnable接口、实现Callable接口（配合FutureTask）,实现关系,java.txt,0.818,rule_pattern_sentence_level
HashSet,depends_on,HashMap,集合框架实体,集合框架实体,Set的实现类：HashSet（无序，基于HashMap）、LinkedHashSet（有序）、TreeSet（排序，基于红黑树）,依赖关系,java.txt,0.814,rule_pattern_sentence_level
TreeSet,depends_on,红黑树,集合框架实体,集合框架实体,Set的实现类：HashSet（无序，基于HashMap）、LinkedHashSet（有序）、TreeSet（排序，基于红黑树）,依赖关系,java.txt,0.814,rule_pattern_sentence_level
接口,implemented_by,Runnable,数据类型实体,线程与并发实体,创建线程的方式：继承Thread类、实现Runnable接口、实现Callable接口（配合FutureTask）,实现关系,java.txt,0.812,rule_pattern_sentence_level
接口,implemented_by,interface,数据类型实体,关键字与修饰符实体,接口使用interface关键字，一个类可以实现多个接口（implements）,实现关系,java.txt,0.812,rule_pattern_sentence_level
接口,implemented_by,继承,数据类型实体,面向对象核心实体,一个类只能继承一个抽象类，但可以实现多个接口,实现关系,java.txt,0.812,rule_pattern_sentence_level
Java,extends,父类,领域实体,数据类型实体,继承使用extends关键字，Java是单继承，一个类只能有一个直接父类,继承关系,java.txt,0.81,rule_pattern_sentence_level
互斥锁,implemented_by,实例,线程与并发实体,面向对象核心实体,synchronized关键字：修饰实例方法、静态方法、代码块，实现互斥锁,实现关系,java.txt,0.806,rule_pattern_sentence_level
Error,is_a,父类,异常处理实体,数据类型实体,Throwable是顶级父类，下面分为Error（严重错误，不可处理）和Exception（可处理）,上位包含关系,java.txt,0.8,rule_pattern_sentence_level
Throwable,is_a,Error,异常处理实体,异常处理实体,Throwable是顶级父类，下面分为Error（严重错误，不可处理）和Exception（可处理）,上下位关系,java.txt,0.8,rule_pattern_sentence_level
元注解,used_for,@Retention,领域实体,注解实体,元注解（用于注解的注解）：@Retention、@Target、@Documented、@Inherited,用途关系,java.txt,0.8,rule_pattern_sentence_level
数组,implemented_by,List,数据类型实体,集合框架实体,List的实现类：ArrayList（数组结构，查询快增删慢）、LinkedList（链表结构，增删快查询慢）、Vector（线程安全，较少用）,实现关系,java.txt,0.8,rule_pattern_sentence_level
局部变量,is_a,变量,变量与成员实体,变量与成员实体,变量分为局部变量、成员变量（实例变量）和静态变量（类变量）,上位包含关系,java.txt,0.798,rule_pattern_sentence_level
FutureTask,implemented_by,接口,线程与并发实体,数据类型实体,创建线程的方式：继承Thread类、实现Runnable接口、实现Callable接口（配合FutureTask）,实现关系,java.txt,0.794,rule_pattern_sentence_level
Checked Exception,is_a,Exception,异常处理实体,异常处理实体,Exception分为：Checked Exception（编译时异常，必须处理）和Unchecked Exception（运行时异常，不强制处理）,上位包含关系,java.txt,0.792,rule_pattern_sentence_level
byte,is_a,基本数据类型,数据类型实体,数据类型实体,基本数据类型包括：byte、short、int、long、float、double、char、boolean,上位包含关系,java.txt,0.792,rule_pattern_sentence_level
Java,is_a,父类,领域实体,数据类型实体,继承使用extends关键字，Java是单继承，一个类只能有一个直接父类,上下位关系,java.txt,0.79,rule_pattern_sentence_level
接口,is_a,abstract,数据类型实体,关键字与修饰符实体,接口：所有方法默认是public abstract（Java 8后可以有默认方法和静态方法），字段默认是public static final,上下位关系,java.txt,0.79,rule_pattern_sentence_level
抽象方法,is_a,abstract,抽象类与接口实体,关键字与修饰符实体,抽象类：使用abstract修饰，可以包含抽象方法和具体方法，不能实例化,上位包含关系,java.txt,0.788,rule_pattern_sentence_level
接口,is_a,引用数据类型,数据类型实体,数据类型实体,引用数据类型包括：类、接口、数组、枚举、注解,上位包含关系,java.txt,0.78,rule_pattern_sentence_level
构造方法,used_for,初始化,面向对象核心实体,JVM 与内存管理实体,构造方法：与类同名，没有返回值，用于初始化对象,用途关系,java.txt,0.776,rule_pattern_sentence_level
implements,implemented_by,interface,关键字与修饰符实体,关键字与修饰符实体,接口使用interface关键字，一个类可以实现多个接口（implements）,实现关系,java.txt,0.774,rule_pattern_sentence_level
基本数据类型,has_part,byte,数据类型实体,数据类型实体,基本数据类型包括：byte、short、int、long、float、double、char、boolean,整体部分关系,java.txt,0.772,rule_pattern_sentence_level
Callable,implemented_by,Thread,线程与并发实体,线程与并发实体,创建线程的方式：继承Thread类、实现Runnable接口、实现Callable接口（配合FutureTask）,实现关系,java.txt,0.768,rule_pattern_sentence_level
abstract,has_part,抽象方法,关键字与修饰符实体,抽象类与接口实体,抽象类：使用abstract修饰，可以包含抽象方法和具体方法，不能实例化,整体部分关系,java.txt,0.768,rule_pattern_sentence_level
成员变量,is_a,变量,变量与成员实体,变量与成员实体,变量分为局部变量、成员变量（实例变量）和静态变量（类变量）,上位包含关系,java.txt,0.768,rule_pattern_sentence_level
FutureTask,implemented_by,Runnable,线程与并发实体,线程与并发实体,创建线程的方式：继承Thread类、实现Runnable接口、实现Callable接口（配合FutureTask）,实现关系,java.txt,0.762,rule_pattern_sentence_level
HashMap,implemented_by,Set,集合框架实体,集合框架实体,Set的实现类：HashSet（无序，基于HashMap）、LinkedHashSet（有序）、TreeSet（排序，基于红黑树）,实现关系,java.txt,0.762,rule_pattern_sentence_level
extends,extends,父类,关键字与修饰符实体,数据类型实体,继承使用extends关键字，Java是单继承，一个类只能有一个直接父类,继承关系,java.txt,0.762,rule_pattern_sentence_level
short,is_a,基本数据类型,数据类型实体,数据类型实体,基本数据类型包括：byte、short、int、long、float、double、char、boolean,上位包含关系,java.txt,0.762,rule_pattern_sentence_level
数组,is_a,引用数据类型,数据类型实体,数据类型实体,引用数据类型包括：类、接口、数组、枚举、注解,上位包含关系,java.txt,0.762,rule_pattern_sentence_level
HashSet,depends_on,LinkedHashSet,集合框架实体,集合框架实体,Set的实现类：HashSet（无序，基于HashMap）、LinkedHashSet（有序）、TreeSet（排序，基于红黑树）,依赖关系,java.txt,0.76,rule_pattern_sentence_level
引用数据类型,has_part,接口,数据类型实体,数据类型实体,引用数据类型包括：类、接口、数组、枚举、注解,整体部分关系,java.txt,0.76,rule_pattern_sentence_level
具体方法,is_a,abstract,抽象类与接口实体,关键字与修饰符实体,抽象类：使用abstract修饰，可以包含抽象方法和具体方法，不能实例化,上位包含关系,java.txt,0.758,rule_pattern_sentence_level
Callable,implemented_by,继承,线程与并发实体,面向对象核心实体,创建线程的方式：继承Thread类、实现Runnable接口、实现Callable接口（配合FutureTask）,实现关系,java.txt,0.752,rule_pattern_sentence_level
Class,is_a,对象,面向对象核心实体,面向对象核心实体,类（Class）和对象（Object）的关系：类是对象的模板，对象是类的实例,上下位关系,java.txt,0.752,rule_pattern_sentence_level
Object,is_a,实例,面向对象核心实体,面向对象核心实体,类（Class）和对象（Object）的关系：类是对象的模板，对象是类的实例,上下位关系,java.txt,0.752,rule_pattern_sentence_level
继承,is_a,单继承,面向对象核心实体,面向对象核心实体,继承使用extends关键字，Java是单继承，一个类只能有一个直接父类,上下位关系,java.txt,0.752,rule_pattern_sentence_level
Error,is_a,Throwable,异常处理实体,异常处理实体,Throwable是顶级父类，下面分为Error（严重错误，不可处理）和Exception（可处理）,上位包含关系,java.txt,0.75,rule_pattern_sentence_level
Java,is_a,public,领域实体,关键字与修饰符实体,接口：所有方法默认是public abstract（Java 8后可以有默认方法和静态方法），字段默认是public static final,上下位关系,java.txt,0.748,rule_pattern_sentence_level
注解,is_a,引用数据类型,领域实体,数据类型实体,引用数据类型包括：类、接口、数组、枚举、注解,上位包含关系,java.txt,0.746,rule_pattern_sentence_level
枚举,is_a,引用数据类型,数据类型实体,数据类型实体,引用数据类型包括：类、接口、数组、枚举、注解,上位包含关系,java.txt,0.744,rule_pattern_sentence_level
LinkedHashSet,depends_on,红黑树,集合框架实体,集合框架实体,Set的实现类：HashSet（无序，基于HashMap）、LinkedHashSet（有序）、TreeSet（排序，基于红黑树）,依赖关系,java.txt,0.742,rule_pattern_sentence_level
Set,depends_on,HashMap,集合框架实体,集合框架实体,Set的实现类：HashSet（无序，基于HashMap）、LinkedHashSet（有序）、TreeSet（排序，基于红黑树）,依赖关系,java.txt,0.742,rule_pattern_sentence_level
extends,is_a,父类,关键字与修饰符实体,数据类型实体,继承使用extends关键字，Java是单继承，一个类只能有一个直接父类,上下位关系,java.txt,0.742,rule_pattern_sentence_level
基本数据类型,has_part,short,数据类型实体,数据类型实体,基本数据类型包括：byte、short、int、long、float、double、char、boolean,整体部分关系,java.txt,0.742,rule_pattern_sentence_level
引用数据类型,has_part,数组,数据类型实体,数据类型实体,引用数据类型包括：类、接口、数组、枚举、注解,整体部分关系,java.txt,0.742,rule_pattern_sentence_level
abstract,has_part,具体方法,关键字与修饰符实体,抽象类与接口实体,抽象类：使用abstract修饰，可以包含抽象方法和具体方法，不能实例化,整体部分关系,java.txt,0.738,rule_pattern_sentence_level
互斥锁,implemented_by,synchronized,线程与并发实体,线程与并发实体,synchronized关键字：修饰实例方法、静态方法、代码块，实现互斥锁,实现关系,java.txt,0.738,rule_pattern_sentence_level
实例变量,is_a,变量,变量与成员实体,变量与成员实体,变量分为局部变量、成员变量（实例变量）和静态变量（类变量）,上位包含关系,java.txt,0.738,rule_pattern_sentence_level
构造方法,used_for,对象,面向对象核心实体,面向对象核心实体,构造方法：与类同名，没有返回值，用于初始化对象,用途关系,java.txt,0.738,rule_pattern_sentence_level
接口,is_a,Java,数据类型实体,领域实体,接口：所有方法默认是public abstract（Java 8后可以有默认方法和静态方法），字段默认是public static final,上下位关系,java.txt,0.736,rule_pattern_sentence_level
元注解,used_for,@Target,领域实体,注解实体,元注解（用于注解的注解）：@Retention、@Target、@Documented、@Inherited,用途关系,java.txt,0.734,rule_pattern_sentence_level
implements,implemented_by,接口,关键字与修饰符实体,数据类型实体,接口使用interface关键字，一个类可以实现多个接口（implements）,实现关系,java.txt,0.728,rule_pattern_sentence_level
int,is_a,基本数据类型,数据类型实体,数据类型实体,基本数据类型包括：byte、short、int、long、float、double、char、boolean,上位包含关系,java.txt,0.726,rule_pattern_sentence_level
引用数据类型,has_part,注解,数据类型实体,领域实体,引用数据类型包括：类、接口、数组、枚举、注解,整体部分关系,java.txt,0.726,rule_pattern_sentence_level
标记-清除,is_a,GC,JVM 与内存管理实体,JVM 与内存管理实体,垃圾回收（GC）：主要回收堆内存，算法包括标记-清除、复制、标记-整理、分代收集,上位包含关系,java.txt,0.726,rule_pattern_sentence_level
引用数据类型,has_part,枚举,数据类型实体,数据类型实体,引用数据类型包括：类、接口、数组、枚举、注解,整体部分关系,java.txt,0.724,rule_pattern_sentence_level
抽象方法,is_a,抽象类,抽象类与接口实体,数据类型实体,抽象类：使用abstract修饰，可以包含抽象方法和具体方法，不能实例化,上位包含关系,java.txt,0.722,rule_pattern_sentence_level
Annotation,is_a,解析,注解实体,JVM 与内存管理实体,注解（Annotation）是一种元数据，不直接影响代码逻辑，但可以被工具或框架解析,上下位关系,java.txt,0.718,rule_pattern_sentence_level
String,is_a,对象,数组与字符串实体,面向对象核心实体,String类是不可变的（immutable），任何修改都会产生新对象,上下位关系,java.txt,0.718,rule_pattern_sentence_level
实例,is_a,abstract,面向对象核心实体,关键字与修饰符实体,抽象类：使用abstract修饰，可以包含抽象方法和具体方法，不能实例化,上位包含关系,java.txt,0.716,rule_pattern_sentence_level
Hashtable,implemented_by,Map,集合框架实体,集合框架实体,Map的实现类：HashMap（无序，允许null键值）、Hashtable（线程安全，不允许null）、TreeMap（有序）、LinkedHashMap（保持插入顺序）,实现关系,java.txt,0.714,rule_pattern_sentence_level
finally,is_a,JVM退出,异常处理实体,异常处理实体,finally块通常用于释放资源，无论是否发生异常都会执行（除非JVM退出）,上下位关系,java.txt,0.71,rule_pattern_sentence_level
LinkedHashSet,implemented_by,Set,集合框架实体,集合框架实体,Set的实现类：HashSet（无序，基于HashMap）、LinkedHashSet（有序）、TreeSet（排序，基于红黑树）,实现关系,java.txt,0.708,rule_pattern_sentence_level
标记-清除,is_a,垃圾回收,JVM 与内存管理实体,JVM 与内存管理实体,垃圾回收（GC）：主要回收堆内存，算法包括标记-清除、复制、标记-整理、分代收集,上位包含关系,java.txt,0.708,rule_pattern_sentence_level
继承,extends,父类,面向对象核心实体,数据类型实体,继承使用extends关键字，Java是单继承，一个类只能有一个直接父类,继承关系,java.txt,0.708,rule_pattern_sentence_level
GC,has_part,标记-清除,JVM 与内存管理实体,JVM 与内存管理实体,垃圾回收（GC）：主要回收堆内存，算法包括标记-清除、复制、标记-整理、分代收集,整体部分关系,java.txt,0.706,rule_pattern_sentence_level
Java,is_a,static,领域实体,关键字与修饰符实体,接口：所有方法默认是public abstract（Java 8后可以有默认方法和静态方法），字段默认是public static final,上下位关系,java.txt,0.706,rule_pattern_sentence_level
基本数据类型,has_part,int,数据类型实体,数据类型实体,基本数据类型包括：byte、short、int、long、float、double、char、boolean,整体部分关系,java.txt,0.706,rule_pattern_sentence_level
LinkedList,implemented_by,List,集合框架实体,集合框架实体,List的实现类：ArrayList（数组结构，查询快增删慢）、LinkedList（链表结构，增删快查询慢）、Vector（线程安全，较少用）,实现关系,java.txt,0.702,rule_pattern_sentence_level
long,is_a,基本数据类型,数据类型实体,数据类型实体,基本数据类型包括：byte、short、int、long、float、double、char、boolean,上位包含关系,java.txt,0.702,rule_pattern_sentence_level
抽象类,has_part,抽象方法,数据类型实体,抽象类与接口实体,抽象类：使用abstract修饰，可以包含抽象方法和具体方法，不能实例化,整体部分关系,java.txt,0.702,rule_pattern_sentence_level
静态变量,is_a,变量,变量与成员实体,变量与成员实体,变量分为局部变量、成员变量（实例变量）和静态变量（类变量）,上位包含关系,java.txt,0.702,rule_pattern_sentence_level
Exception,is_a,父类,异常处理实体,数据类型实体,Throwable是顶级父类，下面分为Error（严重错误，不可处理）和Exception（可处理）,上位包含关系,java.txt,0.698,rule_pattern_sentence_level
Throwable,is_a,Exception,异常处理实体,异常处理实体,Throwable是顶级父类，下面分为Error（严重错误，不可处理）和Exception（可处理）,上下位关系,java.txt,0.698,rule_pattern_sentence_level
abstract,is_a,public,关键字与修饰符实体,关键字与修饰符实体,接口：所有方法默认是public abstract（Java 8后可以有默认方法和静态方法），字段默认是public static final,上下位关系,java.txt,0.698,rule_pattern_sentence_level
abstract,has_part,实例,关键字与修饰符实体,面向对象核心实体,抽象类：使用abstract修饰，可以包含抽象方法和具体方法，不能实例化,整体部分关系,java.txt,0.696,rule_pattern_sentence_level
具体方法,is_a,抽象类,抽象类与接口实体,数据类型实体,抽象类：使用abstract修饰，可以包含抽象方法和具体方法，不能实例化,上位包含关系,java.txt,0.692,rule_pattern_sentence_level
类变量,is_a,变量,数据类型实体,变量与成员实体,变量分为局部变量、成员变量（实例变量）和静态变量（类变量）,上位包含关系,java.txt,0.692,rule_pattern_sentence_level
FutureTask,implemented_by,Thread,线程与并发实体,线程与并发实体,创建线程的方式：继承Thread类、实现Runnable接口、实现Callable接口（配合FutureTask）,实现关系,java.txt,0.69,rule_pattern_sentence_level
FutureTask,implemented_by,继承,线程与并发实体,面向对象核心实体,创建线程的方式：继承Thread类、实现Runnable接口、实现Callable接口（配合FutureTask）,实现关系,java.txt,0.69,rule_pattern_sentence_level
finally,used_for,JVM退出,异常处理实体,异常处理实体,finally块通常用于释放资源，无论是否发生异常都会执行（除非JVM退出）,用途关系,java.txt,0.69,rule_pattern_sentence_level
复制,is_a,GC,JVM 与内存管理实体,JVM 与内存管理实体,垃圾回收（GC）：主要回收堆内存，算法包括标记-清除、复制、标记-整理、分代收集,上位包含关系,java.txt,0.69,rule_pattern_sentence_level
线程,implemented_by,Map,线程与并发实体,集合框架实体,Map的实现类：HashMap（无序，允许null键值）、Hashtable（线程安全，不允许null）、TreeMap（有序）、LinkedHashMap（保持插入顺序）,实现关系,java.txt,0.69,rule_pattern_sentence_level
Set,depends_on,LinkedHashSet,集合框架实体,集合框架实体,Set的实现类：HashSet（无序，基于HashMap）、LinkedHashSet（有序）、TreeSet（排序，基于红黑树）,依赖关系,java.txt,0.688,rule_pattern_sentence_level
垃圾回收,has_part,标记-清除,JVM 与内存管理实体,JVM 与内存管理实体,垃圾回收（GC）：主要回收堆内存，算法包括标记-清除、复制、标记-整理、分代收集,整体部分关系,java.txt,0.688,rule_pattern_sentence_level
继承,is_a,父类,面向对象核心实体,数据类型实体,继承使用extends关键字，Java是单继承，一个类只能有一个直接父类,上下位关系,java.txt,0.688,rule_pattern_sentence_level
Class,is_a,实例,面向对象核心实体,面向对象核心实体,类（Class）和对象（Object）的关系：类是对象的模板，对象是类的实例,上下位关系,java.txt,0.686,rule_pattern_sentence_level
元注解,used_for,@Documented,领域实体,注解实体,元注解（用于注解的注解）：@Retention、@Target、@Documented、@Inherited,用途关系,java.txt,0.686,rule_pattern_sentence_level
基本数据类型,has_part,long,数据类型实体,数据类型实体,基本数据类型包括：byte、short、int、long、float、double、char、boolean,整体部分关系,java.txt,0.682,rule_pattern_sentence_level
Java,is_a,final,领域实体,关键字与修饰符实体,接口：所有方法默认是public abstract（Java 8后可以有默认方法和静态方法），字段默认是public static final,上下位关系,java.txt,0.68,rule_pattern_sentence_level
接口,is_a,默认方法,数据类型实体,抽象类与接口实体,接口：所有方法默认是public abstract（Java 8后可以有默认方法和静态方法），字段默认是public static final,上下位关系,java.txt,0.68,rule_pattern_sentence_level
float,is_a,基本数据类型,数据类型实体,数据类型实体,基本数据类型包括：byte、short、int、long、float、double、char、boolean,上位包含关系,java.txt,0.672,rule_pattern_sentence_level
复制,is_a,垃圾回收,JVM 与内存管理实体,JVM 与内存管理实体,垃圾回收（GC）：主要回收堆内存，算法包括标记-清除、复制、标记-整理、分代收集,上位包含关系,java.txt,0.672,rule_pattern_sentence_level
抽象类,has_part,具体方法,数据类型实体,抽象类与接口实体,抽象类：使用abstract修饰，可以包含抽象方法和具体方法，不能实例化,整体部分关系,java.txt,0.672,rule_pattern_sentence_level
标记-整理,is_a,GC,JVM 与内存管理实体,JVM 与内存管理实体,垃圾回收（GC）：主要回收堆内存，算法包括标记-清除、复制、标记-整理、分代收集,上位包含关系,java.txt,0.672,rule_pattern_sentence_level
GC,has_part,复制,JVM 与内存管理实体,JVM 与内存管理实体,垃圾回收（GC）：主要回收堆内存，算法包括标记-清除、复制、标记-整理、分代收集,整体部分关系,java.txt,0.67,rule_pattern_sentence_level
abstract,is_a,static,关键字与修饰符实体,关键字与修饰符实体,接口：所有方法默认是public abstract（Java 8后可以有默认方法和静态方法），字段默认是public static final,上下位关系,java.txt,0.66,rule_pattern_sentence_level
元注解,used_for,@Inherited,领域实体,注解实体,元注解（用于注解的注解）：@Retention、@Target、@Documented、@Inherited,用途关系,java.txt,0.66,rule_pattern_sentence_level
标记-整理,is_a,垃圾回收,JVM 与内存管理实体,JVM 与内存管理实体,垃圾回收（GC）：主要回收堆内存，算法包括标记-清除、复制、标记-整理、分代收集,上位包含关系,java.txt,0.654,rule_pattern_sentence_level
GC,has_part,标记-整理,JVM 与内存管理实体,JVM 与内存管理实体,垃圾回收（GC）：主要回收堆内存，算法包括标记-清除、复制、标记-整理、分代收集,整体部分关系,java.txt,0.652,rule_pattern_sentence_level
HashMap,depends_on,红黑树,集合框架实体,集合框架实体,Set的实现类：HashSet（无序，基于HashMap）、LinkedHashSet（有序）、TreeSet（排序，基于红黑树）,依赖关系,java.txt,0.652,rule_pattern_sentence_level
HashSet,depends_on,TreeSet,集合框架实体,集合框架实体,Set的实现类：HashSet（无序，基于HashMap）、LinkedHashSet（有序）、TreeSet（排序，基于红黑树）,依赖关系,java.txt,0.652,rule_pattern_sentence_level
垃圾回收,has_part,复制,JVM 与内存管理实体,JVM 与内存管理实体,垃圾回收（GC）：主要回收堆内存，算法包括标记-清除、复制、标记-整理、分代收集,整体部分关系,java.txt,0.652,rule_pattern_sentence_level
基本数据类型,has_part,float,数据类型实体,数据类型实体,基本数据类型包括：byte、short、int、long、float、double、char、boolean,整体部分关系,java.txt,0.652,rule_pattern_sentence_level
实例,is_a,抽象类,面向对象核心实体,数据类型实体,抽象类：使用abstract修饰，可以包含抽象方法和具体方法，不能实例化,上位包含关系,java.txt,0.65,rule_pattern_sentence_level
Exception,is_a,Throwable,异常处理实体,异常处理实体,Throwable是顶级父类，下面分为Error（严重错误，不可处理）和Exception（可处理）,上位包含关系,java.txt,0.648,rule_pattern_sentence_level
double,is_a,基本数据类型,数据类型实体,数据类型实体,基本数据类型包括：byte、short、int、long、float、double、char、boolean,上位包含关系,java.txt,0.636,rule_pattern_sentence_level
分代收集,is_a,GC,JVM 与内存管理实体,JVM 与内存管理实体,垃圾回收（GC）：主要回收堆内存，算法包括标记-清除、复制、标记-整理、分代收集,上位包含关系,java.txt,0.636,rule_pattern_sentence_level
垃圾回收,has_part,标记-整理,JVM 与内存管理实体,JVM 与内存管理实体,垃圾回收（GC）：主要回收堆内存，算法包括标记-清除、复制、标记-整理、分代收集,整体部分关系,java.txt,0.634,rule_pattern_sentence_level
抽象类,has_part,实例,数据类型实体,面向对象核心实体,抽象类：使用abstract修饰，可以包含抽象方法和具体方法，不能实例化,整体部分关系,java.txt,0.63,rule_pattern_sentence_level
分代收集,is_a,垃圾回收,JVM 与内存管理实体,JVM 与内存管理实体,垃圾回收（GC）：主要回收堆内存，算法包括标记-清除、复制、标记-整理、分代收集,上位包含关系,java.txt,0.618,rule_pattern_sentence_level
GC,has_part,分代收集,JVM 与内存管理实体,JVM 与内存管理实体,垃圾回收（GC）：主要回收堆内存，算法包括标记-清除、复制、标记-整理、分代收集,整体部分关系,java.txt,0.616,rule_pattern_sentence_level
基本数据类型,has_part,double,数据类型实体,数据类型实体,基本数据类型包括：byte、short、int、long、float、double、char、boolean,整体部分关系,java.txt,0.616,rule_pattern_sentence_level
Unchecked Exception,is_a,Exception,异常处理实体,异常处理实体,Exception分为：Checked Exception（编译时异常，必须处理）和Unchecked Exception（运行时异常，不强制处理）,上位包含关系,java.txt,0.612,rule_pattern_sentence_level
boolean,is_a,基本数据类型,数据类型实体,数据类型实体,基本数据类型包括：byte、short、int、long、float、double、char、boolean,上位包含关系,java.txt,0.61,rule_pattern_sentence_level
char,is_a,基本数据类型,数据类型实体,数据类型实体,基本数据类型包括：byte、short、int、long、float、double、char、boolean,上位包含关系,java.txt,0.61,rule_pattern_sentence_level
垃圾回收,has_part,分代收集,JVM 与内存管理实体,JVM 与内存管理实体,垃圾回收（GC）：主要回收堆内存，算法包括标记-清除、复制、标记-整理、分代收集,整体部分关系,java.txt,0.598,rule_pattern_sentence_level
基本数据类型,has_part,boolean,数据类型实体,数据类型实体,基本数据类型包括：byte、short、int、long、float、double、char、boolean,整体部分关系,java.txt,0.59,rule_pattern_sentence_level
基本数据类型,has_part,char,数据类型实体,数据类型实体,基本数据类型包括：byte、short、int、long、float、double、char、boolean,整体部分关系,java.txt,0.59,rule_pattern_sentence_level
标记阶段,alias_of,GC Roots,垃圾回收算法实体,垃圾回收核心概念实体,标记阶段，即从GC Roots集合开始，标记活跃对象,别名关系,JVM.txt,0.952,rule_pattern_sentence_level
Full GC,alias_of,Major GC,垃圾回收核心概念实体,垃圾回收核心概念实体,老年代中的对象生命周期较长，因此Major GC（也称为Full GC，涉及老年代的垃圾回收）发生的频率相对较低，但其执行时间通常比Minor GC长,别名关系,JVM.txt,0.926,rule_pattern_sentence_level
Minor GC,alias_of,Young GC,垃圾回收核心概念实体,垃圾回收核心概念实体,根据其作用范围和触发条件的不同，可以将GC分为三种类型：Minor GC（也称为Young GC）、Major GC（有时也称为Old GC）、以及Full GC,别名关系,JVM.txt,0.926,rule_pattern_sentence_level
gc,alias_of,Major GC,领域实体,垃圾回收核心概念实体,根据其作用范围和触发条件的不同，可以将GC分为三种类型：Minor GC（也称为Young GC）、Major GC（有时也称为Old GC）、以及Full GC,别名关系,JVM.txt,0.91,rule_pattern_sentence_level
老年代,alias_of,Major GC,堆结构实体,垃圾回收核心概念实体,老年代中的对象生命周期较长，因此Major GC（也称为Full GC，涉及老年代的垃圾回收）发生的频率相对较低，但其执行时间通常比Minor GC长,别名关系,JVM.txt,0.886,rule_pattern_sentence_level
加载,is_a,扩展类加载器,类加载过程实体,领域实体,系统类加载器的父加载器是扩展类加载器,上下位关系,JVM.txt,0.868,rule_pattern_sentence_level
Minor GC,alias_of,Major GC,垃圾回收核心概念实体,垃圾回收核心概念实体,根据其作用范围和触发条件的不同，可以将GC分为三种类型：Minor GC（也称为Young GC）、Major GC（有时也称为Old GC）、以及Full GC,别名关系,JVM.txt,0.866,rule_pattern_sentence_level
StackOverFlowError,is_a,JVM,异常与错误实体,领域实体,栈溢出（java.lang.StackOverflowError）是 JVM 中另一种常见的内存错误，和堆溢出的原理与场景截然不同,上下位关系,JVM.txt,0.862,rule_pattern_sentence_level
gc,is_a,线程,领域实体,线程与私有性相关实体,Serial GC 是单线程回收，简单但效率低，适合小内存应用,上下位关系,JVM.txt,0.862,rule_pattern_sentence_level
初始化,is_a,类加载过程,类加载过程实体,领域实体,初始化：初始化是整个类加载过程的最后一个阶段，初始化阶段简单来说就是执行类的构造器方法（() ），要注意的是这里的构造器方法()并不是开发者写的，而是编译器自动生成的,上下位关系,JVM.txt,0.862,rule_pattern_sentence_level
初始标记阶段,is_a,GC Roots,垃圾回收算法实体,垃圾回收核心概念实体,初始标记阶段：初始标记阶段是指从GC Roots出发标记全部直接子节点的过程，该阶段是STW的,上下位关系,JVM.txt,0.862,rule_pattern_sentence_level
加载,is_a,启动类加载器,类加载过程实体,领域实体,扩展类加载器由启动类加载器加载，并且父加载器就是启动类加载器,上下位关系,JVM.txt,0.862,rule_pattern_sentence_level
垃圾回收,alias_of,Major GC,领域实体,垃圾回收核心概念实体,老年代中的对象生命周期较长，因此Major GC（也称为Full GC，涉及老年代的垃圾回收）发生的频率相对较低，但其执行时间通常比Minor GC长,别名关系,JVM.txt,0.862,rule_pattern_sentence_level
G1,implemented_by,JVM,垃圾回收器实体,领域实体,大对象区（Large Object Space / Humongous Objects）:在某些JVM实现中（如G1垃圾收集器），为大对象分配了专门的区域，称为大对象区或Humongous Objects区域,实现关系,JVM.txt,0.86,rule_pattern_sentence_level
CMS,is_a,使用,垃圾回收器实体,类加载过程实体,CMS收集器是使用“标记-清除”算法进行的垃圾回收，容易产生内存碎片,上下位关系,JVM.txt,0.856,rule_pattern_sentence_level
CMS,is_a,老年代,垃圾回收器实体,堆结构实体,CMS收集器是老年代的收集器，可以配合新生代的Serial和ParNew收集器一起使用,上下位关系,JVM.txt,0.856,rule_pattern_sentence_level
Java 堆,is_a,使用,内存区域实体,类加载过程实体,元空间并不在Java堆中，而是使用本地内存，这解决了永久代容易出现的内存溢出问题,上下位关系,JVM.txt,0.856,rule_pattern_sentence_level
gc,alias_of,Young GC,领域实体,垃圾回收核心概念实体,根据其作用范围和触发条件的不同，可以将GC分为三种类型：Minor GC（也称为Young GC）、Major GC（有时也称为Old GC）、以及Full GC,别名关系,JVM.txt,0.856,rule_pattern_sentence_level
引用计数法,implemented_by,垃圾回收,垃圾回收核心概念实体,领域实体,在Java中，判断对象是否为垃圾（即不再被使用，可以被垃圾回收器回收）主要依据两种主流的垃圾回收算法来实现：引用计数法和可达性分析算法,实现关系,JVM.txt,0.854,rule_pattern_sentence_level
String,is_a,Extension ClassLoader,对象与字符串相关实体,类加载器实体,具体来说，Java 的类加载器有一套默认的层级结构：最顶层是Bootstrap ClassLoader（启动类加载器，负责加载 JDK 核心类，如java.lang.String），往下是Extension ClassLoader（扩展类加载器，加载 JDK 扩展目录的类），再往下是AppClassLoader（应用类加载器，加载我们自己写的类和第三方 jar 包），我们也可以自定义类加载器，放在最下层,上下位关系,JVM.txt,0.85,rule_pattern_sentence_level
并发标记,is_a,GC Roots,垃圾回收算法实体,垃圾回收核心概念实体,并发标记阶段：并发标记阶段是指从GC Roots开始对堆中对象进行可达性分析，找出存活对象,上下位关系,JVM.txt,0.85,rule_pattern_sentence_level
方法区,is_a,类信息,内存区域实体,方法区与元数据相关实体,方法区（Method Area）： 方法区是用于存储类信息、常量、静态变量等数据的区域,上下位关系,JVM.txt,0.85,rule_pattern_sentence_level
直接内存,is_a,JVM,内存区域实体,领域实体,直接内存：不属于 JVM 运行时数据区的一部分，通过 NIO 类引入，是一种堆外内存，可以显著提高 I/O 性能,上下位关系,JVM.txt,0.85,rule_pattern_sentence_level
内存溢出,is_a,Java 虚拟机,领域实体,领域实体,内存溢出：内存溢出是指Java虚拟机（JVM）在申请内存时，无法找到足够的内存，最终引发OutOfMemoryError,上下位关系,JVM.txt,0.848,rule_pattern_sentence_level
Java heap space,is_a,堆内存溢,异常与错误实体,内存区域实体,堆内存溢出：当出现Java.lang.OutOfMemoryError:Java heap space异常时，就是堆内存溢出了,上下位关系,JVM.txt,0.844,rule_pattern_sentence_level
Serial,is_a,线程,垃圾回收器实体,线程与私有性相关实体,Serial GC 是单线程回收，简单但效率低，适合小内存应用,上下位关系,JVM.txt,0.844,rule_pattern_sentence_level
栈溢出,is_a,方法调用,场景与问题实体,栈与栈帧相关实体,总的来说，栈溢出的核心原因是方法调用栈深度超过了栈内存限制，解决时应优先从代码逻辑（尤其是递归）入手，而非单纯调大栈内存,上下位关系,JVM.txt,0.844,rule_pattern_sentence_level
gc,alias_of,JVM,领域实体,领域实体,直接调用System.gc()或Runtime.getRuntime().gc()方法时，虽然不能保证立即执行，但JVM会尝试执行Full GC,别名关系,JVM.txt,0.842,rule_pattern_sentence_level
双亲委派,is_a,类加载机制,领域实体,领域实体,Java 中的 “双亲委派” 是类加载机制的核心原则，简单说就是 「一个类加载器要加载类时，先让父加载器去尝试加载，只有父加载器加载不了，自己才会去加载」,上下位关系,JVM.txt,0.842,rule_pattern_sentence_level
Java 堆,is_a,Java 虚拟机,内存区域实体,领域实体,Java堆（Heap）是Java虚拟机（JVM）中内存管理的一个重要区域，主要用于存放对象实例和数组,上下位关系,JVM.txt,0.838,rule_pattern_sentence_level
ParNew,is_a,新生代,垃圾回收器实体,堆结构实体,标记-复制算法应用在CMS新生代（ParNew是CMS默认的新生代垃圾回收器）和G1垃圾回收器中,上下位关系,JVM.txt,0.838,rule_pattern_sentence_level
解析,is_a,常量池,类加载过程实体,方法区与元数据相关实体,解析：解析阶段是虚拟机将常量池的「符号引用」直接替换为「直接引用」的过程,上下位关系,JVM.txt,0.838,rule_pattern_sentence_level
符号引用,is_a,直接引用,方法区与元数据相关实体,方法区与元数据相关实体,符号引用：存储类和方法的符号引用，是一种直接引用不同于直接引用的引用类型,上下位关系,JVM.txt,0.836,rule_pattern_sentence_level
G1,is_a,Java 堆,垃圾回收器实体,内存区域实体,此外，G1收集器不同于之前的收集器的一个重要特点是：G1回收的范围是整个Java堆(包括新生代，老年代)，而前六种收集器回收的范围仅限于新生代或老年代,上下位关系,JVM.txt,0.832,rule_pattern_sentence_level
G1,is_a,垃圾回收,垃圾回收器实体,领域实体,而G1没有浮动垃圾，G1的筛选回收是多个垃圾回收线程并行gc的，没有浮动垃圾的回收，在执行‘并发清理’步骤时，用户线程也会同时产生一部分可回收对象，但是这部分可回收对象只能在下次执行清理是才会被回收,上下位关系,JVM.txt,0.832,rule_pattern_sentence_level
G1,is_a,老年代,垃圾回收器实体,堆结构实体,G1收集器收集范围是老年代和新生代,上下位关系,JVM.txt,0.832,rule_pattern_sentence_level
NIO,is_a,堆外内存,工具与排查实体,内存区域实体,直接内存：不属于 JVM 运行时数据区的一部分，通过 NIO 类引入，是一种堆外内存，可以显著提高 I/O 性能,上下位关系,JVM.txt,0.832,rule_pattern_sentence_level
新生代,is_a,CMS,堆结构实体,垃圾回收器实体,标记-复制算法应用在CMS新生代（ParNew是CMS默认的新生代垃圾回收器）和G1垃圾回收器中,上下位关系,JVM.txt,0.832,rule_pattern_sentence_level
程序计数器,is_a,线程,内存区域实体,线程与私有性相关实体,程序计数器：可以看作是当前线程所执行的字节码的行号指示器，用于存储当前线程正在执行的 Java 方法的 JVM 指令地址,上下位关系,JVM.txt,0.832,rule_pattern_sentence_level
符号引用,is_a,加载,方法区与元数据相关实体,类加载过程实体,类加载检查：虚拟机遇到一条 new 指令时，首先将去检查这个指令的参数是否能在常量池中定位到一个类的符号引用，并且检查这个符号引用代表的类是否已被加载过、解析和初始化过,上下位关系,JVM.txt,0.832,rule_pattern_sentence_level
常量池缓存,used_for,类加载,方法区与元数据相关实体,领域实体,常量池缓存：用于提升类加载的效率，将常用的常量缓存起来方便使用,用途关系,JVM.txt,0.83,rule_pattern_sentence_level
方法区,used_for,类信息,内存区域实体,方法区与元数据相关实体,方法区（Method Area）： 方法区是用于存储类信息、常量、静态变量等数据的区域,用途关系,JVM.txt,0.83,rule_pattern_sentence_level
线程,is_a,Native 方法,线程与私有性相关实体,线程与私有性相关实体,如果线程执行的是 Native 方法，计数器值为 null,上下位关系,JVM.txt,0.83,rule_pattern_sentence_level
方法区,is_a,常量,内存区域实体,方法区与元数据相关实体,方法区（Method Area）： 方法区是用于存储类信息、常量、静态变量等数据的区域,上下位关系,JVM.txt,0.826,rule_pattern_sentence_level
Java 堆,is_a,本地内存,内存区域实体,内存区域实体,元空间并不在Java堆中，而是使用本地内存，这解决了永久代容易出现的内存溢出问题,上下位关系,JVM.txt,0.824,rule_pattern_sentence_level
ParNew,is_a,垃圾回收,垃圾回收器实体,领域实体,标记-复制算法应用在CMS新生代（ParNew是CMS默认的新生代垃圾回收器）和G1垃圾回收器中,上下位关系,JVM.txt,0.82,rule_pattern_sentence_level
新生代,is_a,Serial,堆结构实体,垃圾回收器实体,ParNew收集器 (复制算法): 新生代收并行集器，实际上是Serial收集器的多线程版本，在多核CPU环境下有着比Serial更好的表现,上下位关系,JVM.txt,0.82,rule_pattern_sentence_level
直接引用,is_a,指针,方法区与元数据相关实体,栈与栈帧相关实体,直接引用可以是直接指向目标的指针、相对偏移量或是一个能间接定位到目标的句柄，直接引用是和虚拟机实现的内存布局相关的,上下位关系,JVM.txt,0.82,rule_pattern_sentence_level
元空间,used_for,类的元数据信息,内存区域实体,方法区与元数据相关实体,元空间（Metaspace）:从Java 8开始，永久代（Permanent Generation）被元空间取代，用于存储类的元数据信息，如类的结构信息（如字段、方法信息等）,用途关系,JVM.txt,0.818,rule_pattern_sentence_level
双亲委派模型,is_a,类加载,领域实体,领域实体,再来谈谈双亲委派模型，简单说就是当类加载器（Class-Loader）试图加载某个类型的时候，除非父加载器找不到相应类型，否则尽量将这个任务代理给当前加载器的父加载器去做,上下位关系,JVM.txt,0.818,rule_pattern_sentence_level
可达性分析,implemented_by,垃圾回收,垃圾回收核心概念实体,领域实体,在Java中，判断对象是否为垃圾（即不再被使用，可以被垃圾回收器回收）主要依据两种主流的垃圾回收算法来实现：引用计数法和可达性分析算法,实现关系,JVM.txt,0.818,rule_pattern_sentence_level
深度递归,causes,栈溢出,场景与问题实体,场景与问题实体,递归调用：深度递归导致栈溢出,因果关系,JVM.txt,0.818,rule_pattern_sentence_level
类加载,is_a,扩展类加载器,领域实体,领域实体,系统类加载器的父加载器是扩展类加载器,上下位关系,JVM.txt,0.818,rule_pattern_sentence_level
堆溢出,is_a,大对象,内存区域实体,对象与字符串相关实体,堆溢出通常是由于创建了太多的大对象或未能及时回收不再使用的对象,上下位关系,JVM.txt,0.814,rule_pattern_sentence_level
浮动垃圾,is_a,垃圾回收,垃圾回收核心概念实体,领域实体,而G1没有浮动垃圾，G1的筛选回收是多个垃圾回收线程并行gc的，没有浮动垃圾的回收，在执行‘并发清理’步骤时，用户线程也会同时产生一部分可回收对象，但是这部分可回收对象只能在下次执行清理是才会被回收,上下位关系,JVM.txt,0.814,rule_pattern_sentence_level
类加载,causes,元空间,领域实体,内存区域实体,出现这个异常的问题的原因是系统的代码非常多或引用的第三方包非常多或者通过动态代码生成类加载等方法，导致元空间的内存占用很大,因果关系,JVM.txt,0.814,rule_pattern_sentence_level
类加载,is_a,加载,领域实体,类加载过程实体,这些类加载器之间的关系形成了双亲委派模型，其核心思想是当一个类加载器收到类加载的请求时，首先不会自己去尝试加载这个类，而是把这个请求委派给父类加载器去完成，每一层次的类加载器都是如此，因此所有的加载请求最终都应该传送到顶层的启动类加载器中,上下位关系,JVM.txt,0.814,rule_pattern_sentence_level
G1,implemented_by,Humongous Objects,垃圾回收器实体,堆结构实体,大对象区（Large Object Space / Humongous Objects）:在某些JVM实现中（如G1垃圾收集器），为大对象分配了专门的区域，称为大对象区或Humongous Objects区域,实现关系,JVM.txt,0.812,rule_pattern_sentence_level
ThreadLocalMap,is_a,ThreadLocal,代码与容器实体,代码与容器实体,ThreadLocal的实现中，每个Thread维护一个ThreadLocalMap映射表，key是ThreadLocal实例本身，value是真正需要存储的Object,上下位关系,JVM.txt,0.812,rule_pattern_sentence_level
新生代,is_a,Java 堆,堆结构实体,内存区域实体,此外，G1收集器不同于之前的收集器的一个重要特点是：G1回收的范围是整个Java堆(包括新生代，老年代)，而前六种收集器回收的范围仅限于新生代或老年代,上位包含关系,JVM.txt,0.812,rule_pattern_sentence_level
直接内存,is_a,本地内存,内存区域实体,内存区域实体,还有一部分内存叫直接内存，属于操作系统的本地内存，也是可以直接操作的,上下位关系,JVM.txt,0.812,rule_pattern_sentence_level
栈帧,used_for,局部变量表,栈与栈帧相关实体,栈与栈帧相关实体,每个方法在执行时都会创建一个栈帧，用于存储局部变量表、操作数栈、动态链接、方法出口等信息,用途关系,JVM.txt,0.81,rule_pattern_sentence_level
G1,is_a,新生代,垃圾回收器实体,堆结构实体,G1收集器收集范围是老年代和新生代,上下位关系,JVM.txt,0.808,rule_pattern_sentence_level
G1,is_a,线程,垃圾回收器实体,线程与私有性相关实体,而G1没有浮动垃圾，G1的筛选回收是多个垃圾回收线程并行gc的，没有浮动垃圾的回收，在执行‘并发清理’步骤时，用户线程也会同时产生一部分可回收对象，但是这部分可回收对象只能在下次执行清理是才会被回收,上下位关系,JVM.txt,0.808,rule_pattern_sentence_level
Java 虚拟机,is_a,VerifyError,领域实体,异常与错误实体,验证（Verification），这是虚拟机安全的重要保障，JVM 需要核验字节信息是符合 Java 虚拟机规范的，否则就被认为是 VerifyError，这样就防止了恶意信息或者不合规的信息危害 JVM 的运行，验证阶段有可能触发更多 class 的加载,上下位关系,JVM.txt,0.808,rule_pattern_sentence_level
元空间,is_a,使用,内存区域实体,类加载过程实体,元空间并不在Java堆中，而是使用本地内存，这解决了永久代容易出现的内存溢出问题,上下位关系,JVM.txt,0.808,rule_pattern_sentence_level
内存泄漏,is_a,使用,领域实体,类加载过程实体,内存泄露：内存泄漏是指程序在运行过程中不再使用的对象仍然被引用，而无法被垃圾收集器回收，从而导致可用内存逐渐减少,上下位关系,JVM.txt,0.808,rule_pattern_sentence_level
内存碎片,causes,大对象,场景与问题实体,对象与字符串相关实体,大对象通常需要连续的内存空间，如果在新生代中频繁分配和回收大对象，容易产生内存碎片，导致后续分配大对象时可能因为内存不连续而失败,因果关系,JVM.txt,0.808,rule_pattern_sentence_level
方法区,is_a,静态变量,内存区域实体,方法区与元数据相关实体,方法区（Method Area）： 方法区是用于存储类信息、常量、静态变量等数据的区域,上下位关系,JVM.txt,0.808,rule_pattern_sentence_level
栈溢出,is_a,局部变量,场景与问题实体,栈与栈帧相关实体,当栈溢出时，通常是因为递归过深或局部变量过大,上下位关系,JVM.txt,0.808,rule_pattern_sentence_level
符号引用,is_a,解析,方法区与元数据相关实体,类加载过程实体,类加载检查：虚拟机遇到一条 new 指令时，首先将去检查这个指令的参数是否能在常量池中定位到一个类的符号引用，并且检查这个符号引用代表的类是否已被加载过、解析和初始化过,上下位关系,JVM.txt,0.808,rule_pattern_sentence_level
类加载,is_a,Class 对象,领域实体,类加载过程实体,一个类由哪个类加载器加载，这个信息是存储在Class对象里的,上下位关系,JVM.txt,0.808,rule_pattern_sentence_level
解析,is_a,符号引用,类加载过程实体,方法区与元数据相关实体,解析：解析阶段是虚拟机将常量池的「符号引用」直接替换为「直接引用」的过程,上下位关系,JVM.txt,0.808,rule_pattern_sentence_level
加载,is_a,Class 对象,类加载过程实体,类加载过程实体,一个类由哪个类加载器加载，这个信息是存储在Class对象里的,上下位关系,JVM.txt,0.806,rule_pattern_sentence_level
方法区,used_for,常量,内存区域实体,方法区与元数据相关实体,方法区（Method Area）： 方法区是用于存储类信息、常量、静态变量等数据的区域,用途关系,JVM.txt,0.806,rule_pattern_sentence_level
ThreadLocal,used_for,key,代码与容器实体,代码与容器实体,ThreadLocalMap使用ThreadLocal的弱引用作为key，如果一个ThreadLocal没有外部强引用来引用它，那么系统GC时，这个ThreadLocal势必会被回收，这样一来，ThreadLocalMap中就会出现key为null的Entry，就没有办法访问这些key为null的Entry的value,用途关系,JVM.txt,0.804,rule_pattern_sentence_level
分代回收,is_a,新生代,垃圾回收核心概念实体,堆结构实体,分代回收算法：分代收集是将内存划分成了新生代和老年代,上下位关系,JVM.txt,0.802,rule_pattern_sentence_level
加载阶段,is_a,自定义类加载器,类加载过程实体,领域实体,加载阶段是用户参与的阶段，我们可以自定义类加载器，去实现自己的类加载过程,上下位关系,JVM.txt,0.802,rule_pattern_sentence_level
并发标记,is_a,STW,垃圾回收算法实体,垃圾回收核心概念实体,并发标记耗时相对长很多，但因为不是STW，所以我们不太关心该阶段耗时的长短,上下位关系,JVM.txt,0.802,rule_pattern_sentence_level
虚拟机栈,causes,栈溢出,内存区域实体,场景与问题实体,如果递归没有正确的终止条件，栈帧会不断累积，最终超过虚拟机栈的最大容量，导致栈溢出,因果关系,JVM.txt,0.802,rule_pattern_sentence_level
内存溢出,is_a,JVM,领域实体,领域实体,内存溢出：内存溢出是指Java虚拟机（JVM）在申请内存时，无法找到足够的内存，最终引发OutOfMemoryError,上下位关系,JVM.txt,0.8,rule_pattern_sentence_level
大对象,implemented_by,JVM,对象与字符串相关实体,领域实体,大对象区（Large Object Space / Humongous Objects）:在某些JVM实现中（如G1垃圾收集器），为大对象分配了专门的区域，称为大对象区或Humongous Objects区域,实现关系,JVM.txt,0.8,rule_pattern_sentence_level
弱引用可,used_for,使用,引用类型实体,类加载过程实体,对象池：在对象池中，弱引用可以用来管理那些暂时不使用的对象,用途关系,JVM.txt,0.8,rule_pattern_sentence_level
虚拟机栈,is_a,GC Roots,内存区域实体,垃圾回收核心概念实体,GC Roots对象包括：虚拟机栈（栈帧中的本地变量表）中引用的对象、方法区中类静态属性引用的对象、本地方法栈中JNI（Java Native Interface）引用的对象、活跃线程的引用等,上位包含关系,JVM.txt,0.8,rule_pattern_sentence_level
new 指令,is_a,加载,对象与字符串相关实体,类加载过程实体,首先，我们看到这个代码中有一个new关键字，我们知道new指令是创建一个类的实例对象并完成加载初始化的，因此这个字符串对象是在运行期才能确定的，创建的字符串对象是在堆内存上,上下位关系,JVM.txt,0.796,rule_pattern_sentence_level
value,causes,内存泄漏,代码与容器实体,领域实体,如果当前线程迟迟不结束的话，这些key为null的Entry的value就会一直存在一条强引用链：Thread Ref -> Thread -> ThreaLocalMap -> Entry -> value永远无法回收，造成内存泄漏,因果关系,JVM.txt,0.796,rule_pattern_sentence_level
指令地址,is_a,线程,线程与私有性相关实体,线程与私有性相关实体,每个线程都有自己的程序计数器，因为它们各自执行的代码的指令地址是不一样的呀，所以每个线程都应该有自己的程序计数器,上下位关系,JVM.txt,0.794,rule_pattern_sentence_level
Java 堆,has_part,新生代,内存区域实体,堆结构实体,此外，G1收集器不同于之前的收集器的一个重要特点是：G1回收的范围是整个Java堆(包括新生代，老年代)，而前六种收集器回收的范围仅限于新生代或老年代,整体部分关系,JVM.txt,0.792,rule_pattern_sentence_level
Java 堆,is_a,JVM,内存区域实体,领域实体,Java堆（Heap）是Java虚拟机（JVM）中内存管理的一个重要区域，主要用于存放对象实例和数组,上下位关系,JVM.txt,0.79,rule_pattern_sentence_level
加载,is_a,类加载,类加载过程实体,领域实体,这些类加载器之间的关系形成了双亲委派模型，其核心思想是当一个类加载器收到类加载的请求时，首先不会自己去尝试加载这个类，而是把这个请求委派给父类加载器去完成，每一层次的类加载器都是如此，因此所有的加载请求最终都应该传送到顶层的启动类加载器中,上下位关系,JVM.txt,0.79,rule_pattern_sentence_level
弱引用,is_a,对象引用,引用类型实体,栈与栈帧相关实体,弱引用的一个主要用途是创建非强制性的对象引用，这些引用可以在内存压力大时被垃圾回收器清理，从而避免内存泄露,上下位关系,JVM.txt,0.79,rule_pattern_sentence_level
新生代,is_a,线程,堆结构实体,线程与私有性相关实体,Serial收集器（复制算法): 新生代单线程收集器，标记和清理都是单线程，优点是简单高效,上下位关系,JVM.txt,0.79,rule_pattern_sentence_level
浮动垃圾,is_a,线程,垃圾回收核心概念实体,线程与私有性相关实体,而G1没有浮动垃圾，G1的筛选回收是多个垃圾回收线程并行gc的，没有浮动垃圾的回收，在执行‘并发清理’步骤时，用户线程也会同时产生一部分可回收对象，但是这部分可回收对象只能在下次执行清理是才会被回收,上下位关系,JVM.txt,0.79,rule_pattern_sentence_level
符号引用,is_a,初始化,方法区与元数据相关实体,类加载过程实体,类加载检查：虚拟机遇到一条 new 指令时，首先将去检查这个指令的参数是否能在常量池中定位到一个类的符号引用，并且检查这个符号引用代表的类是否已被加载过、解析和初始化过,上下位关系,JVM.txt,0.79,rule_pattern_sentence_level
Minor GC,is_a,gc,垃圾回收核心概念实体,领域实体,根据其作用范围和触发条件的不同，可以将GC分为三种类型：Minor GC（也称为Young GC）、Major GC（有时也称为Old GC）、以及Full GC,上位包含关系,JVM.txt,0.788,rule_pattern_sentence_level
使用,used_for,JVM,类加载过程实体,领域实体,使用弱引用来维护缓存，可以让JVM在需要更多内存时自动清理这些缓存对象,用途关系,JVM.txt,0.788,rule_pattern_sentence_level
使用,is_a,加载,类加载过程实体,类加载过程实体,使用委派模型的目的是避免重复加载 Java 类型,上下位关系,JVM.txt,0.788,rule_pattern_sentence_level
对象头,is_a,初始化,对象与字符串相关实体,类加载过程实体,初始化零值：内存分配完成后，虚拟机需要将分配到的内存空间都初始化为零值（不包括对象头），这一步操作保证了对象的实例字段在 Java 代码中可以不赋初始值就直接使用，程序能访问到这些字段的数据类型所对应的零值,上位包含关系,JVM.txt,0.788,rule_pattern_sentence_level
方法区,used_for,静态变量,内存区域实体,方法区与元数据相关实体,方法区（Method Area）： 方法区是用于存储类信息、常量、静态变量等数据的区域,用途关系,JVM.txt,0.788,rule_pattern_sentence_level
老年代,is_a,Java 堆,堆结构实体,内存区域实体,此外，G1收集器不同于之前的收集器的一个重要特点是：G1回收的范围是整个Java堆(包括新生代，老年代)，而前六种收集器回收的范围仅限于新生代或老年代,上位包含关系,JVM.txt,0.788,rule_pattern_sentence_level
Eden 区,is_a,新生代,堆结构实体,堆结构实体,从内存回收角度，堆被划分为新生代和老年代，新生代又分为 Eden 区和两个 Survivor 区（From Survivor 和 To Survivor）,上位包含关系,JVM.txt,0.786,rule_pattern_sentence_level
CMS,is_a,新生代,垃圾回收器实体,堆结构实体,CMS收集器是老年代的收集器，可以配合新生代的Serial和ParNew收集器一起使用,上下位关系,JVM.txt,0.784,rule_pattern_sentence_level
G1,is_a,gc,垃圾回收器实体,领域实体,而G1没有浮动垃圾，G1的筛选回收是多个垃圾回收线程并行gc的，没有浮动垃圾的回收，在执行‘并发清理’步骤时，用户线程也会同时产生一部分可回收对象，但是这部分可回收对象只能在下次执行清理是才会被回收,上下位关系,JVM.txt,0.784,rule_pattern_sentence_level
new 指令,is_a,初始化,对象与字符串相关实体,类加载过程实体,首先，我们看到这个代码中有一个new关键字，我们知道new指令是创建一个类的实例对象并完成加载初始化的，因此这个字符串对象是在运行期才能确定的，创建的字符串对象是在堆内存上,上下位关系,JVM.txt,0.784,rule_pattern_sentence_level
复制算法,is_a,Serial,垃圾回收算法实体,垃圾回收器实体,ParNew收集器 (复制算法): 新生代收并行集器，实际上是Serial收集器的多线程版本，在多核CPU环境下有着比Serial更好的表现,上下位关系,JVM.txt,0.784,rule_pattern_sentence_level
类加载,is_a,Bootstrap ClassLoader,领域实体,类加载器实体,具体来说，Java 的类加载器有一套默认的层级结构：最顶层是Bootstrap ClassLoader（启动类加载器，负责加载 JDK 核心类，如java.lang.String），往下是Extension ClassLoader（扩展类加载器，加载 JDK 扩展目录的类），再往下是AppClassLoader（应用类加载器，加载我们自己写的类和第三方 jar 包），我们也可以自定义类加载器，放在最下层,上下位关系,JVM.txt,0.784,rule_pattern_sentence_level
JVM,is_a,Java 虚拟机,领域实体,领域实体,验证（Verification），这是虚拟机安全的重要保障，JVM 需要核验字节信息是符合 Java 虚拟机规范的，否则就被认为是 VerifyError，这样就防止了恶意信息或者不合规的信息危害 JVM 的运行，验证阶段有可能触发更多 class 的加载,上下位关系,JVM.txt,0.782,rule_pattern_sentence_level
幻影引用,is_a,PhantomReference,引用类型实体,引用类型实体,虚引用也被称作幻影引用，是最弱的引用关系，可以用PhantomReference来描述，他必须和ReferenceQueue一起使用，同样的当发生GC的时候，虚引用也会被回收,上下位关系,JVM.txt,0.782,rule_pattern_sentence_level
GC Roots,has_part,虚拟机栈,垃圾回收核心概念实体,内存区域实体,GC Roots对象包括：虚拟机栈（栈帧中的本地变量表）中引用的对象、方法区中类静态属性引用的对象、本地方法栈中JNI（Java Native Interface）引用的对象、活跃线程的引用等,整体部分关系,JVM.txt,0.78,rule_pattern_sentence_level
CMS,is_a,垃圾回收,垃圾回收器实体,领域实体,CMS产生浮动垃圾过多时会退化为serial old，效率低，因为在上图的第四阶段，CMS清除垃圾时是并发清除的，这个时候，垃圾回收线程和用户线程同时工作会产生浮动垃圾，也就意味着CMS垃圾回收器必须预留一部分内存空间用于存放浮动垃圾,上下位关系,JVM.txt,0.778,rule_pattern_sentence_level
G1,is_a,转移阶段,垃圾回收器实体,垃圾回收算法实体,因此，G1停顿时间的瓶颈主要是标记-复制中的转移阶段STW,上下位关系,JVM.txt,0.778,rule_pattern_sentence_level
分代回收,is_a,老年代,垃圾回收核心概念实体,堆结构实体,分代回收算法：分代收集是将内存划分成了新生代和老年代,上下位关系,JVM.txt,0.778,rule_pattern_sentence_level
垃圾回收,is_a,使用,领域实体,类加载过程实体,垃圾回收机制的主要目标是自动检测和回收不再使用的对象，从而释放它们所占用的内存空间,上下位关系,JVM.txt,0.778,rule_pattern_sentence_level
复制算法,is_a,CMS,垃圾回收算法实体,垃圾回收器实体,标记-复制算法应用在CMS新生代（ParNew是CMS默认的新生代垃圾回收器）和G1垃圾回收器中,上下位关系,JVM.txt,0.778,rule_pattern_sentence_level
新生代,is_a,垃圾回收,堆结构实体,领域实体,标记-复制算法应用在CMS新生代（ParNew是CMS默认的新生代垃圾回收器）和G1垃圾回收器中,上下位关系,JVM.txt,0.778,rule_pattern_sentence_level
元空间,is_a,本地内存,内存区域实体,内存区域实体,元空间并不在Java堆中，而是使用本地内存，这解决了永久代容易出现的内存溢出问题,上下位关系,JVM.txt,0.776,rule_pattern_sentence_level
虚拟机栈,is_a,JVM,内存区域实体,领域实体,根据 JDK 8 规范，JVM 运行时内存共分为虚拟机栈、堆、元空间、程序计数器、本地方法栈五个部分,上位包含关系,JVM.txt,0.776,rule_pattern_sentence_level
栈帧,used_for,操作数栈,栈与栈帧相关实体,栈与栈帧相关实体,每个方法在执行时都会创建一个栈帧，用于存储局部变量表、操作数栈、动态链接、方法出口等信息,用途关系,JVM.txt,0.774,rule_pattern_sentence_level
弱引用,is_a,垃圾回收,引用类型实体,领域实体,Java中的弱引用是一种引用类型，它不会阻止一个对象被垃圾回收,上下位关系,JVM.txt,0.772,rule_pattern_sentence_level
垃圾回收,is_a,System.gc,领域实体,领域实体,手动请求：虽然垃圾回收是自动的，开发者可以通过调用 System.gc() 或 Runtime.getRuntime().gc() 建议 JVM 进行垃圾回收,上下位关系,JVM.txt,0.77,rule_pattern_sentence_level
栈帧,is_a,GC Roots,栈与栈帧相关实体,垃圾回收核心概念实体,GC Roots对象包括：虚拟机栈（栈帧中的本地变量表）中引用的对象、方法区中类静态属性引用的对象、本地方法栈中JNI（Java Native Interface）引用的对象、活跃线程的引用等,上位包含关系,JVM.txt,0.77,rule_pattern_sentence_level
类加载机制,is_a,类加载,领域实体,领域实体,Java 中的 “双亲委派” 是类加载机制的核心原则，简单说就是 「一个类加载器要加载类时，先让父加载器去尝试加载，只有父加载器加载不了，自己才会去加载」,上下位关系,JVM.txt,0.77,rule_pattern_sentence_level
线程共享,used_for,对象实例,线程与私有性相关实体,对象与字符串相关实体,Java 堆：是 JVM 中最大的一块内存区域，被所有线程共享，在虚拟机启动时创建，用于存放对象实例,用途关系,JVM.txt,0.77,rule_pattern_sentence_level
Java 堆,has_part,老年代,内存区域实体,堆结构实体,此外，G1收集器不同于之前的收集器的一个重要特点是：G1回收的范围是整个Java堆(包括新生代，老年代)，而前六种收集器回收的范围仅限于新生代或老年代,整体部分关系,JVM.txt,0.768,rule_pattern_sentence_level
ThreadLocalMap,implemented_by,ThreadLocal,代码与容器实体,代码与容器实体,ThreadLocal的实现中，每个Thread维护一个ThreadLocalMap映射表，key是ThreadLocal实例本身，value是真正需要存储的Object,实现关系,JVM.txt,0.768,rule_pattern_sentence_level
初始化,has_part,对象头,类加载过程实体,对象与字符串相关实体,初始化零值：内存分配完成后，虚拟机需要将分配到的内存空间都初始化为零值（不包括对象头），这一步操作保证了对象的实例字段在 Java 代码中可以不赋初始值就直接使用，程序能访问到这些字段的数据类型所对应的零值,整体部分关系,JVM.txt,0.768,rule_pattern_sentence_level
List,causes,堆溢出,代码与容器实体,内存区域实体,举个例子：曾遇到过一个批量处理任务，代码中把所有处理结果都存到了一个静态 List 里，导致对象越积越多，最终堆溢出,因果关系,JVM.txt,0.766,rule_pattern_sentence_level
gc,is_a,可达性分析,领域实体,垃圾回收核心概念实体,总的来说，GC 机制的核心是 「自动管理内存」，通过可达性分析判断垃圾，结合分代思想和不同算法，再由具体的回收器实现，最终目的是在保证程序正常运行的前提下，高效释放内存，减少对用户线程的影响,上下位关系,JVM.txt,0.766,rule_pattern_sentence_level
new 指令,is_a,常量池,对象与字符串相关实体,方法区与元数据相关实体,类加载检查：虚拟机遇到一条 new 指令时，首先将去检查这个指令的参数是否能在常量池中定位到一个类的符号引用，并且检查这个符号引用代表的类是否已被加载过、解析和初始化过,上下位关系,JVM.txt,0.766,rule_pattern_sentence_level
value,is_a,线程,代码与容器实体,线程与私有性相关实体,第二，不要使用ThreadLocal.set(null) 的方式清除value，它实际上并没有清除值，而是查找与当前线程关联的Map并将键值对分别设置为当前线程和null,上下位关系,JVM.txt,0.766,rule_pattern_sentence_level
垃圾回收,is_a,常量,领域实体,方法区与元数据相关实体,虽然方法区中的垃圾回收与堆有所不同，但是同样存在对不再需要的常量、无用的类信息等进行清理的过程,上下位关系,JVM.txt,0.766,rule_pattern_sentence_level
大对象,causes,新生代,对象与字符串相关实体,堆结构实体,如果将大对象分配到新生代，可能会很快导致新生代空间不足，从而频繁触发 Minor GC,因果关系,JVM.txt,0.766,rule_pattern_sentence_level
浮动垃圾,is_a,gc,垃圾回收核心概念实体,领域实体,而G1没有浮动垃圾，G1的筛选回收是多个垃圾回收线程并行gc的，没有浮动垃圾的回收，在执行‘并发清理’步骤时，用户线程也会同时产生一部分可回收对象，但是这部分可回收对象只能在下次执行清理是才会被回收,上下位关系,JVM.txt,0.766,rule_pattern_sentence_level
JVM内存模型,used_for,线程,领域实体,线程与私有性相关实体,在JVM内存模型中，栈（Stack）主要用于管理线程的局部变量和方法调用的上下文，而堆（Heap）则是用于存储所有类的实例和数组,用途关系,JVM.txt,0.764,rule_pattern_sentence_level
OutOfMemoryError,implemented_by,方法区,异常与错误实体,内存区域实体,方法区可以选择不实现垃圾收集，内存不足时会抛出 OutOfMemoryError 异常,实现关系,JVM.txt,0.764,rule_pattern_sentence_level
ThreadLocal,used_for,gc,代码与容器实体,领域实体,ThreadLocalMap使用ThreadLocal的弱引用作为key，如果一个ThreadLocal没有外部强引用来引用它，那么系统GC时，这个ThreadLocal势必会被回收，这样一来，ThreadLocalMap中就会出现key为null的Entry，就没有办法访问这些key为null的Entry的value,用途关系,JVM.txt,0.764,rule_pattern_sentence_level
垃圾回收,used_for,浮动垃圾,领域实体,垃圾回收核心概念实体,CMS产生浮动垃圾过多时会退化为serial old，效率低，因为在上图的第四阶段，CMS清除垃圾时是并发清除的，这个时候，垃圾回收线程和用户线程同时工作会产生浮动垃圾，也就意味着CMS垃圾回收器必须预留一部分内存空间用于存放浮动垃圾,用途关系,JVM.txt,0.764,rule_pattern_sentence_level
对象池,used_for,使用,场景与问题实体,类加载过程实体,对象池：在对象池中，弱引用可以用来管理那些暂时不使用的对象,用途关系,JVM.txt,0.764,rule_pattern_sentence_level
标记阶段,is_a,G1,垃圾回收算法实体,垃圾回收器实体,G1的混合回收过程可以分为标记阶段、清理阶段和复制阶段,上位包含关系,JVM.txt,0.764,rule_pattern_sentence_level
Eden 区,is_a,老年代,堆结构实体,堆结构实体,从内存回收角度，堆被划分为新生代和老年代，新生代又分为 Eden 区和两个 Survivor 区（From Survivor 和 To Survivor）,上位包含关系,JVM.txt,0.762,rule_pattern_sentence_level
Full GC,is_a,线程,垃圾回收核心概念实体,线程与私有性相关实体,特点：Full GC是最昂贵的操作，因为它需要停止所有的工作线程（Stop The World），遍历整个堆内存来查找和回收不再使用的对象，因此应尽量减少Full GC的触发,上下位关系,JVM.txt,0.76,rule_pattern_sentence_level
StackOverFlowError,is_a,堆溢出,异常与错误实体,内存区域实体,栈溢出（java.lang.StackOverflowError）是 JVM 中另一种常见的内存错误，和堆溢出的原理与场景截然不同,上下位关系,JVM.txt,0.76,rule_pattern_sentence_level
指令地址,is_a,程序计数器,线程与私有性相关实体,内存区域实体,每个线程都有自己的程序计数器，因为它们各自执行的代码的指令地址是不一样的呀，所以每个线程都应该有自己的程序计数器,上下位关系,JVM.txt,0.76,rule_pattern_sentence_level
类加载机制,is_a,加载,领域实体,类加载过程实体,Java 中的 “双亲委派” 是类加载机制的核心原则，简单说就是 「一个类加载器要加载类时，先让父加载器去尝试加载，只有父加载器加载不了，自己才会去加载」,上下位关系,JVM.txt,0.76,rule_pattern_sentence_level
ParNew,is_a,G1,垃圾回收器实体,垃圾回收器实体,标记-复制算法应用在CMS新生代（ParNew是CMS默认的新生代垃圾回收器）和G1垃圾回收器中,上下位关系,JVM.txt,0.758,rule_pattern_sentence_level
key,is_a,value,代码与容器实体,代码与容器实体,ThreadLocal的实现中，每个Thread维护一个ThreadLocalMap映射表，key是ThreadLocal实例本身，value是真正需要存储的Object,上下位关系,JVM.txt,0.758,rule_pattern_sentence_level
使用,used_for,key,类加载过程实体,代码与容器实体,ThreadLocalMap使用ThreadLocal的弱引用作为key，如果一个ThreadLocal没有外部强引用来引用它，那么系统GC时，这个ThreadLocal势必会被回收，这样一来，ThreadLocalMap中就会出现key为null的Entry，就没有办法访问这些key为null的Entry的value,用途关系,JVM.txt,0.758,rule_pattern_sentence_level
弱引用,is_a,WeakReference,引用类型实体,引用类型实体,在Java中，弱引用是通过Java.lang.ref.WeakReference类实现的,上下位关系,JVM.txt,0.758,rule_pattern_sentence_level
方法区,used_for,字面量,内存区域实体,对象与字符串相关实体,运行时常量池：是方法区的一部分，用于存放编译期生成的各种字面量和符号引用，具有动态性，运行时也可将新的常量放入池中,用途关系,JVM.txt,0.758,rule_pattern_sentence_level
符号引用,is_a,常量,方法区与元数据相关实体,方法区与元数据相关实体,常量池：存储类和接口中的常量，包括字面值常量、符号引用，以及运行时常量池,上位包含关系,JVM.txt,0.756,rule_pattern_sentence_level
CMS,is_a,线程,垃圾回收器实体,线程与私有性相关实体,CMS产生浮动垃圾过多时会退化为serial old，效率低，因为在上图的第四阶段，CMS清除垃圾时是并发清除的，这个时候，垃圾回收线程和用户线程同时工作会产生浮动垃圾，也就意味着CMS垃圾回收器必须预留一部分内存空间用于存放浮动垃圾,上下位关系,JVM.txt,0.754,rule_pattern_sentence_level
G1,is_a,STW,垃圾回收器实体,垃圾回收核心概念实体,因此，G1停顿时间的瓶颈主要是标记-复制中的转移阶段STW,上下位关系,JVM.txt,0.754,rule_pattern_sentence_level
Java 堆,is_a,线程共享,内存区域实体,线程与私有性相关实体,Java 堆：是 JVM 中最大的一块内存区域，被所有线程共享，在虚拟机启动时创建，用于存放对象实例,上下位关系,JVM.txt,0.754,rule_pattern_sentence_level
复制算法,is_a,使用,垃圾回收算法实体,类加载过程实体,复制算法的原理是，将内存分成两块，每次申请内存时都使用其中的一块，当内存不够时，将这一块内存中所有存活的复制到另一块上,上下位关系,JVM.txt,0.754,rule_pattern_sentence_level
复制算法,is_a,线程,垃圾回收算法实体,线程与私有性相关实体,Serial收集器（复制算法): 新生代单线程收集器，标记和清理都是单线程，优点是简单高效,上下位关系,JVM.txt,0.754,rule_pattern_sentence_level
Java 虚拟机栈,used_for,局部变量表,领域实体,栈与栈帧相关实体,栈帧创建：在调用一个方法前，JVM会在当前线程的Java虚拟机栈中为该方法分配一个新的栈帧，用于存储局部变量表、操作数栈、动态链接、方法出口等信息,用途关系,JVM.txt,0.752,rule_pattern_sentence_level
大对象,implemented_by,Humongous Objects,对象与字符串相关实体,堆结构实体,大对象区（Large Object Space / Humongous Objects）:在某些JVM实现中（如G1垃圾收集器），为大对象分配了专门的区域，称为大对象区或Humongous Objects区域,实现关系,JVM.txt,0.752,rule_pattern_sentence_level
大对象,is_a,数组,对象与字符串相关实体,对象与字符串相关实体,大对象是指需要大量连续内存空间的对象，如大数组,上下位关系,JVM.txt,0.752,rule_pattern_sentence_level
扩展类加载器,is_a,启动类加载器,领域实体,领域实体,扩展类加载器由启动类加载器加载，并且父加载器就是启动类加载器,上下位关系,JVM.txt,0.752,rule_pattern_sentence_level
GC Roots,has_part,栈帧,垃圾回收核心概念实体,栈与栈帧相关实体,GC Roots对象包括：虚拟机栈（栈帧中的本地变量表）中引用的对象、方法区中类静态属性引用的对象、本地方法栈中JNI（Java Native Interface）引用的对象、活跃线程的引用等,整体部分关系,JVM.txt,0.75,rule_pattern_sentence_level
G1,is_a,浮动垃圾,垃圾回收器实体,垃圾回收核心概念实体,而G1没有浮动垃圾，G1的筛选回收是多个垃圾回收线程并行gc的，没有浮动垃圾的回收，在执行‘并发清理’步骤时，用户线程也会同时产生一部分可回收对象，但是这部分可回收对象只能在下次执行清理是才会被回收,上下位关系,JVM.txt,0.748,rule_pattern_sentence_level
OutOfMemoryError,is_a,堆内存溢,异常与错误实体,内存区域实体,堆内存溢出：当出现Java.lang.OutOfMemoryError:Java heap space异常时，就是堆内存溢出了,上下位关系,JVM.txt,0.748,rule_pattern_sentence_level
gc,is_a,使用,领域实体,类加载过程实体,Java 的 GC（垃圾回收）简单说就是 「自动识别并回收不再使用的对象，释放内存空间」，避免内存泄漏,上下位关系,JVM.txt,0.748,rule_pattern_sentence_level
并发标记,is_a,可达性分析,垃圾回收算法实体,垃圾回收核心概念实体,并发标记阶段：并发标记阶段是指从GC Roots开始对堆中对象进行可达性分析，找出存活对象,上下位关系,JVM.txt,0.748,rule_pattern_sentence_level
指针,is_a,直接引用,栈与栈帧相关实体,方法区与元数据相关实体,直接引用可以是直接指向目标的指针、相对偏移量或是一个能间接定位到目标的句柄，直接引用是和虚拟机实现的内存布局相关的,上下位关系,JVM.txt,0.748,rule_pattern_sentence_level
老年代,causes,内存碎片,堆结构实体,场景与问题实体,这类对象直接分配在老年代，以避免因频繁的年轻代晋升而导致的内存碎片化问题,因果关系,JVM.txt,0.748,rule_pattern_sentence_level
运行时常量池,is_a,字面量,内存区域实体,对象与字符串相关实体,运行时常量池：是方法区的一部分，用于存放编译期生成的各种字面量和符号引用，具有动态性，运行时也可将新的常量放入池中,上下位关系,JVM.txt,0.748,rule_pattern_sentence_level
GC Roots,is_a,STW,垃圾回收核心概念实体,垃圾回收核心概念实体,初始标记阶段：初始标记阶段是指从GC Roots出发标记全部直接子节点的过程，该阶段是STW的,上下位关系,JVM.txt,0.746,rule_pattern_sentence_level
JVM内存模型,used_for,局部变量,领域实体,栈与栈帧相关实体,在JVM内存模型中，栈（Stack）主要用于管理线程的局部变量和方法调用的上下文，而堆（Heap）则是用于存储所有类的实例和数组,用途关系,JVM.txt,0.746,rule_pattern_sentence_level
常量池缓存,used_for,常量,方法区与元数据相关实体,方法区与元数据相关实体,常量池缓存：用于提升类加载的效率，将常用的常量缓存起来方便使用,用途关系,JVM.txt,0.744,rule_pattern_sentence_level
栈帧,used_for,动态链接,栈与栈帧相关实体,栈与栈帧相关实体,每个方法在执行时都会创建一个栈帧，用于存储局部变量表、操作数栈、动态链接、方法出口等信息,用途关系,JVM.txt,0.744,rule_pattern_sentence_level
Entry,causes,内存泄漏,代码与容器实体,领域实体,如果当前线程迟迟不结束的话，这些key为null的Entry的value就会一直存在一条强引用链：Thread Ref -> Thread -> ThreaLocalMap -> Entry -> value永远无法回收，造成内存泄漏,因果关系,JVM.txt,0.742,rule_pattern_sentence_level
Java 堆,is_a,内存溢出,内存区域实体,领域实体,元空间并不在Java堆中，而是使用本地内存，这解决了永久代容易出现的内存溢出问题,上下位关系,JVM.txt,0.742,rule_pattern_sentence_level
堆溢出,is_a,使用,内存区域实体,类加载过程实体,堆溢出通常是由于创建了太多的大对象或未能及时回收不再使用的对象,上下位关系,JVM.txt,0.742,rule_pattern_sentence_level
复制算法,is_a,新生代,垃圾回收算法实体,堆结构实体,标记-复制算法应用在CMS新生代（ParNew是CMS默认的新生代垃圾回收器）和G1垃圾回收器中,上下位关系,JVM.txt,0.742,rule_pattern_sentence_level
大对象,causes,gc,对象与字符串相关实体,领域实体,原因是代码中可能存在大对象分配，或者发生了内存泄露，导致在多次GC之后，还是无法找到一块足够大的内存容纳当前对象,因果关系,JVM.txt,0.742,rule_pattern_sentence_level
直接内存,is_a,NIO,内存区域实体,工具与排查实体,直接内存：不属于 JVM 运行时数据区的一部分，通过 NIO 类引入，是一种堆外内存，可以显著提高 I/O 性能,上下位关系,JVM.txt,0.742,rule_pattern_sentence_level
解析,is_a,直接引用,类加载过程实体,方法区与元数据相关实体,解析：解析阶段是虚拟机将常量池的「符号引用」直接替换为「直接引用」的过程,上下位关系,JVM.txt,0.742,rule_pattern_sentence_level
CMS,is_a,Serial,垃圾回收器实体,垃圾回收器实体,CMS收集器是老年代的收集器，可以配合新生代的Serial和ParNew收集器一起使用,上下位关系,JVM.txt,0.74,rule_pattern_sentence_level
CMS,used_for,浮动垃圾,垃圾回收器实体,垃圾回收核心概念实体,CMS产生浮动垃圾过多时会退化为serial old，效率低，因为在上图的第四阶段，CMS清除垃圾时是并发清除的，这个时候，垃圾回收线程和用户线程同时工作会产生浮动垃圾，也就意味着CMS垃圾回收器必须预留一部分内存空间用于存放浮动垃圾,用途关系,JVM.txt,0.74,rule_pattern_sentence_level
JVM,used_for,对象实例,领域实体,对象与字符串相关实体,Java堆（Heap）是Java虚拟机（JVM）中内存管理的一个重要区域，主要用于存放对象实例和数组,用途关系,JVM.txt,0.74,rule_pattern_sentence_level
内存碎片,implemented_by,G1,场景与问题实体,垃圾回收器实体,G1(Garbage First)收集器 (标记-整理算法)： Java堆并行收集器，G1收集器是JDK1.7提供的一个新收集器，G1收集器基于“标记-整理”算法实现，也就是说不会产生内存碎片,实现关系,JVM.txt,0.74,rule_pattern_sentence_level
虚引用也,is_a,PhantomReference,引用类型实体,引用类型实体,虚引用也被称作幻影引用，是最弱的引用关系，可以用PhantomReference来描述，他必须和ReferenceQueue一起使用，同样的当发生GC的时候，虚引用也会被回收,上下位关系,JVM.txt,0.74,rule_pattern_sentence_level
常量,has_part,符号引用,方法区与元数据相关实体,方法区与元数据相关实体,常量池：存储类和接口中的常量，包括字面值常量、符号引用，以及运行时常量池,整体部分关系,JVM.txt,0.736,rule_pattern_sentence_level
新生代,is_a,G1,堆结构实体,垃圾回收器实体,标记-复制算法应用在CMS新生代（ParNew是CMS默认的新生代垃圾回收器）和G1垃圾回收器中,上下位关系,JVM.txt,0.736,rule_pattern_sentence_level
元空间,is_a,JVM,内存区域实体,领域实体,根据 JDK 8 规范，JVM 运行时内存共分为虚拟机栈、堆、元空间、程序计数器、本地方法栈五个部分,上位包含关系,JVM.txt,0.734,rule_pattern_sentence_level
方法区,used_for,符号引用,内存区域实体,方法区与元数据相关实体,运行时常量池：是方法区的一部分，用于存放编译期生成的各种字面量和符号引用，具有动态性，运行时也可将新的常量放入池中,用途关系,JVM.txt,0.734,rule_pattern_sentence_level
清理阶段,is_a,G1,垃圾回收算法实体,垃圾回收器实体,G1的混合回收过程可以分为标记阶段、清理阶段和复制阶段,上位包含关系,JVM.txt,0.734,rule_pattern_sentence_level
运行时常量池,is_a,常量,内存区域实体,方法区与元数据相关实体,常量池：存储类和接口中的常量，包括字面值常量、符号引用，以及运行时常量池,上位包含关系,JVM.txt,0.734,rule_pattern_sentence_level
G1,is_a,内存碎片,垃圾回收器实体,场景与问题实体,G1(Garbage First)收集器 (标记-整理算法)： Java堆并行收集器，G1收集器是JDK1.7提供的一个新收集器，G1收集器基于“标记-整理”算法实现，也就是说不会产生内存碎片,上下位关系,JVM.txt,0.73,rule_pattern_sentence_level
ThreadLocal,is_a,线程,代码与容器实体,线程与私有性相关实体,ThreadLocal提供了线程本地变量，它可以保证访问到的变量属于当前线程，每个线程都保存有一个变量副本，每个线程的变量都不同,上下位关系,JVM.txt,0.73,rule_pattern_sentence_level
初始化,is_a,字符串对象,类加载过程实体,对象与字符串相关实体,首先，我们看到这个代码中有一个new关键字，我们知道new指令是创建一个类的实例对象并完成加载初始化的，因此这个字符串对象是在运行期才能确定的，创建的字符串对象是在堆内存上,上下位关系,JVM.txt,0.73,rule_pattern_sentence_level
垃圾回收,is_a,类信息,领域实体,方法区与元数据相关实体,虽然方法区中的垃圾回收与堆有所不同，但是同样存在对不再需要的常量、无用的类信息等进行清理的过程,上下位关系,JVM.txt,0.73,rule_pattern_sentence_level
线程,implemented_by,ThreadLocal,线程与私有性相关实体,代码与容器实体,ThreadLocal相当于提供了一种线程隔离，将变量与线程相绑定，从而实现线程安全的特性,实现关系,JVM.txt,0.728,rule_pattern_sentence_level
运行时常量池,used_for,字面量,内存区域实体,对象与字符串相关实体,运行时常量池：是方法区的一部分，用于存放编译期生成的各种字面量和符号引用，具有动态性，运行时也可将新的常量放入池中,用途关系,JVM.txt,0.728,rule_pattern_sentence_level
Survivor 区,is_a,新生代,堆结构实体,堆结构实体,从内存回收角度，堆被划分为新生代和老年代，新生代又分为 Eden 区和两个 Survivor 区（From Survivor 和 To Survivor）,上位包含关系,JVM.txt,0.726,rule_pattern_sentence_level
ThreadLocalMap,used_for,key,代码与容器实体,代码与容器实体,ThreadLocalMap使用ThreadLocal的弱引用作为key，如果一个ThreadLocal没有外部强引用来引用它，那么系统GC时，这个ThreadLocal势必会被回收，这样一来，ThreadLocalMap中就会出现key为null的Entry，就没有办法访问这些key为null的Entry的value,用途关系,JVM.txt,0.726,rule_pattern_sentence_level
JVM,is_a,堆外内存,领域实体,内存区域实体,直接内存：不属于 JVM 运行时数据区的一部分，通过 NIO 类引入，是一种堆外内存，可以显著提高 I/O 性能,上下位关系,JVM.txt,0.724,rule_pattern_sentence_level
复制算法,is_a,垃圾回收,垃圾回收算法实体,领域实体,标记-复制算法应用在CMS新生代（ParNew是CMS默认的新生代垃圾回收器）和G1垃圾回收器中,上下位关系,JVM.txt,0.724,rule_pattern_sentence_level
方法调用,is_a,数组,栈与栈帧相关实体,对象与字符串相关实体,在JVM内存模型中，栈（Stack）主要用于管理线程的局部变量和方法调用的上下文，而堆（Heap）则是用于存储所有类的实例和数组,上下位关系,JVM.txt,0.724,rule_pattern_sentence_level
符号引用,is_a,字面量,方法区与元数据相关实体,对象与字符串相关实体,符号引用是以一组符号来描述所引用的目标，符号可以是任何形式的字面量，只要使用的时候可以无歧义地定位到目标即可,上下位关系,JVM.txt,0.724,rule_pattern_sentence_level
运行时常量池,is_a,符号引用,内存区域实体,方法区与元数据相关实体,运行时常量池：是方法区的一部分，用于存放编译期生成的各种字面量和符号引用，具有动态性，运行时也可将新的常量放入池中,上下位关系,JVM.txt,0.724,rule_pattern_sentence_level
Full GC,is_a,Stop The World,垃圾回收核心概念实体,垃圾回收核心概念实体,特点：Full GC是最昂贵的操作，因为它需要停止所有的工作线程（Stop The World），遍历整个堆内存来查找和回收不再使用的对象，因此应尽量减少Full GC的触发,上下位关系,JVM.txt,0.722,rule_pattern_sentence_level
双亲委派,is_a,类加载,领域实体,领域实体,Java 中的 “双亲委派” 是类加载机制的核心原则，简单说就是 「一个类加载器要加载类时，先让父加载器去尝试加载，只有父加载器加载不了，自己才会去加载」,上下位关系,JVM.txt,0.722,rule_pattern_sentence_level
G1,depends_on,内存碎片,垃圾回收器实体,场景与问题实体,G1(Garbage First)收集器 (标记-整理算法)： Java堆并行收集器，G1收集器是JDK1.7提供的一个新收集器，G1收集器基于“标记-整理”算法实现，也就是说不会产生内存碎片,依赖关系,JVM.txt,0.72,rule_pattern_sentence_level
G1,depends_on,大对象,垃圾回收器实体,对象与字符串相关实体,"算法： G1 基于标记--整理算法, 不会产生空间碎片，在分配大对象时，不会因无法得到连续的空间，而提前触发一次 FULL GC",依赖关系,JVM.txt,0.72,rule_pattern_sentence_level
CMS,is_a,内存碎片,垃圾回收器实体,场景与问题实体,CMS收集器是使用“标记-清除”算法进行的垃圾回收，容易产生内存碎片,上下位关系,JVM.txt,0.718,rule_pattern_sentence_level
String,is_a,扩展类加载器,对象与字符串相关实体,领域实体,具体来说，Java 的类加载器有一套默认的层级结构：最顶层是Bootstrap ClassLoader（启动类加载器，负责加载 JDK 核心类，如java.lang.String），往下是Extension ClassLoader（扩展类加载器，加载 JDK 扩展目录的类），再往下是AppClassLoader（应用类加载器，加载我们自己写的类和第三方 jar 包），我们也可以自定义类加载器，放在最下层,上下位关系,JVM.txt,0.718,rule_pattern_sentence_level
使用,causes,OutOfMemoryError,类加载过程实体,异常与错误实体,直接内存的使用受到本机总内存的限制，若分配不当，可能导致 OutOfMemoryError 异常,因果关系,JVM.txt,0.718,rule_pattern_sentence_level
加载阶段,is_a,类加载过程,类加载过程实体,领域实体,加载阶段是用户参与的阶段，我们可以自定义类加载器，去实现自己的类加载过程,上下位关系,JVM.txt,0.718,rule_pattern_sentence_level
双亲委派模型,is_a,加载,领域实体,类加载过程实体,再来谈谈双亲委派模型，简单说就是当类加载器（Class-Loader）试图加载某个类型的时候，除非父加载器找不到相应类型，否则尽量将这个任务代理给当前加载器的父加载器去做,上下位关系,JVM.txt,0.718,rule_pattern_sentence_level
栈帧,causes,栈溢出,栈与栈帧相关实体,场景与问题实体,如果递归没有正确的终止条件，栈帧会不断累积，最终超过虚拟机栈的最大容量，导致栈溢出,因果关系,JVM.txt,0.718,rule_pattern_sentence_level
运行时常量池,part_of,字面量,内存区域实体,对象与字符串相关实体,运行时常量池：是方法区的一部分，用于存放编译期生成的各种字面量和符号引用，具有动态性，运行时也可将新的常量放入池中,部分整体关系,JVM.txt,0.718,rule_pattern_sentence_level
连接,causes,OutOfMemoryError,类加载过程实体,异常与错误实体,这些未正常关闭的连接，如果不进行处理，轻则影响程序性能，重则导致OutOfMemoryError异常发生,因果关系,JVM.txt,0.718,rule_pattern_sentence_level
JVM内存模型,used_for,方法调用,领域实体,栈与栈帧相关实体,在JVM内存模型中，栈（Stack）主要用于管理线程的局部变量和方法调用的上下文，而堆（Heap）则是用于存储所有类的实例和数组,用途关系,JVM.txt,0.716,rule_pattern_sentence_level
Java 虚拟机,used_for,对象实例,领域实体,对象与字符串相关实体,Java堆（Heap）是Java虚拟机（JVM）中内存管理的一个重要区域，主要用于存放对象实例和数组,用途关系,JVM.txt,0.716,rule_pattern_sentence_level
Java 虚拟机栈,used_for,操作数栈,领域实体,栈与栈帧相关实体,栈帧创建：在调用一个方法前，JVM会在当前线程的Java虚拟机栈中为该方法分配一个新的栈帧，用于存储局部变量表、操作数栈、动态链接、方法出口等信息,用途关系,JVM.txt,0.716,rule_pattern_sentence_level
ThreadLocalMap,is_a,value,代码与容器实体,代码与容器实体,ThreadLocal的实现中，每个Thread维护一个ThreadLocalMap映射表，key是ThreadLocal实例本身，value是真正需要存储的Object,上下位关系,JVM.txt,0.716,rule_pattern_sentence_level
Young GC,is_a,gc,垃圾回收核心概念实体,领域实体,根据其作用范围和触发条件的不同，可以将GC分为三种类型：Minor GC（也称为Young GC）、Major GC（有时也称为Old GC）、以及Full GC,上位包含关系,JVM.txt,0.716,rule_pattern_sentence_level
大对象区,implemented_by,JVM,堆结构实体,领域实体,大对象区（Large Object Space / Humongous Objects）:在某些JVM实现中（如G1垃圾收集器），为大对象分配了专门的区域，称为大对象区或Humongous Objects区域,实现关系,JVM.txt,0.716,rule_pattern_sentence_level
常量池缓存,used_for,使用,方法区与元数据相关实体,类加载过程实体,常量池缓存：用于提升类加载的效率，将常用的常量缓存起来方便使用,用途关系,JVM.txt,0.716,rule_pattern_sentence_level
G1,has_part,新生代,垃圾回收器实体,堆结构实体,此外，G1收集器不同于之前的收集器的一个重要特点是：G1回收的范围是整个Java堆(包括新生代，老年代)，而前六种收集器回收的范围仅限于新生代或老年代,整体部分关系,JVM.txt,0.714,rule_pattern_sentence_level
常量,has_part,运行时常量池,方法区与元数据相关实体,内存区域实体,常量池：存储类和接口中的常量，包括字面值常量、符号引用，以及运行时常量池,整体部分关系,JVM.txt,0.714,rule_pattern_sentence_level
栈帧,used_for,方法出口,栈与栈帧相关实体,栈与栈帧相关实体,每个方法在执行时都会创建一个栈帧，用于存储局部变量表、操作数栈、动态链接、方法出口等信息,用途关系,JVM.txt,0.714,rule_pattern_sentence_level
JProfiler,is_a,内存泄漏,工具与排查实体,领域实体,分析快照文件：使用 MAT（Memory Analyzer Tool）或 JProfiler 等工具分析快照，重点看哪些对象占用了大量内存、是否存在内存泄漏（如对象长期被无用引用持有，无法回收）,上下位关系,JVM.txt,0.712,rule_pattern_sentence_level
Java 堆,is_a,G1,内存区域实体,垃圾回收器实体,G1(Garbage First)收集器 (标记-整理算法)： Java堆并行收集器，G1收集器是JDK1.7提供的一个新收集器，G1收集器基于“标记-整理”算法实现，也就是说不会产生内存碎片,上下位关系,JVM.txt,0.712,rule_pattern_sentence_level
加载,is_a,字符串对象,类加载过程实体,对象与字符串相关实体,首先，我们看到这个代码中有一个new关键字，我们知道new指令是创建一个类的实例对象并完成加载初始化的，因此这个字符串对象是在运行期才能确定的，创建的字符串对象是在堆内存上,上下位关系,JVM.txt,0.712,rule_pattern_sentence_level
双亲委派,is_a,加载,领域实体,类加载过程实体,Java 中的 “双亲委派” 是类加载机制的核心原则，简单说就是 「一个类加载器要加载类时，先让父加载器去尝试加载，只有父加载器加载不了，自己才会去加载」,上下位关系,JVM.txt,0.712,rule_pattern_sentence_level
新生代,causes,Minor GC,堆结构实体,垃圾回收核心概念实体,如果将大对象分配到新生代，可能会很快导致新生代空间不足，从而频繁触发 Minor GC,因果关系,JVM.txt,0.712,rule_pattern_sentence_level
验证,is_a,JVM,类加载过程实体,领域实体,验证（Verification），这是虚拟机安全的重要保障，JVM 需要核验字节信息是符合 Java 虚拟机规范的，否则就被认为是 VerifyError，这样就防止了恶意信息或者不合规的信息危害 JVM 的运行，验证阶段有可能触发更多 class 的加载,上下位关系,JVM.txt,0.712,rule_pattern_sentence_level
JVM,used_for,数组,领域实体,对象与字符串相关实体,Java堆（Heap）是Java虚拟机（JVM）中内存管理的一个重要区域，主要用于存放对象实例和数组,用途关系,JVM.txt,0.71,rule_pattern_sentence_level
ParNew,is_a,Serial,垃圾回收器实体,垃圾回收器实体,ParNew收集器 (复制算法): 新生代收并行集器，实际上是Serial收集器的多线程版本，在多核CPU环境下有着比Serial更好的表现,上下位关系,JVM.txt,0.71,rule_pattern_sentence_level
new 指令,is_a,字符串对象,对象与字符串相关实体,对象与字符串相关实体,首先，我们看到这个代码中有一个new关键字，我们知道new指令是创建一个类的实例对象并完成加载初始化的，因此这个字符串对象是在运行期才能确定的，创建的字符串对象是在堆内存上,上下位关系,JVM.txt,0.71,rule_pattern_sentence_level
使用,used_for,ThreadLocal,类加载过程实体,代码与容器实体,ThreadLocalMap使用ThreadLocal的弱引用作为key，如果一个ThreadLocal没有外部强引用来引用它，那么系统GC时，这个ThreadLocal势必会被回收，这样一来，ThreadLocalMap中就会出现key为null的Entry，就没有办法访问这些key为null的Entry的value,用途关系,JVM.txt,0.71,rule_pattern_sentence_level
可达性分析,is_a,标记-清除算法,垃圾回收核心概念实体,垃圾回收算法实体,标记-清除算法：标记-清除算法分为“标记”和“清除”两个阶段，首先通过可达性分析，标记出所有需要回收的对象，然后统一回收所有被标记的对象,上位包含关系,JVM.txt,0.71,rule_pattern_sentence_level
程序计数器,is_a,JVM,内存区域实体,领域实体,根据 JDK 8 规范，JVM 运行时内存共分为虚拟机栈、堆、元空间、程序计数器、本地方法栈五个部分,上位包含关系,JVM.txt,0.71,rule_pattern_sentence_level
老年代,is_a,G1,堆结构实体,垃圾回收器实体,此外，G1收集器不同于之前的收集器的一个重要特点是：G1回收的范围是整个Java堆(包括新生代，老年代)，而前六种收集器回收的范围仅限于新生代或老年代,上位包含关系,JVM.txt,0.71,rule_pattern_sentence_level
常量,is_a,常量池,方法区与元数据相关实体,方法区与元数据相关实体,常量池：存储类和接口中的常量，包括字面值常量、符号引用，以及运行时常量池,上位包含关系,JVM.txt,0.708,rule_pattern_sentence_level
复制阶段,is_a,G1,垃圾回收算法实体,垃圾回收器实体,G1的混合回收过程可以分为标记阶段、清理阶段和复制阶段,上位包含关系,JVM.txt,0.704,rule_pattern_sentence_level
引用计数法,implemented_by,使用,垃圾回收核心概念实体,类加载过程实体,在Java中，判断对象是否为垃圾（即不再被使用，可以被垃圾回收器回收）主要依据两种主流的垃圾回收算法来实现：引用计数法和可达性分析算法,实现关系,JVM.txt,0.704,rule_pattern_sentence_level
方法调用,used_for,数组,栈与栈帧相关实体,对象与字符串相关实体,在JVM内存模型中，栈（Stack）主要用于管理线程的局部变量和方法调用的上下文，而堆（Heap）则是用于存储所有类的实例和数组,用途关系,JVM.txt,0.704,rule_pattern_sentence_level
类加载,is_a,启动类加载器,领域实体,领域实体,这些类加载器之间的关系形成了双亲委派模型，其核心思想是当一个类加载器收到类加载的请求时，首先不会自己去尝试加载这个类，而是把这个请求委派给父类加载器去完成，每一层次的类加载器都是如此，因此所有的加载请求最终都应该传送到顶层的启动类加载器中,上下位关系,JVM.txt,0.704,rule_pattern_sentence_level
运行时常量池,used_for,符号引用,内存区域实体,方法区与元数据相关实体,运行时常量池：是方法区的一部分，用于存放编译期生成的各种字面量和符号引用，具有动态性，运行时也可将新的常量放入池中,用途关系,JVM.txt,0.704,rule_pattern_sentence_level
Survivor 区,is_a,老年代,堆结构实体,堆结构实体,从内存回收角度，堆被划分为新生代和老年代，新生代又分为 Eden 区和两个 Survivor 区（From Survivor 和 To Survivor）,上位包含关系,JVM.txt,0.702,rule_pattern_sentence_level
new 指令,is_a,符号引用,对象与字符串相关实体,方法区与元数据相关实体,类加载检查：虚拟机遇到一条 new 指令时，首先将去检查这个指令的参数是否能在常量池中定位到一个类的符号引用，并且检查这个符号引用代表的类是否已被加载过、解析和初始化过,上下位关系,JVM.txt,0.7,rule_pattern_sentence_level
初始标记阶段,is_a,STW,垃圾回收算法实体,垃圾回收核心概念实体,初始标记阶段：初始标记阶段是指从GC Roots出发标记全部直接子节点的过程，该阶段是STW的,上下位关系,JVM.txt,0.7,rule_pattern_sentence_level
并发标记,is_a,存活对象,垃圾回收算法实体,垃圾回收核心概念实体,并发标记阶段：并发标记阶段是指从GC Roots开始对堆中对象进行可达性分析，找出存活对象,上下位关系,JVM.txt,0.7,rule_pattern_sentence_level
直接内存,causes,OutOfMemoryError,内存区域实体,异常与错误实体,直接内存的使用受到本机总内存的限制，若分配不当，可能导致 OutOfMemoryError 异常,因果关系,JVM.txt,0.7,rule_pattern_sentence_level
线程,is_a,程序计数器,线程与私有性相关实体,内存区域实体,我们考虑一下，如果在线程切换的过程中，下一条指令执行到哪里了，是不是还是会用到我们的程序计数器啊,上下位关系,JVM.txt,0.7,rule_pattern_sentence_level
CMS,is_a,G1,垃圾回收器实体,垃圾回收器实体,标记-复制算法应用在CMS新生代（ParNew是CMS默认的新生代垃圾回收器）和G1垃圾回收器中,上下位关系,JVM.txt,0.698,rule_pattern_sentence_level
CMS,is_a,ParNew,垃圾回收器实体,垃圾回收器实体,CMS收集器是老年代的收集器，可以配合新生代的Serial和ParNew收集器一起使用,上下位关系,JVM.txt,0.698,rule_pattern_sentence_level
线程,used_for,局部变量表,线程与私有性相关实体,栈与栈帧相关实体,栈帧创建：在调用一个方法前，JVM会在当前线程的Java虚拟机栈中为该方法分配一个新的栈帧，用于存储局部变量表、操作数栈、动态链接、方法出口等信息,用途关系,JVM.txt,0.698,rule_pattern_sentence_level
元空间,is_a,内存溢出,内存区域实体,领域实体,元空间并不在Java堆中，而是使用本地内存，这解决了永久代容易出现的内存溢出问题,上下位关系,JVM.txt,0.694,rule_pattern_sentence_level
加载,is_a,Extension ClassLoader,类加载过程实体,类加载器实体,具体来说，Java 的类加载器有一套默认的层级结构：最顶层是Bootstrap ClassLoader（启动类加载器，负责加载 JDK 核心类，如java.lang.String），往下是Extension ClassLoader（扩展类加载器，加载 JDK 扩展目录的类），再往下是AppClassLoader（应用类加载器，加载我们自己写的类和第三方 jar 包），我们也可以自定义类加载器，放在最下层,上下位关系,JVM.txt,0.694,rule_pattern_sentence_level
局部变量,is_a,数组,栈与栈帧相关实体,对象与字符串相关实体,在JVM内存模型中，栈（Stack）主要用于管理线程的局部变量和方法调用的上下文，而堆（Heap）则是用于存储所有类的实例和数组,上下位关系,JVM.txt,0.694,rule_pattern_sentence_level
常量池,is_a,加载,方法区与元数据相关实体,类加载过程实体,类加载检查：虚拟机遇到一条 new 指令时，首先将去检查这个指令的参数是否能在常量池中定位到一个类的符号引用，并且检查这个符号引用代表的类是否已被加载过、解析和初始化过,上下位关系,JVM.txt,0.694,rule_pattern_sentence_level
运行时常量池,part_of,符号引用,内存区域实体,方法区与元数据相关实体,运行时常量池：是方法区的一部分，用于存放编译期生成的各种字面量和符号引用，具有动态性，运行时也可将新的常量放入池中,部分整体关系,JVM.txt,0.694,rule_pattern_sentence_level
ClassLoader,implemented_by,扩展类加载器,类加载器实体,领域实体,扩展类加载器（Extension Class Loader）：它是Java语言实现的，继承自ClassLoader类，负责加载Java扩展目录（jre/lib/ext或由系统变量Java.ext.dirs指定的目录）下的jar包和类库,实现关系,JVM.txt,0.69,rule_pattern_sentence_level
G1,has_part,老年代,垃圾回收器实体,堆结构实体,此外，G1收集器不同于之前的收集器的一个重要特点是：G1回收的范围是整个Java堆(包括新生代，老年代)，而前六种收集器回收的范围仅限于新生代或老年代,整体部分关系,JVM.txt,0.69,rule_pattern_sentence_level
Humongous Objects,implemented_by,JVM,堆结构实体,领域实体,大对象区（Large Object Space / Humongous Objects）:在某些JVM实现中（如G1垃圾收集器），为大对象分配了专门的区域，称为大对象区或Humongous Objects区域,实现关系,JVM.txt,0.69,rule_pattern_sentence_level
可达性分析,implemented_by,使用,垃圾回收核心概念实体,类加载过程实体,在Java中，判断对象是否为垃圾（即不再被使用，可以被垃圾回收器回收）主要依据两种主流的垃圾回收算法来实现：引用计数法和可达性分析算法,实现关系,JVM.txt,0.69,rule_pattern_sentence_level
栈溢出,implemented_by,树形结构遍历,场景与问题实体,场景与问题实体,举个实际例子：曾遇到一个树形结构遍历的方法，因节点层级极深（超过 10 万层）且用递归实现，导致栈溢出,实现关系,JVM.txt,0.69,rule_pattern_sentence_level
符号引用,is_a,常量池,方法区与元数据相关实体,方法区与元数据相关实体,常量池：存储类和接口中的常量，包括字面值常量、符号引用，以及运行时常量池,上位包含关系,JVM.txt,0.69,rule_pattern_sentence_level
常量,is_a,String,方法区与元数据相关实体,对象与字符串相关实体,所以，如果abc这个字符串常量不存在，则创建两个对象，分别是abc这个字符串常量，以及new String这个实例对象,上下位关系,JVM.txt,0.688,rule_pattern_sentence_level
常量池,has_part,常量,方法区与元数据相关实体,方法区与元数据相关实体,常量池：存储类和接口中的常量，包括字面值常量、符号引用，以及运行时常量池,整体部分关系,JVM.txt,0.688,rule_pattern_sentence_level
新生代,causes,大对象,堆结构实体,对象与字符串相关实体,大对象通常需要连续的内存空间，如果在新生代中频繁分配和回收大对象，容易产生内存碎片，导致后续分配大对象时可能因为内存不连续而失败,因果关系,JVM.txt,0.688,rule_pattern_sentence_level
栈溢出,is_a,JVM,场景与问题实体,领域实体,栈溢出（java.lang.StackOverflowError）是 JVM 中另一种常见的内存错误，和堆溢出的原理与场景截然不同,上下位关系,JVM.txt,0.688,rule_pattern_sentence_level
符号引用,is_a,使用,方法区与元数据相关实体,类加载过程实体,符号引用是以一组符号来描述所引用的目标，符号可以是任何形式的字面量，只要使用的时候可以无歧义地定位到目标即可,上下位关系,JVM.txt,0.688,rule_pattern_sentence_level
Java 虚拟机,used_for,数组,领域实体,对象与字符串相关实体,Java堆（Heap）是Java虚拟机（JVM）中内存管理的一个重要区域，主要用于存放对象实例和数组,用途关系,JVM.txt,0.686,rule_pattern_sentence_level
Java 虚拟机栈,used_for,动态链接,领域实体,栈与栈帧相关实体,栈帧创建：在调用一个方法前，JVM会在当前线程的Java虚拟机栈中为该方法分配一个新的栈帧，用于存储局部变量表、操作数栈、动态链接、方法出口等信息,用途关系,JVM.txt,0.686,rule_pattern_sentence_level
ThreadLocal,used_for,强引用,代码与容器实体,引用类型实体,ThreadLocalMap使用ThreadLocal的弱引用作为key，如果一个ThreadLocal没有外部强引用来引用它，那么系统GC时，这个ThreadLocal势必会被回收，这样一来，ThreadLocalMap中就会出现key为null的Entry，就没有办法访问这些key为null的Entry的value,用途关系,JVM.txt,0.686,rule_pattern_sentence_level
JVM,is_a,VerifyError,领域实体,异常与错误实体,验证（Verification），这是虚拟机安全的重要保障，JVM 需要核验字节信息是符合 Java 虚拟机规范的，否则就被认为是 VerifyError，这样就防止了恶意信息或者不合规的信息危害 JVM 的运行，验证阶段有可能触发更多 class 的加载,上下位关系,JVM.txt,0.682,rule_pattern_sentence_level
复制算法,is_a,G1,垃圾回收算法实体,垃圾回收器实体,标记-复制算法应用在CMS新生代（ParNew是CMS默认的新生代垃圾回收器）和G1垃圾回收器中,上下位关系,JVM.txt,0.682,rule_pattern_sentence_level
CMS,is_a,浮动垃圾,垃圾回收器实体,垃圾回收核心概念实体,CMS产生浮动垃圾过多时会退化为serial old，效率低，因为在上图的第四阶段，CMS清除垃圾时是并发清除的，这个时候，垃圾回收线程和用户线程同时工作会产生浮动垃圾，也就意味着CMS垃圾回收器必须预留一部分内存空间用于存放浮动垃圾,上下位关系,JVM.txt,0.68,rule_pattern_sentence_level
ParNew,is_a,线程,垃圾回收器实体,线程与私有性相关实体,ParNew收集器 (复制算法): 新生代收并行集器，实际上是Serial收集器的多线程版本，在多核CPU环境下有着比Serial更好的表现,上下位关系,JVM.txt,0.68,rule_pattern_sentence_level
String,is_a,加载,对象与字符串相关实体,类加载过程实体,具体来说，Java 的类加载器有一套默认的层级结构：最顶层是Bootstrap ClassLoader（启动类加载器，负责加载 JDK 核心类，如java.lang.String），往下是Extension ClassLoader（扩展类加载器，加载 JDK 扩展目录的类），再往下是AppClassLoader（应用类加载器，加载我们自己写的类和第三方 jar 包），我们也可以自定义类加载器，放在最下层,上下位关系,JVM.txt,0.68,rule_pattern_sentence_level
内存溢出,is_a,OutOfMemoryError,领域实体,异常与错误实体,内存溢出：内存溢出是指Java虚拟机（JVM）在申请内存时，无法找到足够的内存，最终引发OutOfMemoryError,上下位关系,JVM.txt,0.68,rule_pattern_sentence_level
初始化,is_a,JVM,类加载过程实体,领域实体,但这里的“初始化”和下面的显式初始化阶段是有区别的，侧重点在于分配所需要的内存空间，不会去执行更进一步的 JVM 指令,上下位关系,JVM.txt,0.68,rule_pattern_sentence_level
启动类加载器,is_a,Extension ClassLoader,领域实体,类加载器实体,具体来说，Java 的类加载器有一套默认的层级结构：最顶层是Bootstrap ClassLoader（启动类加载器，负责加载 JDK 核心类，如java.lang.String），往下是Extension ClassLoader（扩展类加载器，加载 JDK 扩展目录的类），再往下是AppClassLoader（应用类加载器，加载我们自己写的类和第三方 jar 包），我们也可以自定义类加载器，放在最下层,上下位关系,JVM.txt,0.68,rule_pattern_sentence_level
常量池,is_a,解析,方法区与元数据相关实体,类加载过程实体,类加载检查：虚拟机遇到一条 new 指令时，首先将去检查这个指令的参数是否能在常量池中定位到一个类的符号引用，并且检查这个符号引用代表的类是否已被加载过、解析和初始化过,上下位关系,JVM.txt,0.68,rule_pattern_sentence_level
标记-整理算法,is_a,G1,垃圾回收算法实体,垃圾回收器实体,G1(Garbage First)收集器 (标记-整理算法)： Java堆并行收集器，G1收集器是JDK1.7提供的一个新收集器，G1收集器基于“标记-整理”算法实现，也就是说不会产生内存碎片,上下位关系,JVM.txt,0.68,rule_pattern_sentence_level
程序计数器,used_for,线程,内存区域实体,线程与私有性相关实体,程序计数器：可以看作是当前线程所执行的字节码的行号指示器，用于存储当前线程正在执行的 Java 方法的 JVM 指令地址,用途关系,JVM.txt,0.68,rule_pattern_sentence_level
类加载检查,is_a,常量池,领域实体,方法区与元数据相关实体,类加载检查：虚拟机遇到一条 new 指令时，首先将去检查这个指令的参数是否能在常量池中定位到一个类的符号引用，并且检查这个符号引用代表的类是否已被加载过、解析和初始化过,上下位关系,JVM.txt,0.68,rule_pattern_sentence_level
线程,is_a,数组,线程与私有性相关实体,对象与字符串相关实体,在JVM内存模型中，栈（Stack）主要用于管理线程的局部变量和方法调用的上下文，而堆（Heap）则是用于存储所有类的实例和数组,上下位关系,JVM.txt,0.68,rule_pattern_sentence_level
首先是加载阶段,is_a,JVM,类加载过程实体,领域实体,首先是加载阶段（Loading），它是 Java 将字节码数据从不同的数据源读取到 JVM 中，并映射为 JVM 认可的数据结构（Class 对象），这里的数据源可能是各种各样的形态，如 jar 文件、class 文件，甚至是网络数据源等,上下位关系,JVM.txt,0.68,rule_pattern_sentence_level
ThreadLocalMap,used_for,ThreadLocal,代码与容器实体,代码与容器实体,ThreadLocalMap使用ThreadLocal的弱引用作为key，如果一个ThreadLocal没有外部强引用来引用它，那么系统GC时，这个ThreadLocal势必会被回收，这样一来，ThreadLocalMap中就会出现key为null的Entry，就没有办法访问这些key为null的Entry的value,用途关系,JVM.txt,0.678,rule_pattern_sentence_level
大对象,causes,Minor GC,对象与字符串相关实体,垃圾回收核心概念实体,如果将大对象分配到新生代，可能会很快导致新生代空间不足，从而频繁触发 Minor GC,因果关系,JVM.txt,0.676,rule_pattern_sentence_level
启动类加载器,is_a,类加载,领域实体,领域实体,启动类加载器（Bootstrap Class Loader）：这是最顶层的类加载器，负责加载Java的核心库（如位于jre/lib/rt.jar中的类），它是用C++编写的，是JVM的一部分,上下位关系,JVM.txt,0.674,rule_pattern_sentence_level
局部变量,used_for,数组,栈与栈帧相关实体,对象与字符串相关实体,在JVM内存模型中，栈（Stack）主要用于管理线程的局部变量和方法调用的上下文，而堆（Heap）则是用于存储所有类的实例和数组,用途关系,JVM.txt,0.674,rule_pattern_sentence_level
本地方法栈,is_a,JVM,内存区域实体,领域实体,根据 JDK 8 规范，JVM 运行时内存共分为虚拟机栈、堆、元空间、程序计数器、本地方法栈五个部分,上位包含关系,JVM.txt,0.674,rule_pattern_sentence_level
key,implemented_by,ThreadLocal,代码与容器实体,代码与容器实体,ThreadLocal的实现中，每个Thread维护一个ThreadLocalMap映射表，key是ThreadLocal实例本身，value是真正需要存储的Object,实现关系,JVM.txt,0.67,rule_pattern_sentence_level
大对象区,implemented_by,Humongous Objects,堆结构实体,堆结构实体,大对象区（Large Object Space / Humongous Objects）:在某些JVM实现中（如G1垃圾收集器），为大对象分配了专门的区域，称为大对象区或Humongous Objects区域,实现关系,JVM.txt,0.67,rule_pattern_sentence_level
常量池,has_part,符号引用,方法区与元数据相关实体,方法区与元数据相关实体,常量池：存储类和接口中的常量，包括字面值常量、符号引用，以及运行时常量池,整体部分关系,JVM.txt,0.67,rule_pattern_sentence_level
key,used_for,gc,代码与容器实体,领域实体,ThreadLocalMap使用ThreadLocal的弱引用作为key，如果一个ThreadLocal没有外部强引用来引用它，那么系统GC时，这个ThreadLocal势必会被回收，这样一来，ThreadLocalMap中就会出现key为null的Entry，就没有办法访问这些key为null的Entry的value,用途关系,JVM.txt,0.668,rule_pattern_sentence_level
方法区,is_a,GC Roots,内存区域实体,垃圾回收核心概念实体,GC Roots对象包括：虚拟机栈（栈帧中的本地变量表）中引用的对象、方法区中类静态属性引用的对象、本地方法栈中JNI（Java Native Interface）引用的对象、活跃线程的引用等,上位包含关系,JVM.txt,0.668,rule_pattern_sentence_level
方法区,used_for,加载,内存区域实体,类加载过程实体,《深入理解Java虚拟机》书中对方法区（Method Area）存储内容描述如下：它用于存储已被虚拟机加载的类型信息、常量、静态变量、即时编译器编译后的代码缓存等,用途关系,JVM.txt,0.668,rule_pattern_sentence_level
运行时常量池,is_a,常量池,内存区域实体,方法区与元数据相关实体,常量池：存储类和接口中的常量，包括字面值常量、符号引用，以及运行时常量池,上位包含关系,JVM.txt,0.668,rule_pattern_sentence_level
JVM,used_for,局部变量表,领域实体,栈与栈帧相关实体,栈帧创建：在调用一个方法前，JVM会在当前线程的Java虚拟机栈中为该方法分配一个新的栈帧，用于存储局部变量表、操作数栈、动态链接、方法出口等信息,用途关系,JVM.txt,0.662,rule_pattern_sentence_level
垃圾回收,is_a,内存泄漏,领域实体,领域实体,Java 的 GC（垃圾回收）简单说就是 「自动识别并回收不再使用的对象，释放内存空间」，避免内存泄漏,上下位关系,JVM.txt,0.662,rule_pattern_sentence_level
线程,used_for,操作数栈,线程与私有性相关实体,栈与栈帧相关实体,栈帧创建：在调用一个方法前，JVM会在当前线程的Java虚拟机栈中为该方法分配一个新的栈帧，用于存储局部变量表、操作数栈、动态链接、方法出口等信息,用途关系,JVM.txt,0.662,rule_pattern_sentence_level
From Survivor,is_a,新生代,堆结构实体,堆结构实体,从内存回收角度，堆被划分为新生代和老年代，新生代又分为 Eden 区和两个 Survivor 区（From Survivor 和 To Survivor）,上位包含关系,JVM.txt,0.66,rule_pattern_sentence_level
JVM,used_for,动态链接,领域实体,栈与栈帧相关实体,栈帧创建：在调用一个方法前，JVM会在当前线程的Java虚拟机栈中为该方法分配一个新的栈帧，用于存储局部变量表、操作数栈、动态链接、方法出口等信息,用途关系,JVM.txt,0.66,rule_pattern_sentence_level
JVM,used_for,操作数栈,领域实体,栈与栈帧相关实体,栈帧创建：在调用一个方法前，JVM会在当前线程的Java虚拟机栈中为该方法分配一个新的栈帧，用于存储局部变量表、操作数栈、动态链接、方法出口等信息,用途关系,JVM.txt,0.66,rule_pattern_sentence_level
Java 堆,used_for,对象实例,内存区域实体,对象与字符串相关实体,Java 堆：是 JVM 中最大的一块内存区域，被所有线程共享，在虚拟机启动时创建，用于存放对象实例,用途关系,JVM.txt,0.66,rule_pattern_sentence_level
Java 堆,used_for,数组,内存区域实体,对象与字符串相关实体,Java堆（Heap）是Java虚拟机（JVM）中内存管理的一个重要区域，主要用于存放对象实例和数组,用途关系,JVM.txt,0.66,rule_pattern_sentence_level
Java 虚拟机,used_for,加载,领域实体,类加载过程实体,《深入理解Java虚拟机》书中对方法区（Method Area）存储内容描述如下：它用于存储已被虚拟机加载的类型信息、常量、静态变量、即时编译器编译后的代码缓存等,用途关系,JVM.txt,0.66,rule_pattern_sentence_level
Java 虚拟机,used_for,常量,领域实体,方法区与元数据相关实体,《深入理解Java虚拟机》书中对方法区（Method Area）存储内容描述如下：它用于存储已被虚拟机加载的类型信息、常量、静态变量、即时编译器编译后的代码缓存等,用途关系,JVM.txt,0.66,rule_pattern_sentence_level
Java 虚拟机,used_for,类型信息,领域实体,方法区与元数据相关实体,《深入理解Java虚拟机》书中对方法区（Method Area）存储内容描述如下：它用于存储已被虚拟机加载的类型信息、常量、静态变量、即时编译器编译后的代码缓存等,用途关系,JVM.txt,0.66,rule_pattern_sentence_level
Java 虚拟机栈,used_for,方法出口,领域实体,栈与栈帧相关实体,栈帧创建：在调用一个方法前，JVM会在当前线程的Java虚拟机栈中为该方法分配一个新的栈帧，用于存储局部变量表、操作数栈、动态链接、方法出口等信息,用途关系,JVM.txt,0.66,rule_pattern_sentence_level
Metaspace,used_for,类的元数据信息,异常与错误实体,方法区与元数据相关实体,元空间（Metaspace）:从Java 8开始，永久代（Permanent Generation）被元空间取代，用于存储类的元数据信息，如类的结构信息（如字段、方法信息等）,用途关系,JVM.txt,0.66,rule_pattern_sentence_level
ThreadLocalMap,used_for,强引用,代码与容器实体,引用类型实体,ThreadLocalMap使用ThreadLocal的弱引用作为key，如果一个ThreadLocal没有外部强引用来引用它，那么系统GC时，这个ThreadLocal势必会被回收，这样一来，ThreadLocalMap中就会出现key为null的Entry，就没有办法访问这些key为null的Entry的value,用途关系,JVM.txt,0.66,rule_pattern_sentence_level
使用,used_for,强引用,类加载过程实体,引用类型实体,ThreadLocalMap使用ThreadLocal的弱引用作为key，如果一个ThreadLocal没有外部强引用来引用它，那么系统GC时，这个ThreadLocal势必会被回收，这样一来，ThreadLocalMap中就会出现key为null的Entry，就没有办法访问这些key为null的Entry的value,用途关系,JVM.txt,0.66,rule_pattern_sentence_level
弱引用,used_for,ThreadLocal,引用类型实体,代码与容器实体,ThreadLocalMap使用ThreadLocal的弱引用作为key，如果一个ThreadLocal没有外部强引用来引用它，那么系统GC时，这个ThreadLocal势必会被回收，这样一来，ThreadLocalMap中就会出现key为null的Entry，就没有办法访问这些key为null的Entry的value,用途关系,JVM.txt,0.66,rule_pattern_sentence_level
弱引用,used_for,gc,引用类型实体,领域实体,ThreadLocalMap使用ThreadLocal的弱引用作为key，如果一个ThreadLocal没有外部强引用来引用它，那么系统GC时，这个ThreadLocal势必会被回收，这样一来，ThreadLocalMap中就会出现key为null的Entry，就没有办法访问这些key为null的Entry的value,用途关系,JVM.txt,0.66,rule_pattern_sentence_level
方法区,used_for,即时编译器编译后的代码缓存,内存区域实体,方法区与元数据相关实体,《深入理解Java虚拟机》书中对方法区（Method Area）存储内容描述如下：它用于存储已被虚拟机加载的类型信息、常量、静态变量、即时编译器编译后的代码缓存等,用途关系,JVM.txt,0.66,rule_pattern_sentence_level
方法区,used_for,类型信息,内存区域实体,方法区与元数据相关实体,《深入理解Java虚拟机》书中对方法区（Method Area）存储内容描述如下：它用于存储已被虚拟机加载的类型信息、常量、静态变量、即时编译器编译后的代码缓存等,用途关系,JVM.txt,0.66,rule_pattern_sentence_level
直接内存,is_a,堆外内存,内存区域实体,内存区域实体,直接内存：不属于 JVM 运行时数据区的一部分，通过 NIO 类引入，是一种堆外内存，可以显著提高 I/O 性能,上下位关系,JVM.txt,0.66,rule_pattern_sentence_level
程序计数器,used_for,JVM,内存区域实体,领域实体,程序计数器：可以看作是当前线程所执行的字节码的行号指示器，用于存储当前线程正在执行的 Java 方法的 JVM 指令地址,用途关系,JVM.txt,0.66,rule_pattern_sentence_level
线程,used_for,JVM,线程与私有性相关实体,领域实体,程序计数器：可以看作是当前线程所执行的字节码的行号指示器，用于存储当前线程正在执行的 Java 方法的 JVM 指令地址,用途关系,JVM.txt,0.66,rule_pattern_sentence_level
线程,used_for,动态链接,线程与私有性相关实体,栈与栈帧相关实体,栈帧创建：在调用一个方法前，JVM会在当前线程的Java虚拟机栈中为该方法分配一个新的栈帧，用于存储局部变量表、操作数栈、动态链接、方法出口等信息,用途关系,JVM.txt,0.66,rule_pattern_sentence_level
线程,used_for,数组,线程与私有性相关实体,对象与字符串相关实体,在JVM内存模型中，栈（Stack）主要用于管理线程的局部变量和方法调用的上下文，而堆（Heap）则是用于存储所有类的实例和数组,用途关系,JVM.txt,0.66,rule_pattern_sentence_level
线程,used_for,方法出口,线程与私有性相关实体,栈与栈帧相关实体,栈帧创建：在调用一个方法前，JVM会在当前线程的Java虚拟机栈中为该方法分配一个新的栈帧，用于存储局部变量表、操作数栈、动态链接、方法出口等信息,用途关系,JVM.txt,0.66,rule_pattern_sentence_level
线程,used_for,浮动垃圾,线程与私有性相关实体,垃圾回收核心概念实体,CMS产生浮动垃圾过多时会退化为serial old，效率低，因为在上图的第四阶段，CMS清除垃圾时是并发清除的，这个时候，垃圾回收线程和用户线程同时工作会产生浮动垃圾，也就意味着CMS垃圾回收器必须预留一部分内存空间用于存放浮动垃圾,用途关系,JVM.txt,0.66,rule_pattern_sentence_level
运行时常量池,used_for,常量,内存区域实体,方法区与元数据相关实体,运行时常量池：是方法区的一部分，用于存放编译期生成的各种字面量和符号引用，具有动态性，运行时也可将新的常量放入池中,用途关系,JVM.txt,0.66,rule_pattern_sentence_level
Major GC,is_a,gc,垃圾回收核心概念实体,领域实体,根据其作用范围和触发条件的不同，可以将GC分为三种类型：Minor GC（也称为Young GC）、Major GC（有时也称为Old GC）、以及Full GC,上位包含关系,JVM.txt,0.656,rule_pattern_sentence_level
批量处理任务,causes,堆溢出,场景与问题实体,内存区域实体,举个例子：曾遇到过一个批量处理任务，代码中把所有处理结果都存到了一个静态 List 里，导致对象越积越多，最终堆溢出,因果关系,JVM.txt,0.65,rule_pattern_sentence_level
树形结构遍历,causes,栈溢出,场景与问题实体,场景与问题实体,举个实际例子：曾遇到一个树形结构遍历的方法，因节点层级极深（超过 10 万层）且用递归实现，导致栈溢出,因果关系,JVM.txt,0.65,rule_pattern_sentence_level
重定位阶段,causes,指针,垃圾回收算法实体,栈与栈帧相关实体,重定位阶段，因为转移导致对象的地址发生了变化，在重定位阶段，所有指向对象旧地址的指针都要调整到对象新的地址上,因果关系,JVM.txt,0.65,rule_pattern_sentence_level
GC Roots,has_part,方法区,垃圾回收核心概念实体,内存区域实体,GC Roots对象包括：虚拟机栈（栈帧中的本地变量表）中引用的对象、方法区中类静态属性引用的对象、本地方法栈中JNI（Java Native Interface）引用的对象、活跃线程的引用等,整体部分关系,JVM.txt,0.648,rule_pattern_sentence_level
常量池,has_part,运行时常量池,方法区与元数据相关实体,内存区域实体,常量池：存储类和接口中的常量，包括字面值常量、符号引用，以及运行时常量池,整体部分关系,JVM.txt,0.648,rule_pattern_sentence_level
ThreadLocal,used_for,ThreadLocalMap,代码与容器实体,代码与容器实体,ThreadLocalMap使用ThreadLocal的弱引用作为key，如果一个ThreadLocal没有外部强引用来引用它，那么系统GC时，这个ThreadLocal势必会被回收，这样一来，ThreadLocalMap中就会出现key为null的Entry，就没有办法访问这些key为null的Entry的value,用途关系,JVM.txt,0.64,rule_pattern_sentence_level
key,used_for,ThreadLocal,代码与容器实体,代码与容器实体,ThreadLocalMap使用ThreadLocal的弱引用作为key，如果一个ThreadLocal没有外部强引用来引用它，那么系统GC时，这个ThreadLocal势必会被回收，这样一来，ThreadLocalMap中就会出现key为null的Entry，就没有办法访问这些key为null的Entry的value,用途关系,JVM.txt,0.64,rule_pattern_sentence_level
栈帧创建,used_for,局部变量表,栈与栈帧相关实体,栈与栈帧相关实体,栈帧创建：在调用一个方法前，JVM会在当前线程的Java虚拟机栈中为该方法分配一个新的栈帧，用于存储局部变量表、操作数栈、动态链接、方法出口等信息,用途关系,JVM.txt,0.64,rule_pattern_sentence_level
线程,used_for,指令地址,线程与私有性相关实体,线程与私有性相关实体,程序计数器：可以看作是当前线程所执行的字节码的行号指示器，用于存储当前线程正在执行的 Java 方法的 JVM 指令地址,用途关系,JVM.txt,0.64,rule_pattern_sentence_level
From Survivor,is_a,老年代,堆结构实体,堆结构实体,从内存回收角度，堆被划分为新生代和老年代，新生代又分为 Eden 区和两个 Survivor 区（From Survivor 和 To Survivor）,上位包含关系,JVM.txt,0.636,rule_pattern_sentence_level
初始化,is_a,类初始化,类加载过程实体,类加载过程实体,最后是初始化阶段（initialization），这一步真正去执行类初始化的代码逻辑，包括静态字段赋值的动作，以及执行类定义中的静态初始化块内的逻辑，编译器在编译阶段就会把这部分逻辑整理好，父类型的初始化逻辑优先于当前类型的逻辑,上位包含关系,JVM.txt,0.636,rule_pattern_sentence_level
对象头,is_a,初始化零值,对象与字符串相关实体,类加载过程实体,初始化零值：内存分配完成后，虚拟机需要将分配到的内存空间都初始化为零值（不包括对象头），这一步操作保证了对象的实例字段在 Java 代码中可以不赋初始值就直接使用，程序能访问到这些字段的数据类型所对应的零值,上位包含关系,JVM.txt,0.63,rule_pattern_sentence_level
本地方法栈,is_a,GC Roots,内存区域实体,垃圾回收核心概念实体,GC Roots对象包括：虚拟机栈（栈帧中的本地变量表）中引用的对象、方法区中类静态属性引用的对象、本地方法栈中JNI（Java Native Interface）引用的对象、活跃线程的引用等,上位包含关系,JVM.txt,0.63,rule_pattern_sentence_level
类初始化,has_part,初始化,类加载过程实体,类加载过程实体,最后是初始化阶段（initialization），这一步真正去执行类初始化的代码逻辑，包括静态字段赋值的动作，以及执行类定义中的静态初始化块内的逻辑，编译器在编译阶段就会把这部分逻辑整理好，父类型的初始化逻辑优先于当前类型的逻辑,整体部分关系,JVM.txt,0.616,rule_pattern_sentence_level
GC Roots,has_part,本地方法栈,垃圾回收核心概念实体,内存区域实体,GC Roots对象包括：虚拟机栈（栈帧中的本地变量表）中引用的对象、方法区中类静态属性引用的对象、本地方法栈中JNI（Java Native Interface）引用的对象、活跃线程的引用等,整体部分关系,JVM.txt,0.61,rule_pattern_sentence_level
To Survivor,is_a,新生代,堆结构实体,堆结构实体,从内存回收角度，堆被划分为新生代和老年代，新生代又分为 Eden 区和两个 Survivor 区（From Survivor 和 To Survivor）,上位包含关系,JVM.txt,0.61,rule_pattern_sentence_level
To Survivor,is_a,老年代,堆结构实体,堆结构实体,从内存回收角度，堆被划分为新生代和老年代，新生代又分为 Eden 区和两个 Survivor 区（From Survivor 和 To Survivor）,上位包含关系,JVM.txt,0.61,rule_pattern_sentence_level
使用,is_a,初始化,类加载过程实体,类加载过程实体,初始化零值：内存分配完成后，虚拟机需要将分配到的内存空间都初始化为零值（不包括对象头），这一步操作保证了对象的实例字段在 Java 代码中可以不赋初始值就直接使用，程序能访问到这些字段的数据类型所对应的零值,上位包含关系,JVM.txt,0.61,rule_pattern_sentence_level
初始化零值,has_part,对象头,类加载过程实体,对象与字符串相关实体,初始化零值：内存分配完成后，虚拟机需要将分配到的内存空间都初始化为零值（不包括对象头），这一步操作保证了对象的实例字段在 Java 代码中可以不赋初始值就直接使用，程序能访问到这些字段的数据类型所对应的零值,整体部分关系,JVM.txt,0.61,rule_pattern_sentence_level
加载,is_a,验证,类加载过程实体,类加载过程实体,验证：确保class文件中的字节流包含的信息，符合当前虚拟机的要求，保证这个被加载的class类的正确性，不会危害到虚拟机的安全,上位包含关系,JVM.txt,0.61,rule_pattern_sentence_level
初始化,has_part,使用,类加载过程实体,类加载过程实体,初始化零值：内存分配完成后，虚拟机需要将分配到的内存空间都初始化为零值（不包括对象头），这一步操作保证了对象的实例字段在 Java 代码中可以不赋初始值就直接使用，程序能访问到这些字段的数据类型所对应的零值,整体部分关系,JVM.txt,0.59,rule_pattern_sentence_level
验证,has_part,加载,类加载过程实体,类加载过程实体,验证：确保class文件中的字节流包含的信息，符合当前虚拟机的要求，保证这个被加载的class类的正确性，不会危害到虚拟机的安全,整体部分关系,JVM.txt,0.59,rule_pattern_sentence_level
行锁,is_a,InnoDB,锁机制实体,存储引擎实体,9. 临键锁(Next-Key Lock)：行锁+间隙锁，是InnoDB默认的行锁算法，用于解决幻读,上下位关系,mysql.txt,0.844,rule_pattern_sentence_level
undo log,used_for,事务,事务与一致性实体,领域实体,9. undo log：用于事务回滚和MVCC版本控制，记录数据修改前的日志,用途关系,mysql.txt,0.842,rule_pattern_sentence_level
索引,is_a,MySQL,领域实体,领域实体,1. 索引是帮助MySQL高效获取数据的**排好序的数据结构**，核心作用是提升查询效率，降低数据库IO成本,上下位关系,mysql.txt,0.842,rule_pattern_sentence_level
读写分离,implemented_by,从库,领域实体,主从复制与高可用实体,1. 主从复制：将主库数据同步到从库，实现数据备份、读写分离、故障转移,实现关系,mysql.txt,0.842,rule_pattern_sentence_level
InnoDB,depends_on,索引,存储引擎实体,领域实体,3. 行锁：锁定单行数据，粒度最小，并发性能最高，仅InnoDB支持，基于索引实现，无索引会升级为表锁,依赖关系,mysql.txt,0.84,rule_pattern_sentence_level
Sharding-JDBC,implemented_by,读写分离,中间件与工具实体,领域实体,6. 读写分离实现方式：中间件（Sharding-JDBC、MyCat）、代码层手动控制,实现关系,mysql.txt,0.836,rule_pattern_sentence_level
索引下推,is_a,索引,领域实体,领域实体,12. MySQL索引下推：是一种索引优化技术，在存储引擎层过滤不符合条件的数据，减少回表次数，提升查询效率,上下位关系,mysql.txt,0.836,rule_pattern_sentence_level
表锁,implemented_by,索引,锁机制实体,领域实体,3. 行锁：锁定单行数据，粒度最小，并发性能最高，仅InnoDB支持，基于索引实现，无索引会升级为表锁,实现关系,mysql.txt,0.83,rule_pattern_sentence_level
MySQL,is_a,关系型数据库管理系统,领域实体,领域实体,1. MySQL是一款开源的关系型数据库管理系统(RDBMS)，使用SQL作为查询语言，支持多线程、高并发，是Java后端开发最常用的数据库,上下位关系,mysql.txt,0.824,rule_pattern_sentence_level
WHERE,is_a,DML,SQL分类实体,SQL分类实体,3. DELETE：删除表中数据，语法：DELETE FROM 表名 WHERE 条件，属于DML，可回滚，不会重置自增主键,上下位关系,mysql.txt,0.824,rule_pattern_sentence_level
索引,implemented_by,InnoDB,领域实体,存储引擎实体,3. 行锁：锁定单行数据，粒度最小，并发性能最高，仅InnoDB支持，基于索引实现，无索引会升级为表锁,实现关系,mysql.txt,0.824,rule_pattern_sentence_level
Next-Key Lock,is_a,InnoDB,锁机制实体,存储引擎实体,9. 临键锁(Next-Key Lock)：行锁+间隙锁，是InnoDB默认的行锁算法，用于解决幻读,上下位关系,mysql.txt,0.82,rule_pattern_sentence_level
行锁,used_for,幻读,锁机制实体,事务与一致性实体,9. 临键锁(Next-Key Lock)：行锁+间隙锁，是InnoDB默认的行锁算法，用于解决幻读,用途关系,mysql.txt,0.818,rule_pattern_sentence_level
MySQL,is_a,索引,领域实体,领域实体,12. MySQL索引下推：是一种索引优化技术，在存储引擎层过滤不符合条件的数据，减少回表次数，提升查询效率,上下位关系,mysql.txt,0.812,rule_pattern_sentence_level
TRUNCATE,is_a,DDL,SQL分类实体,SQL分类实体,4. TRUNCATE：清空表数据，属于DDL，不可回滚，执行速度比DELETE快，会重置自增主键,上下位关系,mysql.txt,0.806,rule_pattern_sentence_level
读写分离,implemented_by,主库,领域实体,主从复制与高可用实体,1. 主从复制：将主库数据同步到从库，实现数据备份、读写分离、故障转移,实现关系,mysql.txt,0.8,rule_pattern_sentence_level
间隙锁,is_a,行锁,锁机制实体,锁机制实体,9. 临键锁(Next-Key Lock)：行锁+间隙锁，是InnoDB默认的行锁算法，用于解决幻读,上下位关系,mysql.txt,0.794,rule_pattern_sentence_level
undo log,used_for,MVCC,事务与一致性实体,事务与一致性实体,9. undo log：用于事务回滚和MVCC版本控制，记录数据修改前的日志,用途关系,mysql.txt,0.792,rule_pattern_sentence_level
故障转移,implemented_by,从库,主从复制与高可用实体,主从复制与高可用实体,1. 主从复制：将主库数据同步到从库，实现数据备份、读写分离、故障转移,实现关系,mysql.txt,0.792,rule_pattern_sentence_level
InnoDB,used_for,幻读,存储引擎实体,事务与一致性实体,9. 临键锁(Next-Key Lock)：行锁+间隙锁，是InnoDB默认的行锁算法，用于解决幻读,用途关系,mysql.txt,0.788,rule_pattern_sentence_level
二进制日志,used_for,数据恢复,主从复制与高可用实体,运维与安全实体,3. binlog日志：二进制日志，记录数据修改操作，用于数据恢复、主从复制,用途关系,mysql.txt,0.788,rule_pattern_sentence_level
相关子查询,is_a,SQL,查询与连接实体,领域实体,5. 子查询：嵌套在SQL中的查询，分为相关子查询和非相关子查询，效率较低，优先使用联表查询替代,上位包含关系,mysql.txt,0.788,rule_pattern_sentence_level
索引下推,is_a,存储引擎层,领域实体,领域实体,12. MySQL索引下推：是一种索引优化技术，在存储引擎层过滤不符合条件的数据，减少回表次数，提升查询效率,上下位关系,mysql.txt,0.788,rule_pattern_sentence_level
表锁,implemented_by,InnoDB,锁机制实体,存储引擎实体,3. 行锁：锁定单行数据，粒度最小，并发性能最高，仅InnoDB支持，基于索引实现，无索引会升级为表锁,实现关系,mysql.txt,0.788,rule_pattern_sentence_level
索引,is_a,最左匹配,领域实体,索引相关实体,9. 最左前缀原则：联合索引遵循最左匹配，查询条件必须包含索引的第一个字段，否则索引失效,上位包含关系,mysql.txt,0.776,rule_pattern_sentence_level
InnoDB,depends_on,表锁,存储引擎实体,锁机制实体,3. 行锁：锁定单行数据，粒度最小，并发性能最高，仅InnoDB支持，基于索引实现，无索引会升级为表锁,依赖关系,mysql.txt,0.768,rule_pattern_sentence_level
MySQL,is_a,存储引擎层,领域实体,领域实体,12. MySQL索引下推：是一种索引优化技术，在存储引擎层过滤不符合条件的数据，减少回表次数，提升查询效率,上下位关系,mysql.txt,0.764,rule_pattern_sentence_level
utf8mb4,is_a,emoji,MySQL8.0与扩展特性实体,MySQL8.0与扩展特性实体,9. 字符集：utf8mb4是MySQL推荐字符集，支持存储emoji表情，替代utf8,上下位关系,mysql.txt,0.764,rule_pattern_sentence_level
服务层,is_a,MySQL,基础架构实体,领域实体,3. MySQL基础架构分为两层：**服务层**（连接管理、SQL解析、优化器、查询缓存、执行器）和**存储引擎层**（负责数据存储和提取，插件式架构）,上位包含关系,mysql.txt,0.764,rule_pattern_sentence_level
WHERE,is_a,主键,SQL分类实体,数据库设计与规范实体,3. DELETE：删除表中数据，语法：DELETE FROM 表名 WHERE 条件，属于DML，可回滚，不会重置自增主键,上下位关系,mysql.txt,0.76,rule_pattern_sentence_level
间隙锁,is_a,幻读,锁机制实体,事务与一致性实体,9. 临键锁(Next-Key Lock)：行锁+间隙锁，是InnoDB默认的行锁算法，用于解决幻读,上下位关系,mysql.txt,0.76,rule_pattern_sentence_level
MySQL,is_a,RDBMS,领域实体,领域实体,1. MySQL是一款开源的关系型数据库管理系统(RDBMS)，使用SQL作为查询语言，支持多线程、高并发，是Java后端开发最常用的数据库,上下位关系,mysql.txt,0.758,rule_pattern_sentence_level
二进制日志,used_for,主从复制,主从复制与高可用实体,领域实体,3. binlog日志：二进制日志，记录数据修改操作，用于数据恢复、主从复制,用途关系,mysql.txt,0.758,rule_pattern_sentence_level
最左匹配,has_part,索引,索引相关实体,领域实体,9. 最左前缀原则：联合索引遵循最左匹配，查询条件必须包含索引的第一个字段，否则索引失效,整体部分关系,mysql.txt,0.756,rule_pattern_sentence_level
读写分离,implemented_by,主从复制,领域实体,领域实体,1. 主从复制：将主库数据同步到从库，实现数据备份、读写分离、故障转移,实现关系,mysql.txt,0.756,rule_pattern_sentence_level
MyCat,implemented_by,读写分离,中间件与工具实体,领域实体,6. 读写分离实现方式：中间件（Sharding-JDBC、MyCat）、代码层手动控制,实现关系,mysql.txt,0.752,rule_pattern_sentence_level
非相关子查询,is_a,SQL,查询与连接实体,领域实体,5. 子查询：嵌套在SQL中的查询，分为相关子查询和非相关子查询，效率较低，优先使用联表查询替代,上位包含关系,mysql.txt,0.752,rule_pattern_sentence_level
故障转移,implemented_by,主库,主从复制与高可用实体,主从复制与高可用实体,1. 主从复制：将主库数据同步到从库，实现数据备份、读写分离、故障转移,实现关系,mysql.txt,0.75,rule_pattern_sentence_level
Next-Key Lock,is_a,行锁,锁机制实体,锁机制实体,9. 临键锁(Next-Key Lock)：行锁+间隙锁，是InnoDB默认的行锁算法，用于解决幻读,上下位关系,mysql.txt,0.746,rule_pattern_sentence_level
故障转移,implemented_by,主从复制,主从复制与高可用实体,领域实体,1. 主从复制：将主库数据同步到从库，实现数据备份、读写分离、故障转移,实现关系,mysql.txt,0.746,rule_pattern_sentence_level
索引,is_a,覆盖索引,领域实体,领域实体,8. 覆盖索引：查询的字段全部包含在索引中，无需回表，是索引优化的重要手段,上位包含关系,mysql.txt,0.744,rule_pattern_sentence_level
DELETE,is_a,DML,SQL分类实体,SQL分类实体,3. DELETE：删除表中数据，语法：DELETE FROM 表名 WHERE 条件，属于DML，可回滚，不会重置自增主键,上下位关系,mysql.txt,0.74,rule_pattern_sentence_level
binlog,used_for,数据恢复,主从复制与高可用实体,运维与安全实体,3. binlog日志：二进制日志，记录数据修改操作，用于数据恢复、主从复制,用途关系,mysql.txt,0.74,rule_pattern_sentence_level
间隙锁,used_for,幻读,锁机制实体,事务与一致性实体,9. 临键锁(Next-Key Lock)：行锁+间隙锁，是InnoDB默认的行锁算法，用于解决幻读,用途关系,mysql.txt,0.74,rule_pattern_sentence_level
临键锁,is_a,InnoDB,锁机制实体,存储引擎实体,9. 临键锁(Next-Key Lock)：行锁+间隙锁，是InnoDB默认的行锁算法，用于解决幻读,上下位关系,mysql.txt,0.736,rule_pattern_sentence_level
行锁,is_a,幻读,锁机制实体,事务与一致性实体,9. 临键锁(Next-Key Lock)：行锁+间隙锁，是InnoDB默认的行锁算法，用于解决幻读,上下位关系,mysql.txt,0.736,rule_pattern_sentence_level
覆盖索引,is_a,索引,领域实体,领域实体,8. 覆盖索引：查询的字段全部包含在索引中，无需回表，是索引优化的重要手段,上下位关系,mysql.txt,0.734,rule_pattern_sentence_level
回表,is_a,覆盖索引,索引相关实体,领域实体,8. 覆盖索引：查询的字段全部包含在索引中，无需回表，是索引优化的重要手段,上位包含关系,mysql.txt,0.728,rule_pattern_sentence_level
连接管理,is_a,MySQL,基础架构实体,领域实体,3. MySQL基础架构分为两层：**服务层**（连接管理、SQL解析、优化器、查询缓存、执行器）和**存储引擎层**（负责数据存储和提取，插件式架构）,上位包含关系,mysql.txt,0.728,rule_pattern_sentence_level
相关子查询,is_a,子查询,查询与连接实体,查询与连接实体,5. 子查询：嵌套在SQL中的查询，分为相关子查询和非相关子查询，效率较低，优先使用联表查询替代,上位包含关系,mysql.txt,0.726,rule_pattern_sentence_level
覆盖索引,has_part,索引,领域实体,领域实体,8. 覆盖索引：查询的字段全部包含在索引中，无需回表，是索引优化的重要手段,整体部分关系,mysql.txt,0.724,rule_pattern_sentence_level
TRUNCATE,is_a,DELETE,SQL分类实体,SQL分类实体,4. TRUNCATE：清空表数据，属于DDL，不可回滚，执行速度比DELETE快，会重置自增主键,上下位关系,mysql.txt,0.722,rule_pattern_sentence_level
意向共享锁,is_a,InnoDB,锁机制实体,存储引擎实体,7. 意向锁：InnoDB自动添加的表级锁，提升加锁效率，分为意向共享锁、意向排他锁,上位包含关系,mysql.txt,0.722,rule_pattern_sentence_level
数据库三范式,depends_on,主键,领域实体,数据库设计与规范实体,4. 数据库三范式：1NF（列不可再分）、2NF（消除部分函数依赖，主键决定所有非主键字段）、3NF（消除传递函数依赖，非主键字段不依赖其他非主键字段）,依赖关系,mysql.txt,0.72,rule_pattern_sentence_level
索引,is_a,联合索引,领域实体,领域实体,9. 最左前缀原则：联合索引遵循最左匹配，查询条件必须包含索引的第一个字段，否则索引失效,上位包含关系,mysql.txt,0.72,rule_pattern_sentence_level
Next-Key Lock,is_a,幻读,锁机制实体,事务与一致性实体,9. 临键锁(Next-Key Lock)：行锁+间隙锁，是InnoDB默认的行锁算法，用于解决幻读,上下位关系,mysql.txt,0.712,rule_pattern_sentence_level
binlog,used_for,主从复制,主从复制与高可用实体,领域实体,3. binlog日志：二进制日志，记录数据修改操作，用于数据恢复、主从复制,用途关系,mysql.txt,0.71,rule_pattern_sentence_level
索引,is_a,最左前缀原则,领域实体,索引相关实体,9. 最左前缀原则：联合索引遵循最左匹配，查询条件必须包含索引的第一个字段，否则索引失效,上位包含关系,mysql.txt,0.71,rule_pattern_sentence_level
索引失效,is_a,最左匹配,领域实体,索引相关实体,9. 最左前缀原则：联合索引遵循最左匹配，查询条件必须包含索引的第一个字段，否则索引失效,上位包含关系,mysql.txt,0.71,rule_pattern_sentence_level
覆盖索引,has_part,回表,领域实体,索引相关实体,8. 覆盖索引：查询的字段全部包含在索引中，无需回表，是索引优化的重要手段,整体部分关系,mysql.txt,0.708,rule_pattern_sentence_level
MySQL,is_a,SQL,领域实体,领域实体,1. MySQL是一款开源的关系型数据库管理系统(RDBMS)，使用SQL作为查询语言，支持多线程、高并发，是Java后端开发最常用的数据库,上下位关系,mysql.txt,0.704,rule_pattern_sentence_level
utf8mb4,is_a,utf8,MySQL8.0与扩展特性实体,MySQL8.0与扩展特性实体,9. 字符集：utf8mb4是MySQL推荐字符集，支持存储emoji表情，替代utf8,上下位关系,mysql.txt,0.704,rule_pattern_sentence_level
外键,used_for,主键,数据库设计与规范实体,数据库设计与规范实体,11. 外键：用于建立两张表之间的关联关系，参照另一张表的主键，保证数据的参照完整性，实际开发中很少使用物理外键，多用逻辑外键,用途关系,mysql.txt,0.702,rule_pattern_sentence_level
索引下推,is_a,回表,领域实体,索引相关实体,12. MySQL索引下推：是一种索引优化技术，在存储引擎层过滤不符合条件的数据，减少回表次数，提升查询效率,上下位关系,mysql.txt,0.7,rule_pattern_sentence_level
联合索引,has_part,索引,领域实体,领域实体,9. 最左前缀原则：联合索引遵循最左匹配，查询条件必须包含索引的第一个字段，否则索引失效,整体部分关系,mysql.txt,0.7,rule_pattern_sentence_level
SQL解析,is_a,MySQL,基础架构实体,领域实体,3. MySQL基础架构分为两层：**服务层**（连接管理、SQL解析、优化器、查询缓存、执行器）和**存储引擎层**（负责数据存储和提取，插件式架构）,上位包含关系,mysql.txt,0.698,rule_pattern_sentence_level
Next-Key Lock,used_for,幻读,锁机制实体,事务与一致性实体,9. 临键锁(Next-Key Lock)：行锁+间隙锁，是InnoDB默认的行锁算法，用于解决幻读,用途关系,mysql.txt,0.692,rule_pattern_sentence_level
最左前缀原则,has_part,索引,索引相关实体,领域实体,9. 最左前缀原则：联合索引遵循最左匹配，查询条件必须包含索引的第一个字段，否则索引失效,整体部分关系,mysql.txt,0.69,rule_pattern_sentence_level
最左匹配,has_part,索引失效,索引相关实体,领域实体,9. 最左前缀原则：联合索引遵循最左匹配，查询条件必须包含索引的第一个字段，否则索引失效,整体部分关系,mysql.txt,0.69,rule_pattern_sentence_level
索引,implemented_by,行锁,领域实体,锁机制实体,3. 行锁：锁定单行数据，粒度最小，并发性能最高，仅InnoDB支持，基于索引实现，无索引会升级为表锁,实现关系,mysql.txt,0.69,rule_pattern_sentence_level
非相关子查询,is_a,子查询,查询与连接实体,查询与连接实体,5. 子查询：嵌套在SQL中的查询，分为相关子查询和非相关子查询，效率较低，优先使用联表查询替代,上位包含关系,mysql.txt,0.69,rule_pattern_sentence_level
意向排他锁,is_a,InnoDB,锁机制实体,存储引擎实体,7. 意向锁：InnoDB自动添加的表级锁，提升加锁效率，分为意向共享锁、意向排他锁,上位包含关系,mysql.txt,0.686,rule_pattern_sentence_level
DELETE,is_a,主键,SQL分类实体,数据库设计与规范实体,3. DELETE：删除表中数据，语法：DELETE FROM 表名 WHERE 条件，属于DML，可回滚，不会重置自增主键,上下位关系,mysql.txt,0.68,rule_pattern_sentence_level
MySQL,is_a,回表,领域实体,索引相关实体,12. MySQL索引下推：是一种索引优化技术，在存储引擎层过滤不符合条件的数据，减少回表次数，提升查询效率,上下位关系,mysql.txt,0.68,rule_pattern_sentence_level
SQL,is_a,数据库,领域实体,领域实体,1. MySQL是一款开源的关系型数据库管理系统(RDBMS)，使用SQL作为查询语言，支持多线程、高并发，是Java后端开发最常用的数据库,上下位关系,mysql.txt,0.68,rule_pattern_sentence_level
TRUNCATE,is_a,主键,SQL分类实体,数据库设计与规范实体,4. TRUNCATE：清空表数据，属于DDL，不可回滚，执行速度比DELETE快，会重置自增主键,上下位关系,mysql.txt,0.68,rule_pattern_sentence_level
行锁,depends_on,索引,锁机制实体,领域实体,3. 行锁：锁定单行数据，粒度最小，并发性能最高，仅InnoDB支持，基于索引实现，无索引会升级为表锁,依赖关系,mysql.txt,0.678,rule_pattern_sentence_level
LIKE,causes,索引失效,SQL分类实体,领域实体,7. LIKE模糊查询：%匹配任意多个字符，_匹配单个字符，避免前置%导致索引失效,因果关系,mysql.txt,0.67,rule_pattern_sentence_level
临键锁,is_a,行锁,锁机制实体,锁机制实体,9. 临键锁(Next-Key Lock)：行锁+间隙锁，是InnoDB默认的行锁算法，用于解决幻读,上下位关系,mysql.txt,0.662,rule_pattern_sentence_level
优化器,is_a,MySQL,基础架构实体,领域实体,3. MySQL基础架构分为两层：**服务层**（连接管理、SQL解析、优化器、查询缓存、执行器）和**存储引擎层**（负责数据存储和提取，插件式架构）,上位包含关系,mysql.txt,0.662,rule_pattern_sentence_level
MySQL,is_a,数据库,领域实体,领域实体,1. 索引是帮助MySQL高效获取数据的**排好序的数据结构**，核心作用是提升查询效率，降低数据库IO成本,上下位关系,mysql.txt,0.66,rule_pattern_sentence_level
临键锁,used_for,幻读,锁机制实体,事务与一致性实体,9. 临键锁(Next-Key Lock)：行锁+间隙锁，是InnoDB默认的行锁算法，用于解决幻读,用途关系,mysql.txt,0.66,rule_pattern_sentence_level
意向共享锁,is_a,意向锁,锁机制实体,锁机制实体,7. 意向锁：InnoDB自动添加的表级锁，提升加锁效率，分为意向共享锁、意向排他锁,上位包含关系,mysql.txt,0.66,rule_pattern_sentence_level
联表查询,is_a,SQL,数据库设计与规范实体,领域实体,5. 子查询：嵌套在SQL中的查询，分为相关子查询和非相关子查询，效率较低，优先使用联表查询替代,上位包含关系,mysql.txt,0.656,rule_pattern_sentence_level
外键,used_for,参照完整性,数据库设计与规范实体,数据库设计与规范实体,11. 外键：用于建立两张表之间的关联关系，参照另一张表的主键，保证数据的参照完整性，实际开发中很少使用物理外键，多用逻辑外键,用途关系,mysql.txt,0.654,rule_pattern_sentence_level
索引失效,is_a,联合索引,领域实体,领域实体,9. 最左前缀原则：联合索引遵循最左匹配，查询条件必须包含索引的第一个字段，否则索引失效,上位包含关系,mysql.txt,0.654,rule_pattern_sentence_level
索引失效,is_a,最左前缀原则,领域实体,索引相关实体,9. 最左前缀原则：联合索引遵循最左匹配，查询条件必须包含索引的第一个字段，否则索引失效,上位包含关系,mysql.txt,0.644,rule_pattern_sentence_level
查询缓存,is_a,MySQL,基础架构实体,领域实体,3. MySQL基础架构分为两层：**服务层**（连接管理、SQL解析、优化器、查询缓存、执行器）和**存储引擎层**（负责数据存储和提取，插件式架构）,上位包含关系,mysql.txt,0.638,rule_pattern_sentence_level
联合索引,has_part,索引失效,领域实体,领域实体,9. 最左前缀原则：联合索引遵循最左匹配，查询条件必须包含索引的第一个字段，否则索引失效,整体部分关系,mysql.txt,0.634,rule_pattern_sentence_level
执行器,is_a,MySQL,基础架构实体,领域实体,3. MySQL基础架构分为两层：**服务层**（连接管理、SQL解析、优化器、查询缓存、执行器）和**存储引擎层**（负责数据存储和提取，插件式架构）,上位包含关系,mysql.txt,0.63,rule_pattern_sentence_level
联表查询,is_a,子查询,数据库设计与规范实体,查询与连接实体,5. 子查询：嵌套在SQL中的查询，分为相关子查询和非相关子查询，效率较低，优先使用联表查询替代,上位包含关系,mysql.txt,0.63,rule_pattern_sentence_level
意向排他锁,is_a,意向锁,锁机制实体,锁机制实体,7. 意向锁：InnoDB自动添加的表级锁，提升加锁效率，分为意向共享锁、意向排他锁,上位包含关系,mysql.txt,0.624,rule_pattern_sentence_level
最左前缀原则,has_part,索引失效,索引相关实体,领域实体,9. 最左前缀原则：联合索引遵循最左匹配，查询条件必须包含索引的第一个字段，否则索引失效,整体部分关系,mysql.txt,0.624,rule_pattern_sentence_level
存储引擎层,is_a,MySQL,领域实体,领域实体,3. MySQL基础架构分为两层：**服务层**（连接管理、SQL解析、优化器、查询缓存、执行器）和**存储引擎层**（负责数据存储和提取，插件式架构）,上位包含关系,mysql.txt,0.61,rule_pattern_sentence_level
处理器,alias_of,用户态,资源与硬件实体,核心抽象实体,操作系统运行离不开两种处理器状态，即用户态和内核态,别名关系,os.txt,0.946,rule_pattern_sentence_level
进程,alias_of,Thrashing,核心抽象实体,虚拟内存与页面置换实体,课程中还会讨论抖动（Thrashing）现象，即进程频繁换页导致系统大部分时间都用于页面调度而非真正计算，这反映出内存管理与系统性能之间的紧密联系,别名关系,os.txt,0.94,rule_pattern_sentence_level
内存,alias_of,页面置换算法,资源与硬件实体,资源与硬件实体,与虚拟内存密切相关的是页面置换算法，即当内存已满而仍需调入新页面时，系统应选择哪个旧页面换出,别名关系,os.txt,0.932,rule_pattern_sentence_level
处理器,alias_of,内核态,资源与硬件实体,领域实体,操作系统运行离不开两种处理器状态，即用户态和内核态,别名关系,os.txt,0.922,rule_pattern_sentence_level
用户态,alias_of,操作系统,核心抽象实体,领域实体,操作系统运行离不开两种处理器状态，即用户态和内核态,别名关系,os.txt,0.886,rule_pattern_sentence_level
内存,alias_of,虚拟内存,资源与硬件实体,核心抽象实体,与虚拟内存密切相关的是页面置换算法，即当内存已满而仍需调入新页面时，系统应选择哪个旧页面换出,别名关系,os.txt,0.88,rule_pattern_sentence_level
进程,alias_of,课程中还会讨论抖动,核心抽象实体,虚拟内存与页面置换实体,课程中还会讨论抖动（Thrashing）现象，即进程频繁换页导致系统大部分时间都用于页面调度而非真正计算，这反映出内存管理与系统性能之间的紧密联系,别名关系,os.txt,0.88,rule_pattern_sentence_level
Process,is_a,操作系统,进程与线程实体,领域实体,进程（Process）是操作系统课程中最重要的概念之一,上下位关系,os.txt,0.868,rule_pattern_sentence_level
Virtual Memory,is_a,操作系统,虚拟内存与页面置换实体,领域实体,虚拟内存（Virtual Memory）是操作系统的一项重要技术，它使程序不必全部装入内存即可运行,上下位关系,os.txt,0.868,rule_pattern_sentence_level
并发,implemented_by,进程与线程,核心思想与性质实体,核心抽象实体,它通过进程与线程机制实现并发执行，通过调度算法提高处理器利用率，通过同步与互斥保证共享资源访问正确，通过内存管理和虚拟内存扩展系统能力，通过文件系统组织长期数据，通过设备管理协调各种外设工作，并通过权限控制和安全机制维护系统稳定,实现关系,os.txt,0.866,rule_pattern_sentence_level
内存,is_a,操作系统,资源与硬件实体,领域实体,内存管理是操作系统中技术性很强的一部分,上下位关系,os.txt,0.862,rule_pattern_sentence_level
驱动程序,is_a,操作系统,设备管理与I/O实体,领域实体,驱动程序是连接操作系统与具体硬件的桥梁，它把操作系统的通用 I/O 请求转换为特定设备可识别的控制命令,上下位关系,os.txt,0.862,rule_pattern_sentence_level
操作系统,depends_on,中断,领域实体,处理器与调度实体,同时，操作系统依赖中断和异常机制响应外部设备和内部错误,依赖关系,os.txt,0.858,rule_pattern_sentence_level
Thread,is_a,进程,进程与线程实体,核心抽象实体,线程（Thread）则是比进程更轻量的执行单位，通常被称为 CPU 调度的基本单位,上下位关系,os.txt,0.856,rule_pattern_sentence_level
进程同步,is_a,操作系统,核心抽象实体,领域实体,因此，进程同步与互斥是操作系统课程中的重点与难点,上下位关系,os.txt,0.856,rule_pattern_sentence_level
并发,implemented_by,操作系统,核心思想与性质实体,领域实体,调度是操作系统实现“多任务并发”的核心机制,实现关系,os.txt,0.854,rule_pattern_sentence_level
Deadlock,is_a,进程,死锁相关实体,核心抽象实体,死锁（Deadlock）是指多个进程因争夺资源而形成相互等待，从而都无法继续执行的状态,上下位关系,os.txt,0.85,rule_pattern_sentence_level
OS,is_a,计算机系统,领域实体,领域实体,操作系统（Operating System，简称 OS）是计算机系统中最核心的系统软件之一，它位于硬件与应用程序之间，承担资源管理、任务调度、服务提供和用户接口等重要职责,上下位关系,os.txt,0.848,rule_pattern_sentence_level
macOS,is_a,计算机系统,系统与平台实体,领域实体,从课程学习的角度来看，操作系统并不是单纯介绍某一个具体系统，如 Windows、Linux 或 macOS，而是研究“计算机系统如何高效、安全、可靠地运行”的一般规律,上下位关系,os.txt,0.844,rule_pattern_sentence_level
虚拟内存,is_a,页面置换算法,核心抽象实体,资源与硬件实体,与虚拟内存密切相关的是页面置换算法，即当内存已满而仍需调入新页面时，系统应选择哪个旧页面换出,上下位关系,os.txt,0.844,rule_pattern_sentence_level
内核态,alias_of,操作系统,领域实体,领域实体,操作系统运行离不开两种处理器状态，即用户态和内核态,别名关系,os.txt,0.842,rule_pattern_sentence_level
系统调用,is_a,内核态,领域实体,领域实体,系统调用是用户态与内核态交互的主要桥梁，也是课程中的关键知识点,上下位关系,os.txt,0.83,rule_pattern_sentence_level
页面置换算法,implemented_by,简单 Shell,资源与硬件实体,课程与方法相关实体,通过编写简单 Shell、模拟进程调度、实现页面置换算法、观察 Linux 进程与线程、分析文件系统命令输出等方式，能够把理论知识与真实系统联系起来,实现关系,os.txt,0.83,rule_pattern_sentence_level
文件系统,is_a,操作系统,核心抽象实体,领域实体,文件系统是用户感知最直接的操作系统功能之一,上下位关系,os.txt,0.826,rule_pattern_sentence_level
权限,is_a,稳定性,文件系统实体,核心思想与性质实体,这种权限分离机制是保障系统稳定性和安全性的基础,上下位关系,os.txt,0.826,rule_pattern_sentence_level
内存,implemented_by,死锁,资源与硬件实体,同步与互斥实体,它既关注理论问题，例如进程同步为何会产生死锁，也关注工程实现，例如内存如何分页、磁盘如何调度,实现关系,os.txt,0.824,rule_pattern_sentence_level
安全性判断,is_a,银行家算法,死锁相关实体,死锁相关实体,避免则是在分配资源前进行安全性判断，典型方法是银行家算法（Banker’s Algorithm）,上下位关系,os.txt,0.824,rule_pattern_sentence_level
并发,implemented_by,调度,核心思想与性质实体,处理器与调度实体,调度是操作系统实现“多任务并发”的核心机制,实现关系,os.txt,0.824,rule_pattern_sentence_level
并发能力,used_for,图形界面程序,进程与线程实体,发展历程实体,多线程机制有助于提升程序并发能力，尤其适用于图形界面程序、服务器程序和并行计算任务,用途关系,os.txt,0.824,rule_pattern_sentence_level
调度,implemented_by,进程与线程,处理器与调度实体,核心抽象实体,它通过进程与线程机制实现并发执行，通过调度算法提高处理器利用率，通过同步与互斥保证共享资源访问正确，通过内存管理和虚拟内存扩展系统能力，通过文件系统组织长期数据，通过设备管理协调各种外设工作，并通过权限控制和安全机制维护系统稳定,实现关系,os.txt,0.824,rule_pattern_sentence_level
CPU,is_a,操作系统,资源与硬件实体,领域实体,由于 CPU 是极其宝贵的资源，操作系统必须决定“谁先运行、运行多久、何时切换”,上下位关系,os.txt,0.82,rule_pattern_sentence_level
内核,is_a,进程调度,领域实体,核心抽象实体,内核是最核心的部分，负责进程调度、内存管理、中断处理、设备控制等关键操作,上下位关系,os.txt,0.82,rule_pattern_sentence_level
进程,is_a,操作系统,核心抽象实体,领域实体,进程（Process）是操作系统课程中最重要的概念之一,上下位关系,os.txt,0.82,rule_pattern_sentence_level
调度,is_a,并发,处理器与调度实体,核心思想与性质实体,调度是操作系统实现“多任务并发”的核心机制,上下位关系,os.txt,0.814,rule_pattern_sentence_level
Operating System,is_a,计算机系统,领域实体,领域实体,操作系统（Operating System，简称 OS）是计算机系统中最核心的系统软件之一，它位于硬件与应用程序之间，承担资源管理、任务调度、服务提供和用户接口等重要职责,上下位关系,os.txt,0.812,rule_pattern_sentence_level
处理器管理,is_a,CPU,资源与硬件实体,资源与硬件实体,处理器管理的核心任务是让 CPU 合理地服务多个程序,上下位关系,os.txt,0.812,rule_pattern_sentence_level
绝对路径,is_a,文件,文件系统实体,核心抽象实体,路径名则用于唯一定位文件，分为绝对路径和相对路径,上位包含关系,os.txt,0.812,rule_pattern_sentence_level
互斥,is_a,进程,同步与互斥实体,核心抽象实体,互斥是指在某一时刻只允许一个进程进入临界区访问共享资源,上下位关系,os.txt,0.808,rule_pattern_sentence_level
多道程序设计,is_a,内存,发展历程实体,资源与硬件实体,所谓多道程序设计，是指将多个程序同时装入内存，在一个程序因输入输出操作而等待时，CPU 可以切换去执行其他程序，从而减少处理器空闲时间，提高系统吞吐量,上下位关系,os.txt,0.808,rule_pattern_sentence_level
操作系统,is_a,抽象,领域实体,核心思想与性质实体,而对于程序员和系统设计者而言，操作系统则是一个复杂的资源控制与抽象平台，它屏蔽了底层硬件的细节，为上层软件提供统一、规范、稳定的运行接口,上下位关系,os.txt,0.808,rule_pattern_sentence_level
先来先服务,is_a,调度,调度算法实体,处理器与调度实体,常见的调度算法包括先来先服务（First Come First Served，FCFS）、短作业优先（Shortest Job First，SJF）、时间片轮转（Round Robin，RR）、优先级调度和多级反馈队列（Multilevel Feedback Queue）等,上位包含关系,os.txt,0.806,rule_pattern_sentence_level
操作系统,is_a,计算机系统,领域实体,领域实体,总体而言，操作系统课程研究的是如何让计算机系统在多任务、多用户、多资源约束下高效、有序、安全地运行,上下位关系,os.txt,0.806,rule_pattern_sentence_level
操作系统,depends_on,外部设备,领域实体,资源与硬件实体,同时，操作系统依赖中断和异常机制响应外部设备和内部错误,依赖关系,os.txt,0.804,rule_pattern_sentence_level
权限,is_a,安全性,文件系统实体,核心思想与性质实体,这种权限分离机制是保障系统稳定性和安全性的基础,上下位关系,os.txt,0.802,rule_pattern_sentence_level
分页,implemented_by,死锁,资源与硬件实体,同步与互斥实体,它既关注理论问题，例如进程同步为何会产生死锁，也关注工程实现，例如内存如何分页、磁盘如何调度,实现关系,os.txt,0.8,rule_pattern_sentence_level
路径名,used_for,文件,核心抽象实体,核心抽象实体,路径名则用于唯一定位文件，分为绝对路径和相对路径,用途关系,os.txt,0.798,rule_pattern_sentence_level
Linux,is_a,计算机系统,系统与平台实体,领域实体,从课程学习的角度来看，操作系统并不是单纯介绍某一个具体系统，如 Windows、Linux 或 macOS，而是研究“计算机系统如何高效、安全、可靠地运行”的一般规律,上下位关系,os.txt,0.796,rule_pattern_sentence_level
死锁,is_a,进程,同步与互斥实体,核心抽象实体,死锁（Deadlock）是指多个进程因争夺资源而形成相互等待，从而都无法继续执行的状态,上下位关系,os.txt,0.796,rule_pattern_sentence_level
线程,is_a,进程,核心抽象实体,核心抽象实体,线程（Thread）则是比进程更轻量的执行单位，通常被称为 CPU 调度的基本单位,上下位关系,os.txt,0.794,rule_pattern_sentence_level
Linux 进程与线程,implemented_by,模拟进程调度,核心抽象实体,核心抽象实体,通过编写简单 Shell、模拟进程调度、实现页面置换算法、观察 Linux 进程与线程、分析文件系统命令输出等方式，能够把理论知识与真实系统联系起来,实现关系,os.txt,0.792,rule_pattern_sentence_level
内核,is_a,内存,领域实体,资源与硬件实体,内核是最核心的部分，负责进程调度、内存管理、中断处理、设备控制等关键操作,上下位关系,os.txt,0.79,rule_pattern_sentence_level
虚拟内存,is_a,内存,核心抽象实体,资源与硬件实体,与虚拟内存密切相关的是页面置换算法，即当内存已满而仍需调入新页面时，系统应选择哪个旧页面换出,上下位关系,os.txt,0.79,rule_pattern_sentence_level
OS,is_a,系统软件,领域实体,领域实体,操作系统（Operating System，简称 OS）是计算机系统中最核心的系统软件之一，它位于硬件与应用程序之间，承担资源管理、任务调度、服务提供和用户接口等重要职责,上下位关系,os.txt,0.788,rule_pattern_sentence_level
分页,is_a,非连续分配,资源与硬件实体,内存管理实体,为了提升内存利用率并简化分配管理，现代操作系统普遍采用非连续分配技术，主要包括分页（Paging）和分段（Segmentation）,上位包含关系,os.txt,0.788,rule_pattern_sentence_level
处理器,implemented_by,进程与线程,资源与硬件实体,核心抽象实体,它通过进程与线程机制实现并发执行，通过调度算法提高处理器利用率，通过同步与互斥保证共享资源访问正确，通过内存管理和虚拟内存扩展系统能力，通过文件系统组织长期数据，通过设备管理协调各种外设工作，并通过权限控制和安全机制维护系统稳定,实现关系,os.txt,0.788,rule_pattern_sentence_level
安全性判断,is_a,Banker’s Algorithm,死锁相关实体,死锁相关实体,避免则是在分配资源前进行安全性判断，典型方法是银行家算法（Banker’s Algorithm）,上下位关系,os.txt,0.788,rule_pattern_sentence_level
路径名,used_for,绝对路径,核心抽象实体,文件系统实体,路径名则用于唯一定位文件，分为绝对路径和相对路径,用途关系,os.txt,0.788,rule_pattern_sentence_level
单级目录,is_a,目录,核心抽象实体,核心抽象实体,操作系统通过目录结构组织大量文件，常见的目录结构包括单级目录、两级目录和树形目录,上位包含关系,os.txt,0.786,rule_pattern_sentence_level
调度,has_part,先来先服务,处理器与调度实体,调度算法实体,常见的调度算法包括先来先服务（First Come First Served，FCFS）、短作业优先（Shortest Job First，SJF）、时间片轮转（Round Robin，RR）、优先级调度和多级反馈队列（Multilevel Feedback Queue）等,整体部分关系,os.txt,0.786,rule_pattern_sentence_level
内存,implemented_by,进程同步,资源与硬件实体,核心抽象实体,它既关注理论问题，例如进程同步为何会产生死锁，也关注工程实现，例如内存如何分页、磁盘如何调度,实现关系,os.txt,0.782,rule_pattern_sentence_level
并发能力,used_for,服务器程序,进程与线程实体,系统与平台实体,多线程机制有助于提升程序并发能力，尤其适用于图形界面程序、服务器程序和并行计算任务,用途关系,os.txt,0.782,rule_pattern_sentence_level
相对路径,is_a,文件,文件系统实体,核心抽象实体,路径名则用于唯一定位文件，分为绝对路径和相对路径,上位包含关系,os.txt,0.782,rule_pattern_sentence_level
磁盘,implemented_by,死锁,资源与硬件实体,同步与互斥实体,它既关注理论问题，例如进程同步为何会产生死锁，也关注工程实现，例如内存如何分页、磁盘如何调度,实现关系,os.txt,0.782,rule_pattern_sentence_level
操作系统,is_a,Windows,领域实体,系统与平台实体,从课程学习的角度来看，操作系统并不是单纯介绍某一个具体系统，如 Windows、Linux 或 macOS，而是研究“计算机系统如何高效、安全、可靠地运行”的一般规律,上下位关系,os.txt,0.778,rule_pattern_sentence_level
操作系统,is_a,文件,领域实体,核心抽象实体,对于普通用户而言，操作系统是“看得见”的使用环境，例如窗口、文件夹、任务栏、终端等,上下位关系,os.txt,0.778,rule_pattern_sentence_level
虚拟内存,is_a,操作系统,核心抽象实体,领域实体,虚拟内存（Virtual Memory）是操作系统的一项重要技术，它使程序不必全部装入内存即可运行,上下位关系,os.txt,0.778,rule_pattern_sentence_level
数据结构,part_of,编译原理,课程与方法相关实体,课程与方法相关实体,操作系统课程通常被视为计算机科学与技术专业的核心课程之一，因为它连接了程序设计、数据结构、计算机组成原理、编译原理、计算机网络等多门课程，是理解计算机整体工作机制的重要桥梁,部分整体关系,os.txt,0.776,rule_pattern_sentence_level
First Come First Served,is_a,调度,调度算法实体,处理器与调度实体,常见的调度算法包括先来先服务（First Come First Served，FCFS）、短作业优先（Shortest Job First，SJF）、时间片轮转（Round Robin，RR）、优先级调度和多级反馈队列（Multilevel Feedback Queue）等,上位包含关系,os.txt,0.77,rule_pattern_sentence_level
Linux 进程与线程,implemented_by,简单 Shell,核心抽象实体,课程与方法相关实体,通过编写简单 Shell、模拟进程调度、实现页面置换算法、观察 Linux 进程与线程、分析文件系统命令输出等方式，能够把理论知识与真实系统联系起来,实现关系,os.txt,0.77,rule_pattern_sentence_level
假脱机,used_for,共享,设备管理与I/O实体,核心思想与性质实体,假脱机技术常用于打印系统，使多个任务共享独占型设备,用途关系,os.txt,0.77,rule_pattern_sentence_level
用户接口,is_a,文件管理,领域实体,核心抽象实体,操作系统的功能通常可以归纳为处理器管理、存储管理、设备管理和文件管理四大部分，同时还包括用户接口、安全保护、网络通信和系统调用等内容,上位包含关系,os.txt,0.77,rule_pattern_sentence_level
设备控制器,is_a,设备管理,资源与硬件实体,功能模块实体,设备管理的基础包括设备分类、设备控制器、驱动程序和中断处理,上位包含关系,os.txt,0.77,rule_pattern_sentence_level
非连续分配,has_part,分页,内存管理实体,资源与硬件实体,为了提升内存利用率并简化分配管理，现代操作系统普遍采用非连续分配技术，主要包括分页（Paging）和分段（Segmentation）,整体部分关系,os.txt,0.768,rule_pattern_sentence_level
目录,has_part,单级目录,核心抽象实体,核心抽象实体,操作系统通过目录结构组织大量文件，常见的目录结构包括单级目录、两级目录和树形目录,整体部分关系,os.txt,0.766,rule_pattern_sentence_level
互斥,is_a,临界区,同步与互斥实体,同步与互斥实体,互斥是指在某一时刻只允许一个进程进入临界区访问共享资源,上下位关系,os.txt,0.764,rule_pattern_sentence_level
进程,used_for,页面调度,核心抽象实体,资源与硬件实体,课程中还会讨论抖动（Thrashing）现象，即进程频繁换页导致系统大部分时间都用于页面调度而非真正计算，这反映出内存管理与系统性能之间的紧密联系,用途关系,os.txt,0.764,rule_pattern_sentence_level
Windows,is_a,计算机系统,系统与平台实体,领域实体,从课程学习的角度来看，操作系统并不是单纯介绍某一个具体系统，如 Windows、Linux 或 macOS，而是研究“计算机系统如何高效、安全、可靠地运行”的一般规律,上下位关系,os.txt,0.76,rule_pattern_sentence_level
内核,is_a,中断处理,领域实体,处理器与调度实体,内核是最核心的部分，负责进程调度、内存管理、中断处理、设备控制等关键操作,上下位关系,os.txt,0.76,rule_pattern_sentence_level
假脱机,used_for,独占型设备,设备管理与I/O实体,核心思想与性质实体,假脱机技术常用于打印系统，使多个任务共享独占型设备,用途关系,os.txt,0.758,rule_pattern_sentence_level
分页,implemented_by,进程同步,资源与硬件实体,核心抽象实体,它既关注理论问题，例如进程同步为何会产生死锁，也关注工程实现，例如内存如何分页、磁盘如何调度,实现关系,os.txt,0.758,rule_pattern_sentence_level
磁盘,is_a,内存,资源与硬件实体,资源与硬件实体,一个程序静态地存放在磁盘上时只是代码和数据，而当它被加载到内存并开始运行时，就成为进程,上下位关系,os.txt,0.758,rule_pattern_sentence_level
程序计数器,is_a,进程,进程与线程实体,核心抽象实体,进程不仅包含程序本身，还包括程序计数器、寄存器内容、地址空间、打开的文件、相关资源和运行状态等信息,上位包含关系,os.txt,0.758,rule_pattern_sentence_level
绝对路径,is_a,路径名,文件系统实体,核心抽象实体,路径名则用于唯一定位文件，分为绝对路径和相对路径,上位包含关系,os.txt,0.758,rule_pattern_sentence_level
调度,implemented_by,死锁,处理器与调度实体,同步与互斥实体,它既关注理论问题，例如进程同步为何会产生死锁，也关注工程实现，例如内存如何分页、磁盘如何调度,实现关系,os.txt,0.758,rule_pattern_sentence_level
路径名,used_for,相对路径,核心抽象实体,文件系统实体,路径名则用于唯一定位文件，分为绝对路径和相对路径,用途关系,os.txt,0.758,rule_pattern_sentence_level
两级目录,is_a,目录,核心抽象实体,核心抽象实体,操作系统通过目录结构组织大量文件，常见的目录结构包括单级目录、两级目录和树形目录,上位包含关系,os.txt,0.756,rule_pattern_sentence_level
Thread,is_a,CPU,进程与线程实体,资源与硬件实体,线程（Thread）则是比进程更轻量的执行单位，通常被称为 CPU 调度的基本单位,上下位关系,os.txt,0.754,rule_pattern_sentence_level
进程,is_a,调度,核心抽象实体,处理器与调度实体,简单来说，进程是程序的一次执行过程，是系统进行资源分配和调度的基本单位,上下位关系,os.txt,0.754,rule_pattern_sentence_level
进程,causes,页面调度,核心抽象实体,资源与硬件实体,课程中还会讨论抖动（Thrashing）现象，即进程频繁换页导致系统大部分时间都用于页面调度而非真正计算，这反映出内存管理与系统性能之间的紧密联系,因果关系,os.txt,0.754,rule_pattern_sentence_level
Operating System,is_a,系统软件,领域实体,领域实体,操作系统（Operating System，简称 OS）是计算机系统中最核心的系统软件之一，它位于硬件与应用程序之间，承担资源管理、任务调度、服务提供和用户接口等重要职责,上下位关系,os.txt,0.752,rule_pattern_sentence_level
CPU 利用率,is_a,调度,处理器与调度实体,处理器与调度实体,调度的目标通常包括提高 CPU 利用率、增加系统吞吐量、减少周转时间、缩短响应时间和保证公平性,上位包含关系,os.txt,0.75,rule_pattern_sentence_level
Paging,is_a,非连续分配,内存管理实体,内存管理实体,为了提升内存利用率并简化分配管理，现代操作系统普遍采用非连续分配技术，主要包括分页（Paging）和分段（Segmentation）,上位包含关系,os.txt,0.75,rule_pattern_sentence_level
单级目录,is_a,文件,核心抽象实体,核心抽象实体,操作系统通过目录结构组织大量文件，常见的目录结构包括单级目录、两级目录和树形目录,上位包含关系,os.txt,0.75,rule_pattern_sentence_level
文件管理,has_part,用户接口,核心抽象实体,领域实体,操作系统的功能通常可以归纳为处理器管理、存储管理、设备管理和文件管理四大部分，同时还包括用户接口、安全保护、网络通信和系统调用等内容,整体部分关系,os.txt,0.75,rule_pattern_sentence_level
设备管理,has_part,设备控制器,功能模块实体,资源与硬件实体,设备管理的基础包括设备分类、设备控制器、驱动程序和中断处理,整体部分关系,os.txt,0.75,rule_pattern_sentence_level
调度,has_part,First Come First Served,处理器与调度实体,调度算法实体,常见的调度算法包括先来先服务（First Come First Served，FCFS）、短作业优先（Shortest Job First，SJF）、时间片轮转（Round Robin，RR）、优先级调度和多级反馈队列（Multilevel Feedback Queue）等,整体部分关系,os.txt,0.75,rule_pattern_sentence_level
多线程,used_for,图形界面程序,核心抽象实体,发展历程实体,多线程机制有助于提升程序并发能力，尤其适用于图形界面程序、服务器程序和并行计算任务,用途关系,os.txt,0.746,rule_pattern_sentence_level
数据结构,part_of,计算机网络,课程与方法相关实体,课程与方法相关实体,操作系统课程通常被视为计算机科学与技术专业的核心课程之一，因为它连接了程序设计、数据结构、计算机组成原理、编译原理、计算机网络等多门课程，是理解计算机整体工作机制的重要桥梁,部分整体关系,os.txt,0.746,rule_pattern_sentence_level
程序设计,part_of,编译原理,课程与方法相关实体,课程与方法相关实体,操作系统课程通常被视为计算机科学与技术专业的核心课程之一，因为它连接了程序设计、数据结构、计算机组成原理、编译原理、计算机网络等多门课程，是理解计算机整体工作机制的重要桥梁,部分整体关系,os.txt,0.746,rule_pattern_sentence_level
页框,is_a,物理内存,资源与硬件实体,资源与硬件实体,分页将逻辑地址空间和物理内存都划分为固定大小的页和页框，程序运行时通过页表完成地址映射,上位包含关系,os.txt,0.744,rule_pattern_sentence_level
安全保护,is_a,文件管理,功能模块实体,核心抽象实体,操作系统的功能通常可以归纳为处理器管理、存储管理、设备管理和文件管理四大部分，同时还包括用户接口、安全保护、网络通信和系统调用等内容,上位包含关系,os.txt,0.74,rule_pattern_sentence_level
用户接口,is_a,设备管理,领域实体,功能模块实体,操作系统的功能通常可以归纳为处理器管理、存储管理、设备管理和文件管理四大部分，同时还包括用户接口、安全保护、网络通信和系统调用等内容,上位包含关系,os.txt,0.74,rule_pattern_sentence_level
磁盘,implemented_by,进程同步,资源与硬件实体,核心抽象实体,它既关注理论问题，例如进程同步为何会产生死锁，也关注工程实现，例如内存如何分页、磁盘如何调度,实现关系,os.txt,0.74,rule_pattern_sentence_level
进程,has_part,程序计数器,核心抽象实体,进程与线程实体,进程不仅包含程序本身，还包括程序计数器、寄存器内容、地址空间、打开的文件、相关资源和运行状态等信息,整体部分关系,os.txt,0.738,rule_pattern_sentence_level
Virtual Memory,is_a,内存,虚拟内存与页面置换实体,资源与硬件实体,虚拟内存（Virtual Memory）是操作系统的一项重要技术，它使程序不必全部装入内存即可运行,上下位关系,os.txt,0.736,rule_pattern_sentence_level
目录,has_part,两级目录,核心抽象实体,核心抽象实体,操作系统通过目录结构组织大量文件，常见的目录结构包括单级目录、两级目录和树形目录,整体部分关系,os.txt,0.736,rule_pattern_sentence_level
互斥,is_a,共享资源,同步与互斥实体,同步与互斥实体,互斥是指在某一时刻只允许一个进程进入临界区访问共享资源,上下位关系,os.txt,0.734,rule_pattern_sentence_level
分页,is_a,操作系统,资源与硬件实体,领域实体,为了提升内存利用率并简化分配管理，现代操作系统普遍采用非连续分配技术，主要包括分页（Paging）和分段（Segmentation）,上位包含关系,os.txt,0.734,rule_pattern_sentence_level
页框,is_a,逻辑地址空间,资源与硬件实体,核心抽象实体,分页将逻辑地址空间和物理内存都划分为固定大小的页和页框，程序运行时通过页表完成地址映射,上位包含关系,os.txt,0.734,rule_pattern_sentence_level
驱动程序,is_a,设备管理,设备管理与I/O实体,功能模块实体,设备管理的基础包括设备分类、设备控制器、驱动程序和中断处理,上位包含关系,os.txt,0.734,rule_pattern_sentence_level
Thread,is_a,调度,进程与线程实体,处理器与调度实体,线程（Thread）则是比进程更轻量的执行单位，通常被称为 CPU 调度的基本单位,上下位关系,os.txt,0.73,rule_pattern_sentence_level
操作系统,is_a,Linux,领域实体,系统与平台实体,从课程学习的角度来看，操作系统并不是单纯介绍某一个具体系统，如 Windows、Linux 或 macOS，而是研究“计算机系统如何高效、安全、可靠地运行”的一般规律,上下位关系,os.txt,0.73,rule_pattern_sentence_level
文件,has_part,单级目录,核心抽象实体,核心抽象实体,操作系统通过目录结构组织大量文件，常见的目录结构包括单级目录、两级目录和树形目录,整体部分关系,os.txt,0.73,rule_pattern_sentence_level
调度,has_part,CPU 利用率,处理器与调度实体,处理器与调度实体,调度的目标通常包括提高 CPU 利用率、增加系统吞吐量、减少周转时间、缩短响应时间和保证公平性,整体部分关系,os.txt,0.73,rule_pattern_sentence_level
非连续分配,has_part,Paging,内存管理实体,内存管理实体,为了提升内存利用率并简化分配管理，现代操作系统普遍采用非连续分配技术，主要包括分页（Paging）和分段（Segmentation）,整体部分关系,os.txt,0.73,rule_pattern_sentence_level
相对路径,is_a,路径名,文件系统实体,核心抽象实体,路径名则用于唯一定位文件，分为绝对路径和相对路径,上位包含关系,os.txt,0.728,rule_pattern_sentence_level
并发能力,used_for,并行计算任务,进程与线程实体,进程与线程实体,多线程机制有助于提升程序并发能力，尤其适用于图形界面程序、服务器程序和并行计算任务,用途关系,os.txt,0.726,rule_pattern_sentence_level
树形目录,is_a,目录,核心抽象实体,核心抽象实体,操作系统通过目录结构组织大量文件，常见的目录结构包括单级目录、两级目录和树形目录,上位包含关系,os.txt,0.726,rule_pattern_sentence_level
Thrashing,used_for,页面调度,虚拟内存与页面置换实体,资源与硬件实体,课程中还会讨论抖动（Thrashing）现象，即进程频繁换页导致系统大部分时间都用于页面调度而非真正计算，这反映出内存管理与系统性能之间的紧密联系,用途关系,os.txt,0.722,rule_pattern_sentence_level
寄存器,is_a,进程,进程与线程实体,核心抽象实体,进程不仅包含程序本身，还包括程序计数器、寄存器内容、地址空间、打开的文件、相关资源和运行状态等信息,上位包含关系,os.txt,0.722,rule_pattern_sentence_level
两级目录,is_a,文件,核心抽象实体,核心抽象实体,操作系统通过目录结构组织大量文件，常见的目录结构包括单级目录、两级目录和树形目录,上位包含关系,os.txt,0.72,rule_pattern_sentence_level
文件管理,has_part,安全保护,核心抽象实体,功能模块实体,操作系统的功能通常可以归纳为处理器管理、存储管理、设备管理和文件管理四大部分，同时还包括用户接口、安全保护、网络通信和系统调用等内容,整体部分关系,os.txt,0.72,rule_pattern_sentence_level
设备管理,has_part,用户接口,功能模块实体,领域实体,操作系统的功能通常可以归纳为处理器管理、存储管理、设备管理和文件管理四大部分，同时还包括用户接口、安全保护、网络通信和系统调用等内容,整体部分关系,os.txt,0.72,rule_pattern_sentence_level
Paging,is_a,操作系统,内存管理实体,领域实体,为了提升内存利用率并简化分配管理，现代操作系统普遍采用非连续分配技术，主要包括分页（Paging）和分段（Segmentation）,上位包含关系,os.txt,0.716,rule_pattern_sentence_level
互斥,implemented_by,进程与线程,同步与互斥实体,核心抽象实体,它通过进程与线程机制实现并发执行，通过调度算法提高处理器利用率，通过同步与互斥保证共享资源访问正确，通过内存管理和虚拟内存扩展系统能力，通过文件系统组织长期数据，通过设备管理协调各种外设工作，并通过权限控制和安全机制维护系统稳定,实现关系,os.txt,0.716,rule_pattern_sentence_level
程序设计,part_of,计算机网络,课程与方法相关实体,课程与方法相关实体,操作系统课程通常被视为计算机科学与技术专业的核心课程之一，因为它连接了程序设计、数据结构、计算机组成原理、编译原理、计算机网络等多门课程，是理解计算机整体工作机制的重要桥梁,部分整体关系,os.txt,0.716,rule_pattern_sentence_level
调度,implemented_by,进程同步,处理器与调度实体,核心抽象实体,它既关注理论问题，例如进程同步为何会产生死锁，也关注工程实现，例如内存如何分页、磁盘如何调度,实现关系,os.txt,0.716,rule_pattern_sentence_level
操作系统,has_part,分页,领域实体,资源与硬件实体,为了提升内存利用率并简化分配管理，现代操作系统普遍采用非连续分配技术，主要包括分页（Paging）和分段（Segmentation）,整体部分关系,os.txt,0.714,rule_pattern_sentence_level
设备管理,has_part,驱动程序,功能模块实体,设备管理与I/O实体,设备管理的基础包括设备分类、设备控制器、驱动程序和中断处理,整体部分关系,os.txt,0.714,rule_pattern_sentence_level
Thrashing,causes,页面调度,虚拟内存与页面置换实体,资源与硬件实体,课程中还会讨论抖动（Thrashing）现象，即进程频繁换页导致系统大部分时间都用于页面调度而非真正计算，这反映出内存管理与系统性能之间的紧密联系,因果关系,os.txt,0.712,rule_pattern_sentence_level
线程,is_a,CPU,核心抽象实体,资源与硬件实体,线程（Thread）则是比进程更轻量的执行单位，通常被称为 CPU 调度的基本单位,上下位关系,os.txt,0.712,rule_pattern_sentence_level
用户接口,is_a,存储管理,领域实体,功能模块实体,操作系统的功能通常可以归纳为处理器管理、存储管理、设备管理和文件管理四大部分，同时还包括用户接口、安全保护、网络通信和系统调用等内容,上位包含关系,os.txt,0.71,rule_pattern_sentence_level
网络通信,is_a,文件管理,功能模块实体,核心抽象实体,操作系统的功能通常可以归纳为处理器管理、存储管理、设备管理和文件管理四大部分，同时还包括用户接口、安全保护、网络通信和系统调用等内容,上位包含关系,os.txt,0.71,rule_pattern_sentence_level
内核,is_a,操作系统,领域实体,领域实体,按照结构设计思想不同，操作系统可以分为整体式结构、层次式结构、微内核结构、模块化结构等,上位包含关系,os.txt,0.708,rule_pattern_sentence_level
文件系统命令输出,implemented_by,模拟进程调度,核心抽象实体,核心抽象实体,通过编写简单 Shell、模拟进程调度、实现页面置换算法、观察 Linux 进程与线程、分析文件系统命令输出等方式，能够把理论知识与真实系统联系起来,实现关系,os.txt,0.708,rule_pattern_sentence_level
目录,has_part,树形目录,核心抽象实体,核心抽象实体,操作系统通过目录结构组织大量文件，常见的目录结构包括单级目录、两级目录和树形目录,整体部分关系,os.txt,0.706,rule_pattern_sentence_level
磁盘,is_a,进程,资源与硬件实体,核心抽象实体,一个程序静态地存放在磁盘上时只是代码和数据，而当它被加载到内存并开始运行时，就成为进程,上下位关系,os.txt,0.706,rule_pattern_sentence_level
中断处理,is_a,设备管理,处理器与调度实体,功能模块实体,设备管理的基础包括设备分类、设备控制器、驱动程序和中断处理,上位包含关系,os.txt,0.704,rule_pattern_sentence_level
多线程,used_for,服务器程序,核心抽象实体,系统与平台实体,多线程机制有助于提升程序并发能力，尤其适用于图形界面程序、服务器程序和并行计算任务,用途关系,os.txt,0.704,rule_pattern_sentence_level
驱动程序,is_a,I/O 请求,设备管理与I/O实体,设备管理与I/O实体,驱动程序是连接操作系统与具体硬件的桥梁，它把操作系统的通用 I/O 请求转换为特定设备可识别的控制命令,上下位关系,os.txt,0.704,rule_pattern_sentence_level
分段,is_a,非连续分配,内存管理实体,内存管理实体,为了提升内存利用率并简化分配管理，现代操作系统普遍采用非连续分配技术，主要包括分页（Paging）和分段（Segmentation）,上位包含关系,os.txt,0.702,rule_pattern_sentence_level
进程,has_part,寄存器,核心抽象实体,进程与线程实体,进程不仅包含程序本身，还包括程序计数器、寄存器内容、地址空间、打开的文件、相关资源和运行状态等信息,整体部分关系,os.txt,0.702,rule_pattern_sentence_level
文件,has_part,两级目录,核心抽象实体,核心抽象实体,操作系统通过目录结构组织大量文件，常见的目录结构包括单级目录、两级目录和树形目录,整体部分关系,os.txt,0.7,rule_pattern_sentence_level
单级目录,is_a,操作系统,核心抽象实体,领域实体,操作系统通过目录结构组织大量文件，常见的目录结构包括单级目录、两级目录和树形目录,上位包含关系,os.txt,0.698,rule_pattern_sentence_level
操作系统,has_part,Paging,领域实体,内存管理实体,为了提升内存利用率并简化分配管理，现代操作系统普遍采用非连续分配技术，主要包括分页（Paging）和分段（Segmentation）,整体部分关系,os.txt,0.696,rule_pattern_sentence_level
共享资源,implemented_by,进程与线程,同步与互斥实体,核心抽象实体,它通过进程与线程机制实现并发执行，通过调度算法提高处理器利用率，通过同步与互斥保证共享资源访问正确，通过内存管理和虚拟内存扩展系统能力，通过文件系统组织长期数据，通过设备管理协调各种外设工作，并通过权限控制和安全机制维护系统稳定,实现关系,os.txt,0.692,rule_pattern_sentence_level
存储管理,has_part,用户接口,功能模块实体,领域实体,操作系统的功能通常可以归纳为处理器管理、存储管理、设备管理和文件管理四大部分，同时还包括用户接口、安全保护、网络通信和系统调用等内容,整体部分关系,os.txt,0.69,rule_pattern_sentence_level
安全保护,is_a,设备管理,功能模块实体,功能模块实体,操作系统的功能通常可以归纳为处理器管理、存储管理、设备管理和文件管理四大部分，同时还包括用户接口、安全保护、网络通信和系统调用等内容,上位包含关系,os.txt,0.69,rule_pattern_sentence_level
文件管理,has_part,网络通信,核心抽象实体,功能模块实体,操作系统的功能通常可以归纳为处理器管理、存储管理、设备管理和文件管理四大部分，同时还包括用户接口、安全保护、网络通信和系统调用等内容,整体部分关系,os.txt,0.69,rule_pattern_sentence_level
文件系统命令输出,implemented_by,简单 Shell,核心抽象实体,课程与方法相关实体,通过编写简单 Shell、模拟进程调度、实现页面置换算法、观察 Linux 进程与线程、分析文件系统命令输出等方式，能够把理论知识与真实系统联系起来,实现关系,os.txt,0.69,rule_pattern_sentence_level
树形目录,is_a,文件,核心抽象实体,核心抽象实体,操作系统通过目录结构组织大量文件，常见的目录结构包括单级目录、两级目录和树形目录,上位包含关系,os.txt,0.69,rule_pattern_sentence_level
系统吞吐量,is_a,调度,处理器与调度实体,处理器与调度实体,调度的目标通常包括提高 CPU 利用率、增加系统吞吐量、减少周转时间、缩短响应时间和保证公平性,上位包含关系,os.txt,0.69,rule_pattern_sentence_level
多道程序设计,is_a,CPU,发展历程实体,资源与硬件实体,所谓多道程序设计，是指将多个程序同时装入内存，在一个程序因输入输出操作而等待时，CPU 可以切换去执行其他程序，从而减少处理器空闲时间，提高系统吞吐量,上下位关系,os.txt,0.688,rule_pattern_sentence_level
线程,is_a,调度,核心抽象实体,处理器与调度实体,线程（Thread）则是比进程更轻量的执行单位，通常被称为 CPU 调度的基本单位,上下位关系,os.txt,0.688,rule_pattern_sentence_level
Segmentation,is_a,非连续分配,内存管理实体,内存管理实体,为了提升内存利用率并简化分配管理，现代操作系统普遍采用非连续分配技术，主要包括分页（Paging）和分段（Segmentation）,上位包含关系,os.txt,0.684,rule_pattern_sentence_level
设备管理,has_part,中断处理,功能模块实体,处理器与调度实体,设备管理的基础包括设备分类、设备控制器、驱动程序和中断处理,整体部分关系,os.txt,0.684,rule_pattern_sentence_level
页表,is_a,物理内存,资源与硬件实体,资源与硬件实体,分页将逻辑地址空间和物理内存都划分为固定大小的页和页框，程序运行时通过页表完成地址映射,上位包含关系,os.txt,0.684,rule_pattern_sentence_level
操作系统,is_a,macOS,领域实体,系统与平台实体,从课程学习的角度来看，操作系统并不是单纯介绍某一个具体系统，如 Windows、Linux 或 macOS，而是研究“计算机系统如何高效、安全、可靠地运行”的一般规律,上下位关系,os.txt,0.682,rule_pattern_sentence_level
非连续分配,has_part,分段,内存管理实体,内存管理实体,为了提升内存利用率并简化分配管理，现代操作系统普遍采用非连续分配技术，主要包括分页（Paging）和分段（Segmentation）,整体部分关系,os.txt,0.682,rule_pattern_sentence_level
地址映射,is_a,物理内存,内存管理实体,资源与硬件实体,分页将逻辑地址空间和物理内存都划分为固定大小的页和页框，程序运行时通过页表完成地址映射,上位包含关系,os.txt,0.68,rule_pattern_sentence_level
用户接口,is_a,处理器管理,领域实体,资源与硬件实体,操作系统的功能通常可以归纳为处理器管理、存储管理、设备管理和文件管理四大部分，同时还包括用户接口、安全保护、网络通信和系统调用等内容,上位包含关系,os.txt,0.68,rule_pattern_sentence_level
系统调用,is_a,文件管理,领域实体,核心抽象实体,操作系统的功能通常可以归纳为处理器管理、存储管理、设备管理和文件管理四大部分，同时还包括用户接口、安全保护、网络通信和系统调用等内容,上位包含关系,os.txt,0.68,rule_pattern_sentence_level
操作系统,has_part,单级目录,领域实体,核心抽象实体,操作系统通过目录结构组织大量文件，常见的目录结构包括单级目录、两级目录和树形目录,整体部分关系,os.txt,0.678,rule_pattern_sentence_level
进程,used_for,内存,核心抽象实体,资源与硬件实体,课程中还会讨论抖动（Thrashing）现象，即进程频繁换页导致系统大部分时间都用于页面调度而非真正计算，这反映出内存管理与系统性能之间的紧密联系,用途关系,os.txt,0.674,rule_pattern_sentence_level
页表,is_a,逻辑地址空间,资源与硬件实体,核心抽象实体,分页将逻辑地址空间和物理内存都划分为固定大小的页和页框，程序运行时通过页表完成地址映射,上位包含关系,os.txt,0.674,rule_pattern_sentence_level
页框,is_a,分页,资源与硬件实体,资源与硬件实体,分页将逻辑地址空间和物理内存都划分为固定大小的页和页框，程序运行时通过页表完成地址映射,上位包含关系,os.txt,0.672,rule_pattern_sentence_level
文件,has_part,树形目录,核心抽象实体,核心抽象实体,操作系统通过目录结构组织大量文件，常见的目录结构包括单级目录、两级目录和树形目录,整体部分关系,os.txt,0.67,rule_pattern_sentence_level
设备管理,has_part,安全保护,功能模块实体,功能模块实体,操作系统的功能通常可以归纳为处理器管理、存储管理、设备管理和文件管理四大部分，同时还包括用户接口、安全保护、网络通信和系统调用等内容,整体部分关系,os.txt,0.67,rule_pattern_sentence_level
调度,has_part,系统吞吐量,处理器与调度实体,处理器与调度实体,调度的目标通常包括提高 CPU 利用率、增加系统吞吐量、减少周转时间、缩短响应时间和保证公平性,整体部分关系,os.txt,0.67,rule_pattern_sentence_level
两级目录,is_a,操作系统,核心抽象实体,领域实体,操作系统通过目录结构组织大量文件，常见的目录结构包括单级目录、两级目录和树形目录,上位包含关系,os.txt,0.668,rule_pattern_sentence_level
分段,is_a,操作系统,内存管理实体,领域实体,为了提升内存利用率并简化分配管理，现代操作系统普遍采用非连续分配技术，主要包括分页（Paging）和分段（Segmentation）,上位包含关系,os.txt,0.668,rule_pattern_sentence_level
多线程,used_for,并行计算任务,核心抽象实体,进程与线程实体,多线程机制有助于提升程序并发能力，尤其适用于图形界面程序、服务器程序和并行计算任务,用途关系,os.txt,0.668,rule_pattern_sentence_level
地址空间,is_a,进程,核心抽象实体,核心抽象实体,进程不仅包含程序本身，还包括程序计数器、寄存器内容、地址空间、打开的文件、相关资源和运行状态等信息,上位包含关系,os.txt,0.666,rule_pattern_sentence_level
进程,causes,内存,核心抽象实体,资源与硬件实体,课程中还会讨论抖动（Thrashing）现象，即进程频繁换页导致系统大部分时间都用于页面调度而非真正计算，这反映出内存管理与系统性能之间的紧密联系,因果关系,os.txt,0.664,rule_pattern_sentence_level
非连续分配,has_part,Segmentation,内存管理实体,内存管理实体,为了提升内存利用率并简化分配管理，现代操作系统普遍采用非连续分配技术，主要包括分页（Paging）和分段（Segmentation）,整体部分关系,os.txt,0.664,rule_pattern_sentence_level
课程中还会讨论抖动,used_for,页面调度,虚拟内存与页面置换实体,资源与硬件实体,课程中还会讨论抖动（Thrashing）现象，即进程频繁换页导致系统大部分时间都用于页面调度而非真正计算，这反映出内存管理与系统性能之间的紧密联系,用途关系,os.txt,0.662,rule_pattern_sentence_level
OS,is_a,资源管理,领域实体,领域实体,操作系统（Operating System，简称 OS）是计算机系统中最核心的系统软件之一，它位于硬件与应用程序之间，承担资源管理、任务调度、服务提供和用户接口等重要职责,上下位关系,os.txt,0.66,rule_pattern_sentence_level
Thrashing,used_for,内存,虚拟内存与页面置换实体,资源与硬件实体,课程中还会讨论抖动（Thrashing）现象，即进程频繁换页导致系统大部分时间都用于页面调度而非真正计算，这反映出内存管理与系统性能之间的紧密联系,用途关系,os.txt,0.66,rule_pattern_sentence_level
处理器管理,has_part,用户接口,资源与硬件实体,领域实体,操作系统的功能通常可以归纳为处理器管理、存储管理、设备管理和文件管理四大部分，同时还包括用户接口、安全保护、网络通信和系统调用等内容,整体部分关系,os.txt,0.66,rule_pattern_sentence_level
安全保护,is_a,存储管理,功能模块实体,功能模块实体,操作系统的功能通常可以归纳为处理器管理、存储管理、设备管理和文件管理四大部分，同时还包括用户接口、安全保护、网络通信和系统调用等内容,上位包含关系,os.txt,0.66,rule_pattern_sentence_level
操作系统,is_a,系统软件,领域实体,领域实体,操作系统（Operating System，简称 OS）是计算机系统中最核心的系统软件之一，它位于硬件与应用程序之间，承担资源管理、任务调度、服务提供和用户接口等重要职责,上下位关系,os.txt,0.66,rule_pattern_sentence_level
文件管理,has_part,系统调用,核心抽象实体,领域实体,操作系统的功能通常可以归纳为处理器管理、存储管理、设备管理和文件管理四大部分，同时还包括用户接口、安全保护、网络通信和系统调用等内容,整体部分关系,os.txt,0.66,rule_pattern_sentence_level
网络通信,is_a,设备管理,功能模块实体,功能模块实体,操作系统的功能通常可以归纳为处理器管理、存储管理、设备管理和文件管理四大部分，同时还包括用户接口、安全保护、网络通信和系统调用等内容,上位包含关系,os.txt,0.66,rule_pattern_sentence_level
课程中还会讨论抖动,used_for,内存,虚拟内存与页面置换实体,资源与硬件实体,课程中还会讨论抖动（Thrashing）现象，即进程频繁换页导致系统大部分时间都用于页面调度而非真正计算，这反映出内存管理与系统性能之间的紧密联系,用途关系,os.txt,0.66,rule_pattern_sentence_level
课程中还会讨论抖动,causes,页面调度,虚拟内存与页面置换实体,资源与硬件实体,课程中还会讨论抖动（Thrashing）现象，即进程频繁换页导致系统大部分时间都用于页面调度而非真正计算，这反映出内存管理与系统性能之间的紧密联系,因果关系,os.txt,0.652,rule_pattern_sentence_level
Segmentation,is_a,操作系统,内存管理实体,领域实体,为了提升内存利用率并简化分配管理，现代操作系统普遍采用非连续分配技术，主要包括分页（Paging）和分段（Segmentation）,上位包含关系,os.txt,0.65,rule_pattern_sentence_level
Thrashing,causes,内存,虚拟内存与页面置换实体,资源与硬件实体,课程中还会讨论抖动（Thrashing）现象，即进程频繁换页导致系统大部分时间都用于页面调度而非真正计算，这反映出内存管理与系统性能之间的紧密联系,因果关系,os.txt,0.65,rule_pattern_sentence_level
地址映射,is_a,逻辑地址空间,内存管理实体,核心抽象实体,分页将逻辑地址空间和物理内存都划分为固定大小的页和页框，程序运行时通过页表完成地址映射,上位包含关系,os.txt,0.65,rule_pattern_sentence_level
安全保护,is_a,处理器管理,功能模块实体,资源与硬件实体,操作系统的功能通常可以归纳为处理器管理、存储管理、设备管理和文件管理四大部分，同时还包括用户接口、安全保护、网络通信和系统调用等内容,上位包含关系,os.txt,0.65,rule_pattern_sentence_level
系统调用,is_a,设备管理,领域实体,功能模块实体,操作系统的功能通常可以归纳为处理器管理、存储管理、设备管理和文件管理四大部分，同时还包括用户接口、安全保护、网络通信和系统调用等内容,上位包含关系,os.txt,0.65,rule_pattern_sentence_level
操作系统,has_part,两级目录,领域实体,核心抽象实体,操作系统通过目录结构组织大量文件，常见的目录结构包括单级目录、两级目录和树形目录,整体部分关系,os.txt,0.648,rule_pattern_sentence_level
操作系统,has_part,分段,领域实体,内存管理实体,为了提升内存利用率并简化分配管理，现代操作系统普遍采用非连续分配技术，主要包括分页（Paging）和分段（Segmentation）,整体部分关系,os.txt,0.648,rule_pattern_sentence_level
进程,has_part,地址空间,核心抽象实体,核心抽象实体,进程不仅包含程序本身，还包括程序计数器、寄存器内容、地址空间、打开的文件、相关资源和运行状态等信息,整体部分关系,os.txt,0.646,rule_pattern_sentence_level
周转时间,is_a,调度,处理器与调度实体,处理器与调度实体,调度的目标通常包括提高 CPU 利用率、增加系统吞吐量、减少周转时间、缩短响应时间和保证公平性,上位包含关系,os.txt,0.642,rule_pattern_sentence_level
存储管理,has_part,安全保护,功能模块实体,功能模块实体,操作系统的功能通常可以归纳为处理器管理、存储管理、设备管理和文件管理四大部分，同时还包括用户接口、安全保护、网络通信和系统调用等内容,整体部分关系,os.txt,0.64,rule_pattern_sentence_level
设备管理,has_part,网络通信,功能模块实体,功能模块实体,操作系统的功能通常可以归纳为处理器管理、存储管理、设备管理和文件管理四大部分，同时还包括用户接口、安全保护、网络通信和系统调用等内容,整体部分关系,os.txt,0.64,rule_pattern_sentence_level
树形目录,is_a,操作系统,核心抽象实体,领域实体,操作系统通过目录结构组织大量文件，常见的目录结构包括单级目录、两级目录和树形目录,上位包含关系,os.txt,0.638,rule_pattern_sentence_level
打开的文件,is_a,进程,核心抽象实体,核心抽象实体,进程不仅包含程序本身，还包括程序计数器、寄存器内容、地址空间、打开的文件、相关资源和运行状态等信息,上位包含关系,os.txt,0.636,rule_pattern_sentence_level
FCFS,is_a,调度,调度算法实体,处理器与调度实体,常见的调度算法包括先来先服务（First Come First Served，FCFS）、短作业优先（Shortest Job First，SJF）、时间片轮转（Round Robin，RR）、优先级调度和多级反馈队列（Multilevel Feedback Queue）等,上位包含关系,os.txt,0.63,rule_pattern_sentence_level
Paging,is_a,内存,内存管理实体,资源与硬件实体,为了提升内存利用率并简化分配管理，现代操作系统普遍采用非连续分配技术，主要包括分页（Paging）和分段（Segmentation）,上位包含关系,os.txt,0.63,rule_pattern_sentence_level
Segmentation,is_a,内存,内存管理实体,资源与硬件实体,为了提升内存利用率并简化分配管理，现代操作系统普遍采用非连续分配技术，主要包括分页（Paging）和分段（Segmentation）,上位包含关系,os.txt,0.63,rule_pattern_sentence_level
Shortest Job First,is_a,调度,调度算法实体,处理器与调度实体,常见的调度算法包括先来先服务（First Come First Served，FCFS）、短作业优先（Shortest Job First，SJF）、时间片轮转（Round Robin，RR）、优先级调度和多级反馈队列（Multilevel Feedback Queue）等,上位包含关系,os.txt,0.63,rule_pattern_sentence_level
分段,is_a,内存,内存管理实体,资源与硬件实体,为了提升内存利用率并简化分配管理，现代操作系统普遍采用非连续分配技术，主要包括分页（Paging）和分段（Segmentation）,上位包含关系,os.txt,0.63,rule_pattern_sentence_level
地址映射,is_a,分页,内存管理实体,资源与硬件实体,分页将逻辑地址空间和物理内存都划分为固定大小的页和页框，程序运行时通过页表完成地址映射,上位包含关系,os.txt,0.63,rule_pattern_sentence_level
处理器管理,has_part,安全保护,资源与硬件实体,功能模块实体,操作系统的功能通常可以归纳为处理器管理、存储管理、设备管理和文件管理四大部分，同时还包括用户接口、安全保护、网络通信和系统调用等内容,整体部分关系,os.txt,0.63,rule_pattern_sentence_level
安全保护,is_a,操作系统,功能模块实体,领域实体,操作系统的功能通常可以归纳为处理器管理、存储管理、设备管理和文件管理四大部分，同时还包括用户接口、安全保护、网络通信和系统调用等内容,上位包含关系,os.txt,0.63,rule_pattern_sentence_level
操作系统,has_part,Segmentation,领域实体,内存管理实体,为了提升内存利用率并简化分配管理，现代操作系统普遍采用非连续分配技术，主要包括分页（Paging）和分段（Segmentation）,整体部分关系,os.txt,0.63,rule_pattern_sentence_level
短作业优先,is_a,调度,调度算法实体,处理器与调度实体,常见的调度算法包括先来先服务（First Come First Served，FCFS）、短作业优先（Shortest Job First，SJF）、时间片轮转（Round Robin，RR）、优先级调度和多级反馈队列（Multilevel Feedback Queue）等,上位包含关系,os.txt,0.63,rule_pattern_sentence_level
系统调用,is_a,处理器管理,领域实体,资源与硬件实体,操作系统的功能通常可以归纳为处理器管理、存储管理、设备管理和文件管理四大部分，同时还包括用户接口、安全保护、网络通信和系统调用等内容,上位包含关系,os.txt,0.63,rule_pattern_sentence_level
系统调用,is_a,存储管理,领域实体,功能模块实体,操作系统的功能通常可以归纳为处理器管理、存储管理、设备管理和文件管理四大部分，同时还包括用户接口、安全保护、网络通信和系统调用等内容,上位包含关系,os.txt,0.63,rule_pattern_sentence_level
网络通信,is_a,处理器管理,功能模块实体,资源与硬件实体,操作系统的功能通常可以归纳为处理器管理、存储管理、设备管理和文件管理四大部分，同时还包括用户接口、安全保护、网络通信和系统调用等内容,上位包含关系,os.txt,0.63,rule_pattern_sentence_level
网络通信,is_a,存储管理,功能模块实体,功能模块实体,操作系统的功能通常可以归纳为处理器管理、存储管理、设备管理和文件管理四大部分，同时还包括用户接口、安全保护、网络通信和系统调用等内容,上位包含关系,os.txt,0.63,rule_pattern_sentence_level
设备管理,has_part,系统调用,功能模块实体,领域实体,操作系统的功能通常可以归纳为处理器管理、存储管理、设备管理和文件管理四大部分，同时还包括用户接口、安全保护、网络通信和系统调用等内容,整体部分关系,os.txt,0.63,rule_pattern_sentence_level
运行状态,is_a,进程,进程与线程实体,核心抽象实体,进程不仅包含程序本身，还包括程序计数器、寄存器内容、地址空间、打开的文件、相关资源和运行状态等信息,上位包含关系,os.txt,0.63,rule_pattern_sentence_level
调度,has_part,周转时间,处理器与调度实体,处理器与调度实体,调度的目标通常包括提高 CPU 利用率、增加系统吞吐量、减少周转时间、缩短响应时间和保证公平性,整体部分关系,os.txt,0.622,rule_pattern_sentence_level
操作系统,has_part,树形目录,领域实体,核心抽象实体,操作系统通过目录结构组织大量文件，常见的目录结构包括单级目录、两级目录和树形目录,整体部分关系,os.txt,0.618,rule_pattern_sentence_level
进程,has_part,打开的文件,核心抽象实体,核心抽象实体,进程不仅包含程序本身，还包括程序计数器、寄存器内容、地址空间、打开的文件、相关资源和运行状态等信息,整体部分关系,os.txt,0.616,rule_pattern_sentence_level
分页,is_a,内存,资源与硬件实体,资源与硬件实体,为了提升内存利用率并简化分配管理，现代操作系统普遍采用非连续分配技术，主要包括分页（Paging）和分段（Segmentation）,上位包含关系,os.txt,0.612,rule_pattern_sentence_level
页表,is_a,分页,资源与硬件实体,资源与硬件实体,分页将逻辑地址空间和物理内存都划分为固定大小的页和页框，程序运行时通过页表完成地址映射,上位包含关系,os.txt,0.612,rule_pattern_sentence_level
公平性,is_a,调度,处理器与调度实体,处理器与调度实体,调度的目标通常包括提高 CPU 利用率、增加系统吞吐量、减少周转时间、缩短响应时间和保证公平性,上位包含关系,os.txt,0.61,rule_pattern_sentence_level
内存,has_part,Paging,资源与硬件实体,内存管理实体,为了提升内存利用率并简化分配管理，现代操作系统普遍采用非连续分配技术，主要包括分页（Paging）和分段（Segmentation）,整体部分关系,os.txt,0.61,rule_pattern_sentence_level
内存,has_part,Segmentation,资源与硬件实体,内存管理实体,为了提升内存利用率并简化分配管理，现代操作系统普遍采用非连续分配技术，主要包括分页（Paging）和分段（Segmentation）,整体部分关系,os.txt,0.61,rule_pattern_sentence_level
内存,has_part,分段,资源与硬件实体,内存管理实体,为了提升内存利用率并简化分配管理，现代操作系统普遍采用非连续分配技术，主要包括分页（Paging）和分段（Segmentation）,整体部分关系,os.txt,0.61,rule_pattern_sentence_level
响应时间,is_a,调度,处理器与调度实体,处理器与调度实体,调度的目标通常包括提高 CPU 利用率、增加系统吞吐量、减少周转时间、缩短响应时间和保证公平性,上位包含关系,os.txt,0.61,rule_pattern_sentence_level
处理器管理,has_part,系统调用,资源与硬件实体,领域实体,操作系统的功能通常可以归纳为处理器管理、存储管理、设备管理和文件管理四大部分，同时还包括用户接口、安全保护、网络通信和系统调用等内容,整体部分关系,os.txt,0.61,rule_pattern_sentence_level
处理器管理,has_part,网络通信,资源与硬件实体,功能模块实体,操作系统的功能通常可以归纳为处理器管理、存储管理、设备管理和文件管理四大部分，同时还包括用户接口、安全保护、网络通信和系统调用等内容,整体部分关系,os.txt,0.61,rule_pattern_sentence_level
存储管理,has_part,系统调用,功能模块实体,领域实体,操作系统的功能通常可以归纳为处理器管理、存储管理、设备管理和文件管理四大部分，同时还包括用户接口、安全保护、网络通信和系统调用等内容,整体部分关系,os.txt,0.61,rule_pattern_sentence_level
存储管理,has_part,网络通信,功能模块实体,功能模块实体,操作系统的功能通常可以归纳为处理器管理、存储管理、设备管理和文件管理四大部分，同时还包括用户接口、安全保护、网络通信和系统调用等内容,整体部分关系,os.txt,0.61,rule_pattern_sentence_level
操作系统,has_part,安全保护,领域实体,功能模块实体,操作系统的功能通常可以归纳为处理器管理、存储管理、设备管理和文件管理四大部分，同时还包括用户接口、安全保护、网络通信和系统调用等内容,整体部分关系,os.txt,0.61,rule_pattern_sentence_level
用户接口,is_a,操作系统,领域实体,领域实体,操作系统的功能通常可以归纳为处理器管理、存储管理、设备管理和文件管理四大部分，同时还包括用户接口、安全保护、网络通信和系统调用等内容,上位包含关系,os.txt,0.61,rule_pattern_sentence_level
调度,has_part,FCFS,处理器与调度实体,调度算法实体,常见的调度算法包括先来先服务（First Come First Served，FCFS）、短作业优先（Shortest Job First，SJF）、时间片轮转（Round Robin，RR）、优先级调度和多级反馈队列（Multilevel Feedback Queue）等,整体部分关系,os.txt,0.61,rule_pattern_sentence_level
调度,has_part,Shortest Job First,处理器与调度实体,调度算法实体,常见的调度算法包括先来先服务（First Come First Served，FCFS）、短作业优先（Shortest Job First，SJF）、时间片轮转（Round Robin，RR）、优先级调度和多级反馈队列（Multilevel Feedback Queue）等,整体部分关系,os.txt,0.61,rule_pattern_sentence_level
调度,has_part,短作业优先,处理器与调度实体,调度算法实体,常见的调度算法包括先来先服务（First Come First Served，FCFS）、短作业优先（Shortest Job First，SJF）、时间片轮转（Round Robin，RR）、优先级调度和多级反馈队列（Multilevel Feedback Queue）等,整体部分关系,os.txt,0.61,rule_pattern_sentence_level
进程,has_part,运行状态,核心抽象实体,进程与线程实体,进程不仅包含程序本身，还包括程序计数器、寄存器内容、地址空间、打开的文件、相关资源和运行状态等信息,整体部分关系,os.txt,0.61,rule_pattern_sentence_level
内存,has_part,分页,资源与硬件实体,资源与硬件实体,为了提升内存利用率并简化分配管理，现代操作系统普遍采用非连续分配技术，主要包括分页（Paging）和分段（Segmentation）,整体部分关系,os.txt,0.592,rule_pattern_sentence_level
操作系统,has_part,用户接口,领域实体,领域实体,操作系统的功能通常可以归纳为处理器管理、存储管理、设备管理和文件管理四大部分，同时还包括用户接口、安全保护、网络通信和系统调用等内容,整体部分关系,os.txt,0.59,rule_pattern_sentence_level
调度,has_part,公平性,处理器与调度实体,处理器与调度实体,调度的目标通常包括提高 CPU 利用率、增加系统吞吐量、减少周转时间、缩短响应时间和保证公平性,整体部分关系,os.txt,0.59,rule_pattern_sentence_level
调度,has_part,响应时间,处理器与调度实体,处理器与调度实体,调度的目标通常包括提高 CPU 利用率、增加系统吞吐量、减少周转时间、缩短响应时间和保证公平性,整体部分关系,os.txt,0.59,rule_pattern_sentence_level
