head,relation,tail,head_type,tail_type,confidence,evidence,pattern_names,section_titles,source_files,record_count,source_row_ids,source_relations,conflicting_relations,disambiguation_score,disambiguation_method,disambiguation_basis
CMS,is_a,G1,垃圾回收器实体,垃圾回收器实体,0.6980,标记-复制算法应用在CMS新生代(ParNew是CMS默认的新生代垃圾回收器)和G1垃圾回收器中,上下位关系,使用ThreadLocal,JVM.txt,1,705,is_a,,0.7220,relation_taxonomy_normalization + direction_normalization + duplicate_merge,"is_a: score=0.722, conf=0.698, support=1, cues=上下位"
CMS,is_a,ParNew,垃圾回收器实体,垃圾回收器实体,0.6980,"CMS收集器是老年代的收集器,可以配合新生代的Serial和ParNew收集器一起使用",上下位关系,使用ThreadLocal,JVM.txt,1,706,is_a,,0.7220,relation_taxonomy_normalization + direction_normalization + duplicate_merge,"is_a: score=0.722, conf=0.698, support=1, cues=上下位"
CMS,is_a,Serial,垃圾回收器实体,垃圾回收器实体,0.7400,"CMS收集器是老年代的收集器,可以配合新生代的Serial和ParNew收集器一起使用",上下位关系,使用ThreadLocal,JVM.txt,1,619,is_a,,0.7480,relation_taxonomy_normalization + direction_normalization + duplicate_merge,"is_a: score=0.748, conf=0.740, support=1, cues=上下位"
CMS,is_a,使用,垃圾回收器实体,类加载过程实体,0.8560,"CMS收集器是使用“标记-清除”算法进行的垃圾回收,容易产生内存碎片",上下位关系,使用ThreadLocal,JVM.txt,1,420,is_a,,0.8200,relation_taxonomy_normalization + direction_normalization + duplicate_merge,"is_a: score=0.820, conf=0.856, support=1, cues=上下位"
CMS,is_a,内存碎片,垃圾回收器实体,场景与问题实体,0.7180,"CMS收集器是使用“标记-清除”算法进行的垃圾回收,容易产生内存碎片",上下位关系,使用ThreadLocal,JVM.txt,1,656,is_a,,0.7344,relation_taxonomy_normalization + direction_normalization + duplicate_merge,"is_a: score=0.734, conf=0.718, support=1, cues=上下位"
CMS,is_a,垃圾回收,垃圾回收器实体,领域实体,0.7780,"CMS产生浮动垃圾过多时会退化为serial old,效率低,因为在上图的第四阶段,CMS清除垃圾时是并发清除的,这个时候,垃圾回收线程和用户线程同时工作会产生浮动垃圾,也就意味着CMS垃圾回收器必须预留一部分内存空间用于存放浮动垃圾",上下位关系,使用ThreadLocal,JVM.txt,1,529,is_a,,0.7440,relation_taxonomy_normalization + direction_normalization + duplicate_merge,"is_a: score=0.744, conf=0.778, support=1, cues=上下位,!用于"
CMS,is_a,新生代,垃圾回收器实体,堆结构实体,0.7840,"CMS收集器是老年代的收集器,可以配合新生代的Serial和ParNew收集器一起使用",上下位关系,使用ThreadLocal,JVM.txt,1,515,is_a,,0.7753,relation_taxonomy_normalization + direction_normalization + duplicate_merge,"is_a: score=0.775, conf=0.784, support=1, cues=上下位"
CMS,is_a,线程,垃圾回收器实体,线程与私有性相关实体,0.7540,"CMS产生浮动垃圾过多时会退化为serial old,效率低,因为在上图的第四阶段,CMS清除垃圾时是并发清除的,这个时候,垃圾回收线程和用户线程同时工作会产生浮动垃圾,也就意味着CMS垃圾回收器必须预留一部分内存空间用于存放浮动垃圾",上下位关系,使用ThreadLocal,JVM.txt,1,583,is_a,,0.7291,relation_taxonomy_normalization + direction_normalization + duplicate_merge,"is_a: score=0.729, conf=0.754, support=1, cues=上下位,!用于"
CMS,is_a,老年代,垃圾回收器实体,堆结构实体,0.8560,"CMS收集器是老年代的收集器,可以配合新生代的Serial和ParNew收集器一起使用",上下位关系,使用ThreadLocal,JVM.txt,1,421,is_a,,0.8200,relation_taxonomy_normalization + direction_normalization + duplicate_merge,"is_a: score=0.820, conf=0.856, support=1, cues=上下位"
CMS,used_for,浮动垃圾,垃圾回收器实体,垃圾回收核心概念实体,0.7400,"CMS产生浮动垃圾过多时会退化为serial old,效率低,因为在上图的第四阶段,CMS清除垃圾时是并发清除的,这个时候,垃圾回收线程和用户线程同时工作会产生浮动垃圾,也就意味着CMS垃圾回收器必须预留一部分内存空间用于存放浮动垃圾",用途关系,使用ThreadLocal,JVM.txt,1,620 | 734,used_for | is_a,is_a,0.7541,relation_taxonomy_normalization + direction_normalization + evidence_weighted_relation_voting,"used_for: score=0.754, conf=0.740, support=1, cues=用途,用于；is_a: score=0.683, conf=0.680, support=1, cues=上下位,!用于"
Eden 区,is_a,新生代,堆结构实体,堆结构实体,0.7860,"从内存回收角度,堆被划分为新生代和老年代,新生代又分为 Eden 区和两个 Survivor 区(From Survivor 和 To Survivor)",上位包含关系,全文,JVM.txt,1,514,is_a,,0.6478,relation_taxonomy_normalization + direction_normalization + duplicate_merge,"is_a: score=0.648, conf=0.786, support=1, cues=!包含"
Eden 区,is_a,老年代,堆结构实体,堆结构实体,0.7620,"从内存回收角度,堆被划分为新生代和老年代,新生代又分为 Eden 区和两个 Survivor 区(From Survivor 和 To Survivor)",上位包含关系,全文,JVM.txt,1,569,is_a,,0.6329,relation_taxonomy_normalization + direction_normalization + duplicate_merge,"is_a: score=0.633, conf=0.762, support=1, cues=!包含"
Entry,causes,内存泄漏,代码与容器实体,领域实体,0.7420,"如果当前线程迟迟不结束的话,这些key为null的Entry的value就会一直存在一条强引用链:Thread Ref -> Thread -> ThreaLocalMap -> Entry -> value永远无法回收,造成内存泄漏",因果关系,使用ThreadLocal,JVM.txt,1,612,causes,,0.7594,relation_taxonomy_normalization + direction_normalization + duplicate_merge,"causes: score=0.759, conf=0.742, support=1, cues=因果,造成"
From Survivor,is_a,新生代,堆结构实体,堆结构实体,0.6600,"从内存回收角度,堆被划分为新生代和老年代,新生代又分为 Eden 区和两个 Survivor 区(From Survivor 和 To Survivor)",上位包含关系,全文,JVM.txt,1,769,is_a,,0.5696,relation_taxonomy_normalization + direction_normalization + duplicate_merge,"is_a: score=0.570, conf=0.660, support=1, cues=!包含"
From Survivor,is_a,老年代,堆结构实体,堆结构实体,0.6360,"从内存回收角度,堆被划分为新生代和老年代,新生代又分为 Eden 区和两个 Survivor 区(From Survivor 和 To Survivor)",上位包含关系,全文,JVM.txt,1,804,is_a,,0.5548,relation_taxonomy_normalization + direction_normalization + duplicate_merge,"is_a: score=0.555, conf=0.636, support=1, cues=!包含"
Full GC,alias_of,Major GC,垃圾回收核心概念实体,垃圾回收核心概念实体,0.9260,"老年代中的对象生命周期较长,因此Major GC(也称为Full GC,涉及老年代的垃圾回收)发生的频率相对较低,但其执行时间通常比Minor GC长",别名关系,全文,JVM.txt,1,407,alias_of,,0.8885,relation_taxonomy_normalization + direction_normalization + duplicate_merge,"alias_of: score=0.888, conf=0.926, support=1, cues=也称,别名"
Full GC,is_a,Stop The World,垃圾回收核心概念实体,垃圾回收核心概念实体,0.7220,"特点:Full GC是最昂贵的操作,因为它需要停止所有的工作线程(Stop The World),遍历整个堆内存来查找和回收不再使用的对象,因此应尽量减少Full GC的触发",上下位关系,使用ThreadLocal,JVM.txt,1,650,is_a,,0.7369,relation_taxonomy_normalization + direction_normalization + duplicate_merge,"is_a: score=0.737, conf=0.722, support=1, cues=上下位"
Full GC,is_a,线程,垃圾回收核心概念实体,线程与私有性相关实体,0.7600,"特点:Full GC是最昂贵的操作,因为它需要停止所有的工作线程(Stop The World),遍历整个堆内存来查找和回收不再使用的对象,因此应尽量减少Full GC的触发",上下位关系,使用ThreadLocal,JVM.txt,1,571,is_a,,0.7604,relation_taxonomy_normalization + direction_normalization + duplicate_merge,"is_a: score=0.760, conf=0.760, support=1, cues=上下位"
G1,depends_on,内存碎片,垃圾回收器实体,场景与问题实体,0.7200,"G1(Garbage First)收集器 (标记-整理算法): Java堆并行收集器,G1收集器是JDK1.7提供的一个新收集器,G1收集器基于“标记-整理”算法实现,也就是说不会产生内存碎片",依赖关系,使用ThreadLocal,JVM.txt,1,637 | 652,is_a | depends_on,is_a,0.7437,relation_taxonomy_normalization + direction_normalization + evidence_weighted_relation_voting,"depends_on: score=0.744, conf=0.720, support=1, cues=依赖,基于；is_a: score=0.714, conf=0.730, support=1, cues=上下位,!基于"
G1,depends_on,大对象,垃圾回收器实体,对象与字符串相关实体,0.7200,"算法: G1 基于标记--整理算法, 不会产生空间碎片,在分配大对象时,不会因无法得到连续的空间,而提前触发一次 FULL GC",依赖关系,使用ThreadLocal,JVM.txt,1,653,depends_on,,0.7437,relation_taxonomy_normalization + direction_normalization + duplicate_merge,"depends_on: score=0.744, conf=0.720, support=1, cues=依赖,基于"
G1,implemented_by,JVM,垃圾回收器实体,领域实体,0.8600,"大对象区(Large Object Space / Humongous Objects):在某些JVM实现中(如G1垃圾收集器),为大对象分配了专门的区域,称为大对象区或Humongous Objects区域",实现关系,全文,JVM.txt,1,419,implemented_by,,0.8365,relation_taxonomy_normalization + direction_normalization + duplicate_merge,"implemented_by: score=0.837, conf=0.860, support=1, cues=实现关系,实现"
G1,is_a,Java 堆,垃圾回收器实体,内存区域实体,0.8320,"此外,G1收集器不同于之前的收集器的一个重要特点是:G1回收的范围是整个Java堆(包括新生代,老年代),而前六种收集器回收的范围仅限于新生代或老年代",上下位关系,使用ThreadLocal,JVM.txt,1,439,is_a,,0.7775,relation_taxonomy_normalization + direction_normalization + duplicate_merge,"is_a: score=0.777, conf=0.832, support=1, cues=上下位,!包括"
G1,is_a,STW,垃圾回收器实体,垃圾回收核心概念实体,0.7540,"因此,G1停顿时间的瓶颈主要是标记-复制中的转移阶段STW",上下位关系,使用ThreadLocal,JVM.txt,1,584,is_a,,0.7567,relation_taxonomy_normalization + direction_normalization + duplicate_merge,"is_a: score=0.757, conf=0.754, support=1, cues=上下位"
G1,is_a,gc,垃圾回收器实体,领域实体,0.7840,"而G1没有浮动垃圾,G1的筛选回收是多个垃圾回收线程并行gc的,没有浮动垃圾的回收,在执行‘并发清理’步骤时,用户线程也会同时产生一部分可回收对象,但是这部分可回收对象只能在下次执行清理是才会被回收",上下位关系,使用ThreadLocal,JVM.txt,1,516,is_a,,0.7753,relation_taxonomy_normalization + direction_normalization + duplicate_merge,"is_a: score=0.775, conf=0.784, support=1, cues=上下位"
G1,is_a,垃圾回收,垃圾回收器实体,领域实体,0.8320,"而G1没有浮动垃圾,G1的筛选回收是多个垃圾回收线程并行gc的,没有浮动垃圾的回收,在执行‘并发清理’步骤时,用户线程也会同时产生一部分可回收对象,但是这部分可回收对象只能在下次执行清理是才会被回收",上下位关系,使用ThreadLocal,JVM.txt,1,440,is_a,,0.8051,relation_taxonomy_normalization + direction_normalization + duplicate_merge,"is_a: score=0.805, conf=0.832, support=1, cues=上下位"
G1,is_a,新生代,垃圾回收器实体,堆结构实体,0.8080,G1收集器收集范围是老年代和新生代,上下位关系,使用ThreadLocal,JVM.txt,1,466 | 670,is_a | has_part,has_part,0.7902,relation_taxonomy_normalization + direction_normalization + evidence_weighted_relation_voting,"is_a: score=0.790, conf=0.808, support=1, cues=上下位；has_part: score=0.744, conf=0.714, support=1, cues=整体部分,包括"
G1,is_a,浮动垃圾,垃圾回收器实体,垃圾回收核心概念实体,0.7480,"而G1没有浮动垃圾,G1的筛选回收是多个垃圾回收线程并行gc的,没有浮动垃圾的回收,在执行‘并发清理’步骤时,用户线程也会同时产生一部分可回收对象,但是这部分可回收对象只能在下次执行清理是才会被回收",上下位关系,使用ThreadLocal,JVM.txt,1,597,is_a,,0.7530,relation_taxonomy_normalization + direction_normalization + duplicate_merge,"is_a: score=0.753, conf=0.748, support=1, cues=上下位"
G1,is_a,线程,垃圾回收器实体,线程与私有性相关实体,0.8080,"而G1没有浮动垃圾,G1的筛选回收是多个垃圾回收线程并行gc的,没有浮动垃圾的回收,在执行‘并发清理’步骤时,用户线程也会同时产生一部分可回收对象,但是这部分可回收对象只能在下次执行清理是才会被回收",上下位关系,使用ThreadLocal,JVM.txt,1,467,is_a,,0.7902,relation_taxonomy_normalization + direction_normalization + duplicate_merge,"is_a: score=0.790, conf=0.808, support=1, cues=上下位"
G1,is_a,老年代,垃圾回收器实体,堆结构实体,0.8320,G1收集器收集范围是老年代和新生代,上下位关系,使用ThreadLocal,JVM.txt,1,441 | 717,is_a | has_part,has_part,0.8051,relation_taxonomy_normalization + direction_normalization + evidence_weighted_relation_voting,"is_a: score=0.805, conf=0.832, support=1, cues=上下位；has_part: score=0.729, conf=0.690, support=1, cues=整体部分,包括"
G1,is_a,转移阶段,垃圾回收器实体,垃圾回收算法实体,0.7780,"因此,G1停顿时间的瓶颈主要是标记-复制中的转移阶段STW",上下位关系,使用ThreadLocal,JVM.txt,1,530,is_a,,0.7716,relation_taxonomy_normalization + direction_normalization + duplicate_merge,"is_a: score=0.772, conf=0.778, support=1, cues=上下位"
GC Roots,alias_of,标记阶段,垃圾回收核心概念实体,垃圾回收算法实体,0.9520,"标记阶段,即从GC Roots集合开始,标记活跃对象",别名关系,使用ThreadLocal,JVM.txt,1,406,alias_of,,0.8885,relation_taxonomy_normalization + direction_normalization + duplicate_merge,"alias_of: score=0.888, conf=0.952, support=1, cues=别名"
GC Roots,has_part,方法区,垃圾回收核心概念实体,内存区域实体,0.6480,GC Roots对象包括:虚拟机栈(栈帧中的本地变量表)中引用的对象、方法区中类静态属性引用的对象、本地方法栈中JNI(Java Native Interface)引用的对象、活跃线程的引用等,整体部分关系,使用ThreadLocal,JVM.txt,1,797,has_part,,0.7031,relation_taxonomy_normalization + direction_normalization + duplicate_merge,"has_part: score=0.703, conf=0.648, support=1, cues=整体部分,包括"
GC Roots,has_part,本地方法栈,垃圾回收核心概念实体,内存区域实体,0.6100,GC Roots对象包括:虚拟机栈(栈帧中的本地变量表)中引用的对象、方法区中类静态属性引用的对象、本地方法栈中JNI(Java Native Interface)引用的对象、活跃线程的引用等,整体部分关系,使用ThreadLocal,JVM.txt,1,809,has_part,,0.6795,relation_taxonomy_normalization + direction_normalization + duplicate_merge,"has_part: score=0.680, conf=0.610, support=1, cues=整体部分,包括"
GC Roots,has_part,栈帧,垃圾回收核心概念实体,栈与栈帧相关实体,0.7500,GC Roots对象包括:虚拟机栈(栈帧中的本地变量表)中引用的对象、方法区中类静态属性引用的对象、本地方法栈中JNI(Java Native Interface)引用的对象、活跃线程的引用等,枚举结构关系,使用ThreadLocal,JVM.txt,1,592,has_part,,0.7663,relation_taxonomy_normalization + direction_normalization + duplicate_merge,"has_part: score=0.766, conf=0.750, support=1, cues=枚举结构,包括"
GC Roots,has_part,虚拟机栈,垃圾回收核心概念实体,内存区域实体,0.7800,GC Roots对象包括:虚拟机栈(栈帧中的本地变量表)中引用的对象、方法区中类静态属性引用的对象、本地方法栈中JNI(Java Native Interface)引用的对象、活跃线程的引用等,枚举结构关系,使用ThreadLocal,JVM.txt,1,525,has_part,,0.7849,relation_taxonomy_normalization + direction_normalization + duplicate_merge,"has_part: score=0.785, conf=0.780, support=1, cues=枚举结构,包括"
GC Roots,is_a,STW,垃圾回收核心概念实体,垃圾回收核心概念实体,0.7460,"初始标记阶段:初始标记阶段是指从GC Roots出发标记全部直接子节点的过程,该阶段是STW的",上下位关系,使用ThreadLocal,JVM.txt,1,606,is_a,,0.7518,relation_taxonomy_normalization + direction_normalization + duplicate_merge,"is_a: score=0.752, conf=0.746, support=1, cues=上下位"
Humongous Objects,has_part,G1,堆结构实体,垃圾回收器实体,0.7320,"大对象区(Large Object Space / Humongous Objects):在某些JVM实现中(如G1垃圾收集器),为大对象分配了专门的区域,称为大对象区或Humongous Objects区域",枚举结构关系,全文,JVM.txt,1,634,has_part,,0.7391,relation_taxonomy_normalization + direction_normalization + duplicate_merge,"has_part: score=0.739, conf=0.732, support=1, cues=枚举结构"
Humongous Objects,has_part,JVM,堆结构实体,领域实体,0.7800,"大对象区(Large Object Space / Humongous Objects):在某些JVM实现中(如G1垃圾收集器),为大对象分配了专门的区域,称为大对象区或Humongous Objects区域",枚举结构关系,全文,JVM.txt,1,526,has_part,,0.7688,relation_taxonomy_normalization + direction_normalization + duplicate_merge,"has_part: score=0.769, conf=0.780, support=1, cues=枚举结构"
Humongous Objects,has_part,大对象,堆结构实体,对象与字符串相关实体,0.6720,"大对象区(Large Object Space / Humongous Objects):在某些JVM实现中(如G1垃圾收集器),为大对象分配了专门的区域,称为大对象区或Humongous Objects区域",枚举结构关系,全文,JVM.txt,1,753,has_part,,0.7019,relation_taxonomy_normalization + direction_normalization + duplicate_merge,"has_part: score=0.702, conf=0.672, support=1, cues=枚举结构"
JProfiler,is_a,内存泄漏,工具与排查实体,领域实体,0.7120,"分析快照文件:使用 MAT(Memory Analyzer Tool)或 JProfiler 等工具分析快照,重点看哪些对象占用了大量内存、是否存在内存泄漏(如对象长期被无用引用持有,无法回收)",上下位关系,全文,JVM.txt,1,676,is_a,,0.7307,relation_taxonomy_normalization + direction_normalization + duplicate_merge,"is_a: score=0.731, conf=0.712, support=1, cues=上下位"
JVM,is_a,Java 虚拟机,领域实体,领域实体,0.7820,"验证(Verification),这是虚拟机安全的重要保障,JVM 需要核验字节信息是符合 Java 虚拟机规范的,否则就被认为是 VerifyError,这样就防止了恶意信息或者不合规的信息危害 JVM 的运行,验证阶段有可能触发更多 class 的加载",上下位关系,使用ThreadLocal,JVM.txt,1,523,is_a,,0.7741,relation_taxonomy_normalization + direction_normalization + duplicate_merge,"is_a: score=0.774, conf=0.782, support=1, cues=上下位"
JVM,is_a,VerifyError,领域实体,异常与错误实体,0.6820,"验证(Verification),这是虚拟机安全的重要保障,JVM 需要核验字节信息是符合 Java 虚拟机规范的,否则就被认为是 VerifyError,这样就防止了恶意信息或者不合规的信息危害 JVM 的运行,验证阶段有可能触发更多 class 的加载",上下位关系,使用ThreadLocal,JVM.txt,1,732,is_a,,0.7121,relation_taxonomy_normalization + direction_normalization + duplicate_merge,"is_a: score=0.712, conf=0.682, support=1, cues=上下位"
JVM,is_a,堆外内存,领域实体,内存区域实体,0.7240,"直接内存:不属于 JVM 运行时数据区的一部分,通过 NIO 类引入,是一种堆外内存,可以显著提高 I/O 性能",上下位关系,全文,JVM.txt,1,645,is_a,,0.7703,relation_taxonomy_normalization + direction_normalization + duplicate_merge,"is_a: score=0.770, conf=0.724, support=1, cues=上下位,属于,是一种"
JVM,used_for,动态链接,领域实体,栈与栈帧相关实体,0.6600,"栈帧创建:在调用一个方法前,JVM会在当前线程的Java虚拟机栈中为该方法分配一个新的栈帧,用于存储局部变量表、操作数栈、动态链接、方法出口等信息",用途关系,全文,JVM.txt,1,770,used_for,,0.7045,relation_taxonomy_normalization + direction_normalization + duplicate_merge,"used_for: score=0.705, conf=0.660, support=1, cues=用途,用于"
JVM,used_for,对象实例,领域实体,对象与字符串相关实体,0.7400,"Java堆(Heap)是Java虚拟机(JVM)中内存管理的一个重要区域,主要用于存放对象实例和数组",用途关系,全文,JVM.txt,1,621,used_for,,0.7541,relation_taxonomy_normalization + direction_normalization + duplicate_merge,"used_for: score=0.754, conf=0.740, support=1, cues=用途,用于"
JVM,used_for,局部变量表,领域实体,栈与栈帧相关实体,0.6620,"栈帧创建:在调用一个方法前,JVM会在当前线程的Java虚拟机栈中为该方法分配一个新的栈帧,用于存储局部变量表、操作数栈、动态链接、方法出口等信息",用途关系,全文,JVM.txt,1,766,used_for,,0.7058,relation_taxonomy_normalization + direction_normalization + duplicate_merge,"used_for: score=0.706, conf=0.662, support=1, cues=用途,用于"
JVM,used_for,操作数栈,领域实体,栈与栈帧相关实体,0.6600,"栈帧创建:在调用一个方法前,JVM会在当前线程的Java虚拟机栈中为该方法分配一个新的栈帧,用于存储局部变量表、操作数栈、动态链接、方法出口等信息",用途关系,全文,JVM.txt,1,771,used_for,,0.7045,relation_taxonomy_normalization + direction_normalization + duplicate_merge,"used_for: score=0.705, conf=0.660, support=1, cues=用途,用于"
JVM,used_for,数组,领域实体,对象与字符串相关实体,0.7100,"Java堆(Heap)是Java虚拟机(JVM)中内存管理的一个重要区域,主要用于存放对象实例和数组",用途关系,全文,JVM.txt,1,682,used_for,,0.7355,relation_taxonomy_normalization + direction_normalization + duplicate_merge,"used_for: score=0.736, conf=0.710, support=1, cues=用途,用于"
JVM内存模型,used_for,局部变量,领域实体,栈与栈帧相关实体,0.7460,"在JVM内存模型中,栈(Stack)主要用于管理线程的局部变量和方法调用的上下文,而堆(Heap)则是用于存储所有类的实例和数组",用途关系,全文,JVM.txt,1,607,used_for,,0.7579,relation_taxonomy_normalization + direction_normalization + duplicate_merge,"used_for: score=0.758, conf=0.746, support=1, cues=用途,用于"
JVM内存模型,used_for,方法调用,领域实体,栈与栈帧相关实体,0.7160,"在JVM内存模型中,栈(Stack)主要用于管理线程的局部变量和方法调用的上下文,而堆(Heap)则是用于存储所有类的实例和数组",用途关系,全文,JVM.txt,1,664,used_for,,0.7393,relation_taxonomy_normalization + direction_normalization + duplicate_merge,"used_for: score=0.739, conf=0.716, support=1, cues=用途,用于"
JVM内存模型,used_for,线程,领域实体,线程与私有性相关实体,0.7640,"在JVM内存模型中,栈(Stack)主要用于管理线程的局部变量和方法调用的上下文,而堆(Heap)则是用于存储所有类的实例和数组",用途关系,全文,JVM.txt,1,564,used_for,,0.7690,relation_taxonomy_normalization + direction_normalization + duplicate_merge,"used_for: score=0.769, conf=0.764, support=1, cues=用途,用于"
Java heap space,is_a,堆内存溢,异常与错误实体,内存区域实体,0.8440,"堆内存溢出:当出现Java.lang.OutOfMemoryError:Java heap space异常时,就是堆内存溢出了",上下位关系,全文,JVM.txt,1,430,is_a,,0.8125,relation_taxonomy_normalization + direction_normalization + duplicate_merge,"is_a: score=0.813, conf=0.844, support=1, cues=上下位"
Java 堆,has_part,新生代,内存区域实体,堆结构实体,0.7920,"此外,G1收集器不同于之前的收集器的一个重要特点是:G1回收的范围是整个Java堆(包括新生代,老年代),而前六种收集器回收的范围仅限于新生代或老年代",整体部分关系,使用ThreadLocal,JVM.txt,1,493,has_part,,0.7924,relation_taxonomy_normalization + direction_normalization + duplicate_merge,"has_part: score=0.792, conf=0.792, support=1, cues=整体部分,包括"
Java 堆,has_part,老年代,内存区域实体,堆结构实体,0.7680,"此外,G1收集器不同于之前的收集器的一个重要特点是:G1回收的范围是整个Java堆(包括新生代,老年代),而前六种收集器回收的范围仅限于新生代或老年代",整体部分关系,使用ThreadLocal,JVM.txt,1,546,has_part,,0.7775,relation_taxonomy_normalization + direction_normalization + duplicate_merge,"has_part: score=0.777, conf=0.768, support=1, cues=整体部分,包括"
Java 堆,is_a,G1,内存区域实体,垃圾回收器实体,0.7120,"G1(Garbage First)收集器 (标记-整理算法): Java堆并行收集器,G1收集器是JDK1.7提供的一个新收集器,G1收集器基于“标记-整理”算法实现,也就是说不会产生内存碎片",上下位关系,使用ThreadLocal,JVM.txt,1,677,is_a,,0.7031,relation_taxonomy_normalization + direction_normalization + duplicate_merge,"is_a: score=0.703, conf=0.712, support=1, cues=上下位,!基于"
Java 堆,is_a,JVM,内存区域实体,领域实体,0.7900,"Java堆(Heap)是Java虚拟机(JVM)中内存管理的一个重要区域,主要用于存放对象实例和数组",上下位关系,全文,JVM.txt,1,492 | 502,has_part | is_a,has_part,0.7514,relation_taxonomy_normalization + direction_normalization + evidence_weighted_relation_voting,"is_a: score=0.751, conf=0.790, support=1, cues=上下位,!用于；has_part: score=0.749, conf=0.792, support=1, cues=枚举结构,!用于；low_margin=0.003"
Java 堆,is_a,Java 虚拟机,内存区域实体,领域实体,0.8380,"Java堆(Heap)是Java虚拟机(JVM)中内存管理的一个重要区域,主要用于存放对象实例和数组",上下位关系,全文,JVM.txt,1,435,is_a,,0.7812,relation_taxonomy_normalization + direction_normalization + duplicate_merge,"is_a: score=0.781, conf=0.838, support=1, cues=上下位,!用于"
Java 堆,is_a,使用,内存区域实体,类加载过程实体,0.8560,"元空间并不在Java堆中,而是使用本地内存,这解决了永久代容易出现的内存溢出问题",上下位关系,全文,JVM.txt,1,422,is_a,,0.8200,relation_taxonomy_normalization + direction_normalization + duplicate_merge,"is_a: score=0.820, conf=0.856, support=1, cues=上下位"
Java 堆,is_a,内存溢出,内存区域实体,领域实体,0.7420,"元空间并不在Java堆中,而是使用本地内存,这解决了永久代容易出现的内存溢出问题",上下位关系,全文,JVM.txt,1,613,is_a,,0.7493,relation_taxonomy_normalization + direction_normalization + duplicate_merge,"is_a: score=0.749, conf=0.742, support=1, cues=上下位"
Java 堆,is_a,本地内存,内存区域实体,内存区域实体,0.8240,"元空间并不在Java堆中,而是使用本地内存,这解决了永久代容易出现的内存溢出问题",上下位关系,全文,JVM.txt,1,450,is_a,,0.8001,relation_taxonomy_normalization + direction_normalization + duplicate_merge,"is_a: score=0.800, conf=0.824, support=1, cues=上下位"
Java 堆,is_a,线程共享,内存区域实体,线程与私有性相关实体,0.7540,"Java 堆:是 JVM 中最大的一块内存区域,被所有线程共享,在虚拟机启动时创建,用于存放对象实例",上下位关系,全文,JVM.txt,1,585 | 728,is_a | has_part,has_part,0.7291,relation_taxonomy_normalization + direction_normalization + evidence_weighted_relation_voting,"is_a: score=0.729, conf=0.754, support=1, cues=上下位,!用于；has_part: score=0.682, conf=0.684, support=1, cues=枚举结构,!用于"
Java 堆,used_for,对象实例,内存区域实体,对象与字符串相关实体,0.6600,"Java 堆:是 JVM 中最大的一块内存区域,被所有线程共享,在虚拟机启动时创建,用于存放对象实例",用途关系,全文,JVM.txt,1,772,used_for,,0.7045,relation_taxonomy_normalization + direction_normalization + duplicate_merge,"used_for: score=0.705, conf=0.660, support=1, cues=用途,用于"
Java 堆,used_for,数组,内存区域实体,对象与字符串相关实体,0.6600,"Java堆(Heap)是Java虚拟机(JVM)中内存管理的一个重要区域,主要用于存放对象实例和数组",用途关系,全文,JVM.txt,1,773,used_for,,0.7045,relation_taxonomy_normalization + direction_normalization + duplicate_merge,"used_for: score=0.705, conf=0.660, support=1, cues=用途,用于"
Java 虚拟机,is_a,VerifyError,领域实体,异常与错误实体,0.8080,"验证(Verification),这是虚拟机安全的重要保障,JVM 需要核验字节信息是符合 Java 虚拟机规范的,否则就被认为是 VerifyError,这样就防止了恶意信息或者不合规的信息危害 JVM 的运行,验证阶段有可能触发更多 class 的加载",上下位关系,使用ThreadLocal,JVM.txt,1,468,is_a,,0.7902,relation_taxonomy_normalization + direction_normalization + duplicate_merge,"is_a: score=0.790, conf=0.808, support=1, cues=上下位"
Java 虚拟机,used_for,加载,领域实体,类加载过程实体,0.6600,《深入理解Java虚拟机》书中对方法区(Method Area)存储内容描述如下:它用于存储已被虚拟机加载的类型信息、常量、静态变量、即时编译器编译后的代码缓存等,用途关系,全文,JVM.txt,1,774,used_for,,0.7045,relation_taxonomy_normalization + direction_normalization + duplicate_merge,"used_for: score=0.705, conf=0.660, support=1, cues=用途,用于"
Java 虚拟机,used_for,对象实例,领域实体,对象与字符串相关实体,0.7160,"Java堆(Heap)是Java虚拟机(JVM)中内存管理的一个重要区域,主要用于存放对象实例和数组",用途关系,全文,JVM.txt,1,665,used_for,,0.7393,relation_taxonomy_normalization + direction_normalization + duplicate_merge,"used_for: score=0.739, conf=0.716, support=1, cues=用途,用于"
Java 虚拟机,used_for,常量,领域实体,方法区与元数据相关实体,0.6600,《深入理解Java虚拟机》书中对方法区(Method Area)存储内容描述如下:它用于存储已被虚拟机加载的类型信息、常量、静态变量、即时编译器编译后的代码缓存等,用途关系,全文,JVM.txt,1,775,used_for,,0.7045,relation_taxonomy_normalization + direction_normalization + duplicate_merge,"used_for: score=0.705, conf=0.660, support=1, cues=用途,用于"
Java 虚拟机,used_for,数组,领域实体,对象与字符串相关实体,0.6860,"Java堆(Heap)是Java虚拟机(JVM)中内存管理的一个重要区域,主要用于存放对象实例和数组",用途关系,全文,JVM.txt,1,725,used_for,,0.7207,relation_taxonomy_normalization + direction_normalization + duplicate_merge,"used_for: score=0.721, conf=0.686, support=1, cues=用途,用于"
Java 虚拟机,used_for,类型信息,领域实体,方法区与元数据相关实体,0.6600,《深入理解Java虚拟机》书中对方法区(Method Area)存储内容描述如下:它用于存储已被虚拟机加载的类型信息、常量、静态变量、即时编译器编译后的代码缓存等,用途关系,全文,JVM.txt,1,776,used_for,,0.7045,relation_taxonomy_normalization + direction_normalization + duplicate_merge,"used_for: score=0.705, conf=0.660, support=1, cues=用途,用于"
Java 虚拟机栈,has_part,线程,领域实体,线程与私有性相关实体,0.7920,"Java 虚拟机栈:每个线程都有自己独立的 Java 虚拟机栈,生命周期与线程相同",枚举结构关系,全文,JVM.txt,1,494,has_part,,0.7763,relation_taxonomy_normalization + direction_normalization + duplicate_merge,"has_part: score=0.776, conf=0.792, support=1, cues=枚举结构"
Java 虚拟机栈,used_for,动态链接,领域实体,栈与栈帧相关实体,0.6860,"栈帧创建:在调用一个方法前,JVM会在当前线程的Java虚拟机栈中为该方法分配一个新的栈帧,用于存储局部变量表、操作数栈、动态链接、方法出口等信息",用途关系,全文,JVM.txt,1,726,used_for,,0.7207,relation_taxonomy_normalization + direction_normalization + duplicate_merge,"used_for: score=0.721, conf=0.686, support=1, cues=用途,用于"
Java 虚拟机栈,used_for,局部变量表,领域实体,栈与栈帧相关实体,0.7520,"栈帧创建:在调用一个方法前,JVM会在当前线程的Java虚拟机栈中为该方法分配一个新的栈帧,用于存储局部变量表、操作数栈、动态链接、方法出口等信息",用途关系,全文,JVM.txt,1,589,used_for,,0.7616,relation_taxonomy_normalization + direction_normalization + duplicate_merge,"used_for: score=0.762, conf=0.752, support=1, cues=用途,用于"
Java 虚拟机栈,used_for,操作数栈,领域实体,栈与栈帧相关实体,0.7160,"栈帧创建:在调用一个方法前,JVM会在当前线程的Java虚拟机栈中为该方法分配一个新的栈帧,用于存储局部变量表、操作数栈、动态链接、方法出口等信息",用途关系,全文,JVM.txt,1,666,used_for,,0.7393,relation_taxonomy_normalization + direction_normalization + duplicate_merge,"used_for: score=0.739, conf=0.716, support=1, cues=用途,用于"
Java 虚拟机栈,used_for,方法出口,领域实体,栈与栈帧相关实体,0.6600,"栈帧创建:在调用一个方法前,JVM会在当前线程的Java虚拟机栈中为该方法分配一个新的栈帧,用于存储局部变量表、操作数栈、动态链接、方法出口等信息",用途关系,全文,JVM.txt,1,777,used_for,,0.7045,relation_taxonomy_normalization + direction_normalization + duplicate_merge,"used_for: score=0.705, conf=0.660, support=1, cues=用途,用于"
List,causes,堆溢出,代码与容器实体,内存区域实体,0.7660,"举个例子:曾遇到过一个批量处理任务,代码中把所有处理结果都存到了一个静态 List 里,导致对象越积越多,最终堆溢出",因果关系,全文,JVM.txt,1,555,causes,,0.7743,relation_taxonomy_normalization + direction_normalization + duplicate_merge,"causes: score=0.774, conf=0.766, support=1, cues=因果,导致"
Major GC,alias_of,Minor GC,垃圾回收核心概念实体,垃圾回收核心概念实体,0.8660,"根据其作用范围和触发条件的不同,可以将GC分为三种类型:Minor GC(也称为Young GC)、Major GC(有时也称为Old GC)、以及Full GC",别名关系,使用ThreadLocal,JVM.txt,1,412,alias_of,,0.8513,relation_taxonomy_normalization + direction_normalization + duplicate_merge,"alias_of: score=0.851, conf=0.866, support=1, cues=也称,别名"
Major GC,alias_of,垃圾回收,垃圾回收核心概念实体,领域实体,0.8620,"老年代中的对象生命周期较长,因此Major GC(也称为Full GC,涉及老年代的垃圾回收)发生的频率相对较低,但其执行时间通常比Minor GC长",别名关系,全文,JVM.txt,1,418,alias_of,,0.8488,relation_taxonomy_normalization + direction_normalization + duplicate_merge,"alias_of: score=0.849, conf=0.862, support=1, cues=也称,别名"
Major GC,alias_of,老年代,垃圾回收核心概念实体,堆结构实体,0.8860,"老年代中的对象生命周期较长,因此Major GC(也称为Full GC,涉及老年代的垃圾回收)发生的频率相对较低,但其执行时间通常比Minor GC长",别名关系,全文,JVM.txt,1,410,alias_of,,0.8637,relation_taxonomy_normalization + direction_normalization + duplicate_merge,"alias_of: score=0.864, conf=0.886, support=1, cues=也称,别名"
Major GC,is_a,gc,垃圾回收核心概念实体,领域实体,0.6560,"根据其作用范围和触发条件的不同,可以将GC分为三种类型:Minor GC(也称为Young GC)、Major GC(有时也称为Old GC)、以及Full GC",上位包含关系,使用ThreadLocal,JVM.txt,1,793,is_a,,0.5672,relation_taxonomy_normalization + direction_normalization + duplicate_merge,"is_a: score=0.567, conf=0.656, support=1, cues=!包含"
Metaspace,used_for,类的元数据信息,异常与错误实体,方法区与元数据相关实体,0.6600,"元空间(Metaspace):从Java 8开始,永久代(Permanent Generation)被元空间取代,用于存储类的元数据信息,如类的结构信息(如字段、方法信息等)",用途关系,全文,JVM.txt,1,778,used_for,,0.7045,relation_taxonomy_normalization + direction_normalization + duplicate_merge,"used_for: score=0.705, conf=0.660, support=1, cues=用途,用于"
Minor GC,alias_of,Young GC,垃圾回收核心概念实体,垃圾回收核心概念实体,0.9260,"根据其作用范围和触发条件的不同,可以将GC分为三种类型:Minor GC(也称为Young GC)、Major GC(有时也称为Old GC)、以及Full GC",别名关系,使用ThreadLocal,JVM.txt,1,408,alias_of,,0.8885,relation_taxonomy_normalization + direction_normalization + duplicate_merge,"alias_of: score=0.888, conf=0.926, support=1, cues=也称,别名"
Minor GC,is_a,gc,垃圾回收核心概念实体,领域实体,0.7880,"根据其作用范围和触发条件的不同,可以将GC分为三种类型:Minor GC(也称为Young GC)、Major GC(有时也称为Old GC)、以及Full GC",上位包含关系,使用ThreadLocal,JVM.txt,1,508,is_a,,0.6490,relation_taxonomy_normalization + direction_normalization + duplicate_merge,"is_a: score=0.649, conf=0.788, support=1, cues=!包含"
NIO,is_a,堆外内存,工具与排查实体,内存区域实体,0.8320,"直接内存:不属于 JVM 运行时数据区的一部分,通过 NIO 类引入,是一种堆外内存,可以显著提高 I/O 性能",上下位关系,全文,JVM.txt,1,442,is_a,,0.8373,relation_taxonomy_normalization + direction_normalization + duplicate_merge,"is_a: score=0.837, conf=0.832, support=1, cues=上下位,属于,是一种"
OutOfMemoryError,has_part,Java heap space,异常与错误实体,异常与错误实体,0.7840,"堆内存溢出:当出现Java.lang.OutOfMemoryError:Java heap space异常时,就是堆内存溢出了",枚举结构关系,全文,JVM.txt,1,517,has_part,,0.7713,relation_taxonomy_normalization + direction_normalization + duplicate_merge,"has_part: score=0.771, conf=0.784, support=1, cues=枚举结构"
OutOfMemoryError,is_a,堆内存溢,异常与错误实体,内存区域实体,0.7480,"堆内存溢出:当出现Java.lang.OutOfMemoryError:Java heap space异常时,就是堆内存溢出了",上下位关系,全文,JVM.txt,1,598 | 746,is_a | has_part,has_part,0.7530,relation_taxonomy_normalization + direction_normalization + evidence_weighted_relation_voting,"is_a: score=0.753, conf=0.748, support=1, cues=上下位；has_part: score=0.706, conf=0.678, support=1, cues=枚举结构"
ParNew,is_a,G1,垃圾回收器实体,垃圾回收器实体,0.7580,标记-复制算法应用在CMS新生代(ParNew是CMS默认的新生代垃圾回收器)和G1垃圾回收器中,上下位关系,使用ThreadLocal,JVM.txt,1,576,is_a,,0.7592,relation_taxonomy_normalization + direction_normalization + duplicate_merge,"is_a: score=0.759, conf=0.758, support=1, cues=上下位"
ParNew,is_a,Serial,垃圾回收器实体,垃圾回收器实体,0.7100,"ParNew收集器 (复制算法): 新生代收并行集器,实际上是Serial收集器的多线程版本,在多核CPU环境下有着比Serial更好的表现",上下位关系,使用ThreadLocal,JVM.txt,1,683,is_a,,0.7294,relation_taxonomy_normalization + direction_normalization + duplicate_merge,"is_a: score=0.729, conf=0.710, support=1, cues=上下位"
ParNew,is_a,垃圾回收,垃圾回收器实体,领域实体,0.8200,标记-复制算法应用在CMS新生代(ParNew是CMS默认的新生代垃圾回收器)和G1垃圾回收器中,上下位关系,使用ThreadLocal,JVM.txt,1,451,is_a,,0.7976,relation_taxonomy_normalization + direction_normalization + duplicate_merge,"is_a: score=0.798, conf=0.820, support=1, cues=上下位"
ParNew,is_a,新生代,垃圾回收器实体,堆结构实体,0.8380,标记-复制算法应用在CMS新生代(ParNew是CMS默认的新生代垃圾回收器)和G1垃圾回收器中,上下位关系,使用ThreadLocal,JVM.txt,1,436,is_a,,0.8088,relation_taxonomy_normalization + direction_normalization + duplicate_merge,"is_a: score=0.809, conf=0.838, support=1, cues=上下位"
ParNew,is_a,线程,垃圾回收器实体,线程与私有性相关实体,0.6800,"ParNew收集器 (复制算法): 新生代收并行集器,实际上是Serial收集器的多线程版本,在多核CPU环境下有着比Serial更好的表现",上下位关系,使用ThreadLocal,JVM.txt,1,735,is_a,,0.7108,relation_taxonomy_normalization + direction_normalization + duplicate_merge,"is_a: score=0.711, conf=0.680, support=1, cues=上下位"
Serial,is_a,线程,垃圾回收器实体,线程与私有性相关实体,0.8440,"Serial GC 是单线程回收,简单但效率低,适合小内存应用",上下位关系,使用ThreadLocal,JVM.txt,1,431,is_a,,0.8125,relation_taxonomy_normalization + direction_normalization + duplicate_merge,"is_a: score=0.813, conf=0.844, support=1, cues=上下位"
StackOverFlowError,is_a,JVM,异常与错误实体,领域实体,0.8620,"栈溢出(java.lang.StackOverflowError)是 JVM 中另一种常见的内存错误,和堆溢出的原理与场景截然不同",上下位关系,全文,JVM.txt,1,413,is_a,,0.8237,relation_taxonomy_normalization + direction_normalization + duplicate_merge,"is_a: score=0.824, conf=0.862, support=1, cues=上下位"
StackOverFlowError,is_a,堆溢出,异常与错误实体,内存区域实体,0.7600,"栈溢出(java.lang.StackOverflowError)是 JVM 中另一种常见的内存错误,和堆溢出的原理与场景截然不同",上下位关系,全文,JVM.txt,1,572,is_a,,0.7604,relation_taxonomy_normalization + direction_normalization + duplicate_merge,"is_a: score=0.760, conf=0.760, support=1, cues=上下位"
String,is_a,Extension ClassLoader,对象与字符串相关实体,类加载器实体,0.8500,"具体来说,Java 的类加载器有一套默认的层级结构:最顶层是Bootstrap ClassLoader(启动类加载器,负责加载 JDK 核心类,如java.lang.String),往下是Extension ClassLoader(扩展类加载器,加载 JDK 扩展目录的类),再往下是AppClassLoader(应用类加载器,加载我们自己写的类和第三方 jar 包),我们也可以自定义类加载器,放在最下层",上下位关系,使用ThreadLocal,JVM.txt,1,425,is_a,,0.8162,relation_taxonomy_normalization + direction_normalization + duplicate_merge,"is_a: score=0.816, conf=0.850, support=1, cues=上下位"
String,is_a,加载,对象与字符串相关实体,类加载过程实体,0.6800,"具体来说,Java 的类加载器有一套默认的层级结构:最顶层是Bootstrap ClassLoader(启动类加载器,负责加载 JDK 核心类,如java.lang.String),往下是Extension ClassLoader(扩展类加载器,加载 JDK 扩展目录的类),再往下是AppClassLoader(应用类加载器,加载我们自己写的类和第三方 jar 包),我们也可以自定义类加载器,放在最下层",上下位关系,使用ThreadLocal,JVM.txt,1,736,is_a,,0.7108,relation_taxonomy_normalization + direction_normalization + duplicate_merge,"is_a: score=0.711, conf=0.680, support=1, cues=上下位"
String,is_a,扩展类加载器,对象与字符串相关实体,领域实体,0.7180,"具体来说,Java 的类加载器有一套默认的层级结构:最顶层是Bootstrap ClassLoader(启动类加载器,负责加载 JDK 核心类,如java.lang.String),往下是Extension ClassLoader(扩展类加载器,加载 JDK 扩展目录的类),再往下是AppClassLoader(应用类加载器,加载我们自己写的类和第三方 jar 包),我们也可以自定义类加载器,放在最下层",上下位关系,使用ThreadLocal,JVM.txt,1,657,is_a,,0.7344,relation_taxonomy_normalization + direction_normalization + duplicate_merge,"is_a: score=0.734, conf=0.718, support=1, cues=上下位"
Survivor 区,is_a,新生代,堆结构实体,堆结构实体,0.7260,"从内存回收角度,堆被划分为新生代和老年代,新生代又分为 Eden 区和两个 Survivor 区(From Survivor 和 To Survivor)",上位包含关系,全文,JVM.txt,1,642,is_a,,0.6106,relation_taxonomy_normalization + direction_normalization + duplicate_merge,"is_a: score=0.611, conf=0.726, support=1, cues=!包含"
Survivor 区,is_a,老年代,堆结构实体,堆结构实体,0.7020,"从内存回收角度,堆被划分为新生代和老年代,新生代又分为 Eden 区和两个 Survivor 区(From Survivor 和 To Survivor)",上位包含关系,全文,JVM.txt,1,697,is_a,,0.5957,relation_taxonomy_normalization + direction_normalization + duplicate_merge,"is_a: score=0.596, conf=0.702, support=1, cues=!包含"
Tenured Generation,has_part,Minor GC,堆结构实体,垃圾回收核心概念实体,0.7500,老年代(Old Generation/Tenured Generation):存放过一次或多次Minor GC仍存活的对象会被移动到老年代,枚举结构关系,全文,JVM.txt,1,593,has_part,,0.7502,relation_taxonomy_normalization + direction_normalization + duplicate_merge,"has_part: score=0.750, conf=0.750, support=1, cues=枚举结构"
ThreadLocal,is_a,线程,代码与容器实体,线程与私有性相关实体,0.7300,"ThreadLocal提供了线程本地变量,它可以保证访问到的变量属于当前线程,每个线程都保存有一个变量副本,每个线程的变量都不同",上下位关系,使用ThreadLocal,JVM.txt,1,638,is_a,,0.7579,relation_taxonomy_normalization + direction_normalization + duplicate_merge,"is_a: score=0.758, conf=0.730, support=1, cues=上下位,属于"
ThreadLocal,used_for,ThreadLocalMap,代码与容器实体,代码与容器实体,0.6400,"ThreadLocalMap使用ThreadLocal的弱引用作为key,如果一个ThreadLocal没有外部强引用来引用它,那么系统GC时,这个ThreadLocal势必会被回收,这样一来,ThreadLocalMap中就会出现key为null的Entry,就没有办法访问这些key为null的Entry的value",用途关系,使用ThreadLocal,JVM.txt,1,800,used_for,,0.7082,relation_taxonomy_normalization + direction_normalization + duplicate_merge,"used_for: score=0.708, conf=0.640, support=1, cues=用途,用来,用作"
ThreadLocal,used_for,gc,代码与容器实体,领域实体,0.7640,"ThreadLocalMap使用ThreadLocal的弱引用作为key,如果一个ThreadLocal没有外部强引用来引用它,那么系统GC时,这个ThreadLocal势必会被回收,这样一来,ThreadLocalMap中就会出现key为null的Entry,就没有办法访问这些key为null的Entry的value",用途关系,使用ThreadLocal,JVM.txt,1,565,used_for,,0.7851,relation_taxonomy_normalization + direction_normalization + duplicate_merge,"used_for: score=0.785, conf=0.764, support=1, cues=用途,用来,用作"
ThreadLocal,used_for,key,代码与容器实体,代码与容器实体,0.8040,"ThreadLocalMap使用ThreadLocal的弱引用作为key,如果一个ThreadLocal没有外部强引用来引用它,那么系统GC时,这个ThreadLocal势必会被回收,这样一来,ThreadLocalMap中就会出现key为null的Entry,就没有办法访问这些key为null的Entry的value",用途关系,使用ThreadLocal,JVM.txt,1,479,used_for,,0.8099,relation_taxonomy_normalization + direction_normalization + duplicate_merge,"used_for: score=0.810, conf=0.804, support=1, cues=用途,用来,用作"
ThreadLocal,used_for,强引用,代码与容器实体,引用类型实体,0.6860,"ThreadLocalMap使用ThreadLocal的弱引用作为key,如果一个ThreadLocal没有外部强引用来引用它,那么系统GC时,这个ThreadLocal势必会被回收,这样一来,ThreadLocalMap中就会出现key为null的Entry,就没有办法访问这些key为null的Entry的value",用途关系,使用ThreadLocal,JVM.txt,1,727,used_for,,0.7368,relation_taxonomy_normalization + direction_normalization + duplicate_merge,"used_for: score=0.737, conf=0.686, support=1, cues=用途,用来,用作"
ThreadLocalMap,is_a,ThreadLocal,代码与容器实体,代码与容器实体,0.8120,"ThreadLocal的实现中,每个Thread维护一个ThreadLocalMap映射表,key是ThreadLocal实例本身,value是真正需要存储的Object",上下位关系,使用ThreadLocal,JVM.txt,1,462 | 547 | 747,is_a | implemented_by | used_for,implemented_by | used_for,0.7927,relation_taxonomy_normalization + direction_normalization + evidence_weighted_relation_voting,"is_a: score=0.793, conf=0.812, support=1, cues=上下位；implemented_by: score=0.779, conf=0.768, support=1, cues=实现关系,实现；used_for: score=0.732, conf=0.678, support=1, cues=用途,用来,用作；low_margin=0.013"
ThreadLocalMap,is_a,value,代码与容器实体,代码与容器实体,0.7160,"ThreadLocal的实现中,每个Thread维护一个ThreadLocalMap映射表,key是ThreadLocal实例本身,value是真正需要存储的Object",上下位关系,使用ThreadLocal,JVM.txt,1,667,is_a,,0.7332,relation_taxonomy_normalization + direction_normalization + duplicate_merge,"is_a: score=0.733, conf=0.716, support=1, cues=上下位"
ThreadLocalMap,used_for,key,代码与容器实体,代码与容器实体,0.7260,"ThreadLocalMap使用ThreadLocal的弱引用作为key,如果一个ThreadLocal没有外部强引用来引用它,那么系统GC时,这个ThreadLocal势必会被回收,这样一来,ThreadLocalMap中就会出现key为null的Entry,就没有办法访问这些key为null的Entry的value",用途关系,使用ThreadLocal,JVM.txt,1,643,used_for,,0.7616,relation_taxonomy_normalization + direction_normalization + duplicate_merge,"used_for: score=0.762, conf=0.726, support=1, cues=用途,用来,用作"
ThreadLocalMap,used_for,强引用,代码与容器实体,引用类型实体,0.6600,"ThreadLocalMap使用ThreadLocal的弱引用作为key,如果一个ThreadLocal没有外部强引用来引用它,那么系统GC时,这个ThreadLocal势必会被回收,这样一来,ThreadLocalMap中就会出现key为null的Entry,就没有办法访问这些key为null的Entry的value",用途关系,使用ThreadLocal,JVM.txt,1,779,used_for,,0.7206,relation_taxonomy_normalization + direction_normalization + duplicate_merge,"used_for: score=0.721, conf=0.660, support=1, cues=用途,用来,用作"
To Survivor,is_a,新生代,堆结构实体,堆结构实体,0.6100,"从内存回收角度,堆被划分为新生代和老年代,新生代又分为 Eden 区和两个 Survivor 区(From Survivor 和 To Survivor)",上位包含关系,全文,JVM.txt,1,810,is_a,,0.5386,relation_taxonomy_normalization + direction_normalization + duplicate_merge,"is_a: score=0.539, conf=0.610, support=1, cues=!包含"
To Survivor,is_a,老年代,堆结构实体,堆结构实体,0.6100,"从内存回收角度,堆被划分为新生代和老年代,新生代又分为 Eden 区和两个 Survivor 区(From Survivor 和 To Survivor)",上位包含关系,全文,JVM.txt,1,811,is_a,,0.5386,relation_taxonomy_normalization + direction_normalization + duplicate_merge,"is_a: score=0.539, conf=0.610, support=1, cues=!包含"
Young GC,is_a,gc,垃圾回收核心概念实体,领域实体,0.7160,"根据其作用范围和触发条件的不同,可以将GC分为三种类型:Minor GC(也称为Young GC)、Major GC(有时也称为Old GC)、以及Full GC",上位包含关系,使用ThreadLocal,JVM.txt,1,668,is_a,,0.6044,relation_taxonomy_normalization + direction_normalization + duplicate_merge,"is_a: score=0.604, conf=0.716, support=1, cues=!包含"
gc,alias_of,JVM,领域实体,领域实体,0.8420,"直接调用System.gc()或Runtime.getRuntime().gc()方法时,虽然不能保证立即执行,但JVM会尝试执行Full GC",别名关系,使用ThreadLocal,JVM.txt,1,433,alias_of,,0.8203,relation_taxonomy_normalization + direction_normalization + duplicate_merge,"alias_of: score=0.820, conf=0.842, support=1, cues=别名"
gc,alias_of,Major GC,领域实体,垃圾回收核心概念实体,0.9100,"根据其作用范围和触发条件的不同,可以将GC分为三种类型:Minor GC(也称为Young GC)、Major GC(有时也称为Old GC)、以及Full GC",别名关系,使用ThreadLocal,JVM.txt,1,409,alias_of,,0.8785,relation_taxonomy_normalization + direction_normalization + duplicate_merge,"alias_of: score=0.879, conf=0.910, support=1, cues=也称,别名"
gc,alias_of,Young GC,领域实体,垃圾回收核心概念实体,0.8560,"根据其作用范围和触发条件的不同,可以将GC分为三种类型:Minor GC(也称为Young GC)、Major GC(有时也称为Old GC)、以及Full GC",别名关系,使用ThreadLocal,JVM.txt,1,423 | 708,alias_of | has_part,has_part,0.8451,relation_taxonomy_normalization + direction_normalization + evidence_weighted_relation_voting,"alias_of: score=0.845, conf=0.856, support=1, cues=也称,别名；has_part: score=0.733, conf=0.696, support=1, cues=枚举结构,分为"
gc,has_part,Minor GC,领域实体,垃圾回收核心概念实体,0.7680,"根据其作用范围和触发条件的不同,可以将GC分为三种类型:Minor GC(也称为Young GC)、Major GC(有时也称为Old GC)、以及Full GC",枚举结构关系,使用ThreadLocal,JVM.txt,1,548,has_part,,0.7775,relation_taxonomy_normalization + direction_normalization + duplicate_merge,"has_part: score=0.777, conf=0.768, support=1, cues=枚举结构,分为"
gc,is_a,使用,领域实体,类加载过程实体,0.7480,"Java 的 GC(垃圾回收)简单说就是 「自动识别并回收不再使用的对象,释放内存空间」,避免内存泄漏",上下位关系,使用ThreadLocal,JVM.txt,1,599,is_a,,0.7530,relation_taxonomy_normalization + direction_normalization + duplicate_merge,"is_a: score=0.753, conf=0.748, support=1, cues=上下位"
gc,is_a,可达性分析,领域实体,垃圾回收核心概念实体,0.7660,"总的来说,GC 机制的核心是 「自动管理内存」,通过可达性分析判断垃圾,结合分代思想和不同算法,再由具体的回收器实现,最终目的是在保证程序正常运行的前提下,高效释放内存,减少对用户线程的影响",上下位关系,使用ThreadLocal,JVM.txt,1,556,is_a,,0.7642,relation_taxonomy_normalization + direction_normalization + duplicate_merge,"is_a: score=0.764, conf=0.766, support=1, cues=上下位"
gc,is_a,线程,领域实体,线程与私有性相关实体,0.8620,"Serial GC 是单线程回收,简单但效率低,适合小内存应用",上下位关系,使用ThreadLocal,JVM.txt,1,414,is_a,,0.8237,relation_taxonomy_normalization + direction_normalization + duplicate_merge,"is_a: score=0.824, conf=0.862, support=1, cues=上下位"
key,implemented_by,ThreadLocal,代码与容器实体,代码与容器实体,0.6700,"ThreadLocal的实现中,每个Thread维护一个ThreadLocalMap映射表,key是ThreadLocal实例本身,value是真正需要存储的Object",实现关系,使用ThreadLocal,JVM.txt,1,756 | 801,implemented_by | used_for,used_for,0.7187,relation_taxonomy_normalization + direction_normalization + evidence_weighted_relation_voting,"implemented_by: score=0.719, conf=0.670, support=1, cues=实现关系,实现；used_for: score=0.708, conf=0.640, support=1, cues=用途,用来,用作；low_margin=0.010"
key,is_a,value,代码与容器实体,代码与容器实体,0.7580,"ThreadLocal的实现中,每个Thread维护一个ThreadLocalMap映射表,key是ThreadLocal实例本身,value是真正需要存储的Object",上下位关系,使用ThreadLocal,JVM.txt,1,577,is_a,,0.7592,relation_taxonomy_normalization + direction_normalization + duplicate_merge,"is_a: score=0.759, conf=0.758, support=1, cues=上下位"
key,used_for,gc,代码与容器实体,领域实体,0.6680,"ThreadLocalMap使用ThreadLocal的弱引用作为key,如果一个ThreadLocal没有外部强引用来引用它,那么系统GC时,这个ThreadLocal势必会被回收,这样一来,ThreadLocalMap中就会出现key为null的Entry,就没有办法访问这些key为null的Entry的value",用途关系,使用ThreadLocal,JVM.txt,1,761,used_for,,0.7256,relation_taxonomy_normalization + direction_normalization + duplicate_merge,"used_for: score=0.726, conf=0.668, support=1, cues=用途,用来,用作"
new 指令,is_a,初始化,对象与字符串相关实体,类加载过程实体,0.7840,"首先,我们看到这个代码中有一个new关键字,我们知道new指令是创建一个类的实例对象并完成加载初始化的,因此这个字符串对象是在运行期才能确定的,创建的字符串对象是在堆内存上",上下位关系,全文,JVM.txt,1,518,is_a,,0.7753,relation_taxonomy_normalization + direction_normalization + duplicate_merge,"is_a: score=0.775, conf=0.784, support=1, cues=上下位"
new 指令,is_a,加载,对象与字符串相关实体,类加载过程实体,0.7960,"首先,我们看到这个代码中有一个new关键字,我们知道new指令是创建一个类的实例对象并完成加载初始化的,因此这个字符串对象是在运行期才能确定的,创建的字符串对象是在堆内存上",上下位关系,全文,JVM.txt,1,489,is_a,,0.7828,relation_taxonomy_normalization + direction_normalization + duplicate_merge,"is_a: score=0.783, conf=0.796, support=1, cues=上下位"
new 指令,is_a,字符串对象,对象与字符串相关实体,对象与字符串相关实体,0.7100,"首先,我们看到这个代码中有一个new关键字,我们知道new指令是创建一个类的实例对象并完成加载初始化的,因此这个字符串对象是在运行期才能确定的,创建的字符串对象是在堆内存上",上下位关系,全文,JVM.txt,1,684,is_a,,0.7294,relation_taxonomy_normalization + direction_normalization + duplicate_merge,"is_a: score=0.729, conf=0.710, support=1, cues=上下位"
new 指令,is_a,常量池,对象与字符串相关实体,方法区与元数据相关实体,0.7660,"类加载检查:虚拟机遇到一条 new 指令时,首先将去检查这个指令的参数是否能在常量池中定位到一个类的符号引用,并且检查这个符号引用代表的类是否已被加载过、解析和初始化过",上下位关系,使用ThreadLocal,JVM.txt,1,557,is_a,,0.7642,relation_taxonomy_normalization + direction_normalization + duplicate_merge,"is_a: score=0.764, conf=0.766, support=1, cues=上下位"
new 指令,is_a,符号引用,对象与字符串相关实体,方法区与元数据相关实体,0.7000,"类加载检查:虚拟机遇到一条 new 指令时,首先将去检查这个指令的参数是否能在常量池中定位到一个类的符号引用,并且检查这个符号引用代表的类是否已被加载过、解析和初始化过",上下位关系,使用ThreadLocal,JVM.txt,1,699,is_a,,0.7232,relation_taxonomy_normalization + direction_normalization + duplicate_merge,"is_a: score=0.723, conf=0.700, support=1, cues=上下位"
value,causes,内存泄漏,代码与容器实体,领域实体,0.7960,"如果当前线程迟迟不结束的话,这些key为null的Entry的value就会一直存在一条强引用链:Thread Ref -> Thread -> ThreaLocalMap -> Entry -> value永远无法回收,造成内存泄漏",因果关系,使用ThreadLocal,JVM.txt,1,490,causes,,0.7929,relation_taxonomy_normalization + direction_normalization + duplicate_merge,"causes: score=0.793, conf=0.796, support=1, cues=因果,造成"
value,is_a,线程,代码与容器实体,线程与私有性相关实体,0.7660,"第二,不要使用ThreadLocal.set(null) 的方式清除value,它实际上并没有清除值,而是查找与当前线程关联的Map并将键值对分别设置为当前线程和null",上下位关系,使用ThreadLocal,JVM.txt,1,558,is_a,,0.7642,relation_taxonomy_normalization + direction_normalization + duplicate_merge,"is_a: score=0.764, conf=0.766, support=1, cues=上下位"
优化方法栈帧,has_part,局部变量,栈与栈帧相关实体,栈与栈帧相关实体,0.7540,"优化方法栈帧:减少方法内局部变量的数量,避免在方法中创建过大的对象或数组,将大对象的创建移到堆中(通过 new 关键字),降低单个栈帧的内存占用",枚举结构关系,全文,JVM.txt,1,586,has_part,,0.7527,relation_taxonomy_normalization + direction_normalization + duplicate_merge,"has_part: score=0.753, conf=0.754, support=1, cues=枚举结构"
使用,causes,OutOfMemoryError,类加载过程实体,异常与错误实体,0.7180,"直接内存的使用受到本机总内存的限制,若分配不当,可能导致 OutOfMemoryError 异常",因果关系,全文,JVM.txt,1,658,causes,,0.7445,relation_taxonomy_normalization + direction_normalization + duplicate_merge,"causes: score=0.744, conf=0.718, support=1, cues=因果,导致"
使用,is_a,初始化,类加载过程实体,类加载过程实体,0.6100,"初始化零值:内存分配完成后,虚拟机需要将分配到的内存空间都初始化为零值(不包括对象头),这一步操作保证了对象的实例字段在 Java 代码中可以不赋初始值就直接使用,程序能访问到这些字段的数据类型所对应的零值",上位包含关系,使用ThreadLocal,JVM.txt,1,812,is_a,,0.5110,relation_taxonomy_normalization + direction_normalization + duplicate_merge,"is_a: score=0.511, conf=0.610, support=1, cues=!包含,!包括"
使用,is_a,加载,类加载过程实体,类加载过程实体,0.7880,使用委派模型的目的是避免重复加载 Java 类型,上下位关系,使用ThreadLocal,JVM.txt,1,510,is_a,,0.7778,relation_taxonomy_normalization + direction_normalization + duplicate_merge,"is_a: score=0.778, conf=0.788, support=1, cues=上下位"
使用,used_for,JVM,类加载过程实体,领域实体,0.7880,"使用弱引用来维护缓存,可以让JVM在需要更多内存时自动清理这些缓存对象",用途关系,全文,JVM.txt,1,509,used_for,,0.7839,relation_taxonomy_normalization + direction_normalization + duplicate_merge,"used_for: score=0.784, conf=0.788, support=1, cues=用途,用来"
使用,used_for,ThreadLocal,类加载过程实体,代码与容器实体,0.7100,"ThreadLocalMap使用ThreadLocal的弱引用作为key,如果一个ThreadLocal没有外部强引用来引用它,那么系统GC时,这个ThreadLocal势必会被回收,这样一来,ThreadLocalMap中就会出现key为null的Entry,就没有办法访问这些key为null的Entry的value",用途关系,使用ThreadLocal,JVM.txt,1,685,used_for,,0.7516,relation_taxonomy_normalization + direction_normalization + duplicate_merge,"used_for: score=0.752, conf=0.710, support=1, cues=用途,用来,用作"
使用,used_for,key,类加载过程实体,代码与容器实体,0.7580,"ThreadLocalMap使用ThreadLocal的弱引用作为key,如果一个ThreadLocal没有外部强引用来引用它,那么系统GC时,这个ThreadLocal势必会被回收,这样一来,ThreadLocalMap中就会出现key为null的Entry,就没有办法访问这些key为null的Entry的value",用途关系,使用ThreadLocal,JVM.txt,1,578,used_for,,0.7814,relation_taxonomy_normalization + direction_normalization + duplicate_merge,"used_for: score=0.781, conf=0.758, support=1, cues=用途,用来,用作"
使用,used_for,强引用,类加载过程实体,引用类型实体,0.6600,"ThreadLocalMap使用ThreadLocal的弱引用作为key,如果一个ThreadLocal没有外部强引用来引用它,那么系统GC时,这个ThreadLocal势必会被回收,这样一来,ThreadLocalMap中就会出现key为null的Entry,就没有办法访问这些key为null的Entry的value",用途关系,使用ThreadLocal,JVM.txt,1,780,used_for,,0.7206,relation_taxonomy_normalization + direction_normalization + duplicate_merge,"used_for: score=0.721, conf=0.660, support=1, cues=用途,用来,用作"
元空间,has_part,方法区,内存区域实体,内存区域实体,0.6700,"方法区(元空间):在 JDK 1.8 及以后的版本中,方法区被元空间取代,使用本地内存",枚举结构关系,全文,JVM.txt,1,757,has_part,,0.7006,relation_taxonomy_normalization + direction_normalization + duplicate_merge,"has_part: score=0.701, conf=0.670, support=1, cues=枚举结构"
元空间,is_a,JVM,内存区域实体,领域实体,0.7340,"根据 JDK 8 规范,JVM 运行时内存共分为虚拟机栈、堆、元空间、程序计数器、本地方法栈五个部分",上位包含关系,全文,JVM.txt,1,630,is_a,,0.6155,relation_taxonomy_normalization + direction_normalization + duplicate_merge,"is_a: score=0.616, conf=0.734, support=1, cues=!包含"
元空间,is_a,使用,内存区域实体,类加载过程实体,0.8080,"元空间并不在Java堆中,而是使用本地内存,这解决了永久代容易出现的内存溢出问题",上下位关系,全文,JVM.txt,1,469,is_a,,0.7902,relation_taxonomy_normalization + direction_normalization + duplicate_merge,"is_a: score=0.790, conf=0.808, support=1, cues=上下位"
元空间,is_a,内存溢出,内存区域实体,领域实体,0.6940,"元空间并不在Java堆中,而是使用本地内存,这解决了永久代容易出现的内存溢出问题",上下位关系,全文,JVM.txt,1,710,is_a,,0.7195,relation_taxonomy_normalization + direction_normalization + duplicate_merge,"is_a: score=0.720, conf=0.694, support=1, cues=上下位"
元空间,is_a,本地内存,内存区域实体,内存区域实体,0.7760,"元空间并不在Java堆中,而是使用本地内存,这解决了永久代容易出现的内存溢出问题",上下位关系,全文,JVM.txt,1,536,is_a,,0.7704,relation_taxonomy_normalization + direction_normalization + duplicate_merge,"is_a: score=0.770, conf=0.776, support=1, cues=上下位"
元空间,used_for,类的元数据信息,内存区域实体,方法区与元数据相关实体,0.8180,"元空间(Metaspace):从Java 8开始,永久代(Permanent Generation)被元空间取代,用于存储类的元数据信息,如类的结构信息(如字段、方法信息等)",用途关系,全文,JVM.txt,1,454,used_for,,0.8025,relation_taxonomy_normalization + direction_normalization + duplicate_merge,"used_for: score=0.802, conf=0.818, support=1, cues=用途,用于"
内存泄漏,has_part,静态集合,领域实体,场景与问题实体,0.7920,如果是内存泄漏:比如静态集合无意识地缓存了大量对象、长生命周期对象持有短生命周期对象的引用(如单例类持有业务对象)等,枚举结构关系,全文,JVM.txt,1,495,has_part,,0.7763,relation_taxonomy_normalization + direction_normalization + duplicate_merge,"has_part: score=0.776, conf=0.792, support=1, cues=枚举结构"
内存泄漏,is_a,使用,领域实体,类加载过程实体,0.8080,"内存泄露:内存泄漏是指程序在运行过程中不再使用的对象仍然被引用,而无法被垃圾收集器回收,从而导致可用内存逐渐减少",上下位关系,全文,JVM.txt,1,470,is_a,,0.7626,relation_taxonomy_normalization + direction_normalization + duplicate_merge,"is_a: score=0.763, conf=0.808, support=1, cues=上下位,!导致"
内存溢出,is_a,JVM,领域实体,领域实体,0.8000,"内存溢出:内存溢出是指Java虚拟机(JVM)在申请内存时,无法找到足够的内存,最终引发OutOfMemoryError",上下位关系,全文,JVM.txt,1,486 | 700,is_a | has_part,has_part,0.7852,relation_taxonomy_normalization + direction_normalization + evidence_weighted_relation_voting,"is_a: score=0.785, conf=0.800, support=1, cues=上下位；has_part: score=0.719, conf=0.700, support=1, cues=枚举结构"
内存溢出,is_a,Java 虚拟机,领域实体,领域实体,0.8480,"内存溢出:内存溢出是指Java虚拟机(JVM)在申请内存时,无法找到足够的内存,最终引发OutOfMemoryError",上下位关系,全文,JVM.txt,1,429 | 600,is_a | has_part,has_part,0.8150,relation_taxonomy_normalization + direction_normalization + evidence_weighted_relation_voting,"is_a: score=0.815, conf=0.848, support=1, cues=上下位；has_part: score=0.749, conf=0.748, support=1, cues=枚举结构"
内存溢出,is_a,OutOfMemoryError,领域实体,异常与错误实体,0.6800,"内存溢出:内存溢出是指Java虚拟机(JVM)在申请内存时,无法找到足够的内存,最终引发OutOfMemoryError",上下位关系,全文,JVM.txt,1,737,is_a,,0.7108,relation_taxonomy_normalization + direction_normalization + duplicate_merge,"is_a: score=0.711, conf=0.680, support=1, cues=上下位"
内存碎片,causes,大对象,场景与问题实体,对象与字符串相关实体,0.8080,"大对象通常需要连续的内存空间,如果在新生代中频繁分配和回收大对象,容易产生内存碎片,导致后续分配大对象时可能因为内存不连续而失败",因果关系,全文,JVM.txt,1,471,causes,,0.8003,relation_taxonomy_normalization + direction_normalization + duplicate_merge,"causes: score=0.800, conf=0.808, support=1, cues=因果,导致"
内存碎片,has_part,G1,场景与问题实体,垃圾回收器实体,0.7920,"对内存碎片敏感:G1通过紧凑整理来减少内存碎片,降低了碎片化对性能的影响",枚举结构关系,使用ThreadLocal,JVM.txt,1,496 | 622,has_part | implemented_by,implemented_by,0.7763,relation_taxonomy_normalization + direction_normalization + evidence_weighted_relation_voting,"has_part: score=0.776, conf=0.792, support=1, cues=枚举结构；implemented_by: score=0.735, conf=0.740, support=1, cues=实现关系,实现,!基于"
分代回收,is_a,新生代,垃圾回收核心概念实体,堆结构实体,0.8020,分代回收算法:分代收集是将内存划分成了新生代和老年代,上下位关系,使用ThreadLocal,JVM.txt,1,482 | 635,is_a | has_part,has_part,0.7865,relation_taxonomy_normalization + direction_normalization + evidence_weighted_relation_voting,"is_a: score=0.786, conf=0.802, support=1, cues=上下位；has_part: score=0.739, conf=0.732, support=1, cues=枚举结构"
分代回收,is_a,老年代,垃圾回收核心概念实体,堆结构实体,0.7780,分代回收算法:分代收集是将内存划分成了新生代和老年代,上下位关系,使用ThreadLocal,JVM.txt,1,531 | 689,is_a | has_part,has_part,0.7716,relation_taxonomy_normalization + direction_normalization + evidence_weighted_relation_voting,"is_a: score=0.772, conf=0.778, support=1, cues=上下位；has_part: score=0.724, conf=0.708, support=1, cues=枚举结构"
初始化,has_part,使用,类加载过程实体,类加载过程实体,0.5900,"初始化零值:内存分配完成后,虚拟机需要将分配到的内存空间都初始化为零值(不包括对象头),这一步操作保证了对象的实例字段在 Java 代码中可以不赋初始值就直接使用,程序能访问到这些字段的数据类型所对应的零值",整体部分关系,使用ThreadLocal,JVM.txt,1,815,has_part,,0.6671,relation_taxonomy_normalization + direction_normalization + duplicate_merge,"has_part: score=0.667, conf=0.590, support=1, cues=整体部分,包括"
初始化,has_part,对象头,类加载过程实体,对象与字符串相关实体,0.7680,"初始化零值:内存分配完成后,虚拟机需要将分配到的内存空间都初始化为零值(不包括对象头),这一步操作保证了对象的实例字段在 Java 代码中可以不赋初始值就直接使用,程序能访问到这些字段的数据类型所对应的零值",整体部分关系,使用ThreadLocal,JVM.txt,1,549,has_part,,0.7775,relation_taxonomy_normalization + direction_normalization + duplicate_merge,"has_part: score=0.777, conf=0.768, support=1, cues=整体部分,包括"
初始化,is_a,JVM,类加载过程实体,领域实体,0.6800,"但这里的“初始化”和下面的显式初始化阶段是有区别的,侧重点在于分配所需要的内存空间,不会去执行更进一步的 JVM 指令",上下位关系,使用ThreadLocal,JVM.txt,1,738,is_a,,0.7108,relation_taxonomy_normalization + direction_normalization + duplicate_merge,"is_a: score=0.711, conf=0.680, support=1, cues=上下位"
初始化,is_a,字符串对象,类加载过程实体,对象与字符串相关实体,0.7300,"首先,我们看到这个代码中有一个new关键字,我们知道new指令是创建一个类的实例对象并完成加载初始化的,因此这个字符串对象是在运行期才能确定的,创建的字符串对象是在堆内存上",上下位关系,全文,JVM.txt,1,639,is_a,,0.7418,relation_taxonomy_normalization + direction_normalization + duplicate_merge,"is_a: score=0.742, conf=0.730, support=1, cues=上下位"
初始化,is_a,类初始化,类加载过程实体,类加载过程实体,0.6360,"最后是初始化阶段(initialization),这一步真正去执行类初始化的代码逻辑,包括静态字段赋值的动作,以及执行类定义中的静态初始化块内的逻辑,编译器在编译阶段就会把这部分逻辑整理好,父类型的初始化逻辑优先于当前类型的逻辑",上位包含关系,使用ThreadLocal,JVM.txt,1,805,is_a,,0.5272,relation_taxonomy_normalization + direction_normalization + duplicate_merge,"is_a: score=0.527, conf=0.636, support=1, cues=!包含,!包括"
初始化,is_a,类加载过程,类加载过程实体,领域实体,0.8620,"初始化:初始化是整个类加载过程的最后一个阶段,初始化阶段简单来说就是执行类的构造器方法(() ),要注意的是这里的构造器方法()并不是开发者写的,而是编译器自动生成的",上下位关系,使用ThreadLocal,JVM.txt,1,415 | 550,is_a | has_part,has_part,0.8237,relation_taxonomy_normalization + direction_normalization + evidence_weighted_relation_voting,"is_a: score=0.824, conf=0.862, support=1, cues=上下位；has_part: score=0.761, conf=0.768, support=1, cues=枚举结构"
初始化零值,has_part,初始化,类加载过程实体,类加载过程实体,0.6460,"初始化零值:内存分配完成后,虚拟机需要将分配到的内存空间都初始化为零值(不包括对象头),这一步操作保证了对象的实例字段在 Java 代码中可以不赋初始值就直接使用,程序能访问到这些字段的数据类型所对应的零值",枚举结构关系,使用ThreadLocal,JVM.txt,1,799,has_part,,0.7019,relation_taxonomy_normalization + direction_normalization + duplicate_merge,"has_part: score=0.702, conf=0.646, support=1, cues=枚举结构,包括"
初始化零值,has_part,对象头,类加载过程实体,对象与字符串相关实体,0.6100,"初始化零值:内存分配完成后,虚拟机需要将分配到的内存空间都初始化为零值(不包括对象头),这一步操作保证了对象的实例字段在 Java 代码中可以不赋初始值就直接使用,程序能访问到这些字段的数据类型所对应的零值",整体部分关系,使用ThreadLocal,JVM.txt,1,813,has_part,,0.6795,relation_taxonomy_normalization + direction_normalization + duplicate_merge,"has_part: score=0.680, conf=0.610, support=1, cues=整体部分,包括"
初始标记阶段,is_a,GC Roots,垃圾回收算法实体,垃圾回收核心概念实体,0.8620,"初始标记阶段:初始标记阶段是指从GC Roots出发标记全部直接子节点的过程,该阶段是STW的",上下位关系,使用ThreadLocal,JVM.txt,1,416 | 594,is_a | has_part,has_part,0.8237,relation_taxonomy_normalization + direction_normalization + evidence_weighted_relation_voting,"is_a: score=0.824, conf=0.862, support=1, cues=上下位；has_part: score=0.750, conf=0.750, support=1, cues=枚举结构"
初始标记阶段,is_a,STW,垃圾回收算法实体,垃圾回收核心概念实体,0.7000,"初始标记阶段:初始标记阶段是指从GC Roots出发标记全部直接子节点的过程,该阶段是STW的",上下位关系,使用ThreadLocal,JVM.txt,1,701,is_a,,0.7232,relation_taxonomy_normalization + direction_normalization + duplicate_merge,"is_a: score=0.723, conf=0.700, support=1, cues=上下位"
加载,has_part,全限定名,类加载过程实体,类加载过程实体,0.7600,"加载:通过类的全限定名(包名 + 类名),获取到该类的.class文件的二进制字节流,将二进制字节流所代表的静态存储结构,转化为方法区运行时的数据结构,在内存中生成一个代表该类的Java.lang.Class对象,作为方法区这个类的各种数据的访问入口",枚举结构关系,使用ThreadLocal,JVM.txt,1,573,has_part,,0.7564,relation_taxonomy_normalization + direction_normalization + duplicate_merge,"has_part: score=0.756, conf=0.760, support=1, cues=枚举结构"
加载,is_a,Class 对象,类加载过程实体,类加载过程实体,0.8060,"一个类由哪个类加载器加载,这个信息是存储在Class对象里的",上下位关系,使用ThreadLocal,JVM.txt,1,477,is_a,,0.7890,relation_taxonomy_normalization + direction_normalization + duplicate_merge,"is_a: score=0.789, conf=0.806, support=1, cues=上下位"
加载,is_a,Extension ClassLoader,类加载过程实体,类加载器实体,0.6940,"具体来说,Java 的类加载器有一套默认的层级结构:最顶层是Bootstrap ClassLoader(启动类加载器,负责加载 JDK 核心类,如java.lang.String),往下是Extension ClassLoader(扩展类加载器,加载 JDK 扩展目录的类),再往下是AppClassLoader(应用类加载器,加载我们自己写的类和第三方 jar 包),我们也可以自定义类加载器,放在最下层",上下位关系,使用ThreadLocal,JVM.txt,1,711,is_a,,0.7195,relation_taxonomy_normalization + direction_normalization + duplicate_merge,"is_a: score=0.720, conf=0.694, support=1, cues=上下位"
加载,is_a,启动类加载器,类加载过程实体,领域实体,0.8620,"扩展类加载器由启动类加载器加载,并且父加载器就是启动类加载器",上下位关系,使用ThreadLocal,JVM.txt,1,417,is_a,,0.8237,relation_taxonomy_normalization + direction_normalization + duplicate_merge,"is_a: score=0.824, conf=0.862, support=1, cues=上下位"
加载,is_a,字符串对象,类加载过程实体,对象与字符串相关实体,0.7120,"首先,我们看到这个代码中有一个new关键字,我们知道new指令是创建一个类的实例对象并完成加载初始化的,因此这个字符串对象是在运行期才能确定的,创建的字符串对象是在堆内存上",上下位关系,全文,JVM.txt,1,678,is_a,,0.7307,relation_taxonomy_normalization + direction_normalization + duplicate_merge,"is_a: score=0.731, conf=0.712, support=1, cues=上下位"
加载,is_a,扩展类加载器,类加载过程实体,领域实体,0.8680,系统类加载器的父加载器是扩展类加载器,上下位关系,使用ThreadLocal,JVM.txt,1,411,is_a,,0.8274,relation_taxonomy_normalization + direction_normalization + duplicate_merge,"is_a: score=0.827, conf=0.868, support=1, cues=上下位"
加载,is_a,类加载,类加载过程实体,领域实体,0.7900,"这些类加载器之间的关系形成了双亲委派模型,其核心思想是当一个类加载器收到类加载的请求时,首先不会自己去尝试加载这个类,而是把这个请求委派给父类加载器去完成,每一层次的类加载器都是如此,因此所有的加载请求最终都应该传送到顶层的启动类加载器中",上下位关系,使用ThreadLocal,JVM.txt,1,503,is_a,,0.7790,relation_taxonomy_normalization + direction_normalization + duplicate_merge,"is_a: score=0.779, conf=0.790, support=1, cues=上下位"
加载,is_a,验证,类加载过程实体,类加载过程实体,0.6100,"验证:确保class文件中的字节流包含的信息,符合当前虚拟机的要求,保证这个被加载的class类的正确性,不会危害到虚拟机的安全",上位包含关系,使用ThreadLocal,JVM.txt,1,814,is_a,,0.5386,relation_taxonomy_normalization + direction_normalization + duplicate_merge,"is_a: score=0.539, conf=0.610, support=1, cues=!包含"
加载阶段,is_a,类加载过程,类加载过程实体,领域实体,0.7180,"加载阶段是用户参与的阶段,我们可以自定义类加载器,去实现自己的类加载过程",上下位关系,使用ThreadLocal,JVM.txt,1,659,is_a,,0.7344,relation_taxonomy_normalization + direction_normalization + duplicate_merge,"is_a: score=0.734, conf=0.718, support=1, cues=上下位"
加载阶段,is_a,自定义类加载器,类加载过程实体,领域实体,0.8020,"加载阶段是用户参与的阶段,我们可以自定义类加载器,去实现自己的类加载过程",上下位关系,使用ThreadLocal,JVM.txt,1,483,is_a,,0.7865,relation_taxonomy_normalization + direction_normalization + duplicate_merge,"is_a: score=0.786, conf=0.802, support=1, cues=上下位"
卸载,has_part,JVM,类加载过程实体,领域实体,0.7740,"卸载:一个类要被JVM卸载,条件非常苛刻,需要同时满足以下三点:",枚举结构关系,使用ThreadLocal,JVM.txt,1,538,has_part,,0.7651,relation_taxonomy_normalization + direction_normalization + duplicate_merge,"has_part: score=0.765, conf=0.774, support=1, cues=枚举结构"
双亲委派,is_a,加载,领域实体,类加载过程实体,0.7120,"Java 中的 “双亲委派” 是类加载机制的核心原则,简单说就是 「一个类加载器要加载类时,先让父加载器去尝试加载,只有父加载器加载不了,自己才会去加载」",上下位关系,使用ThreadLocal,JVM.txt,1,679,is_a,,0.7307,relation_taxonomy_normalization + direction_normalization + duplicate_merge,"is_a: score=0.731, conf=0.712, support=1, cues=上下位"
双亲委派,is_a,类加载,领域实体,领域实体,0.7220,"Java 中的 “双亲委派” 是类加载机制的核心原则,简单说就是 「一个类加载器要加载类时,先让父加载器去尝试加载,只有父加载器加载不了,自己才会去加载」",上下位关系,使用ThreadLocal,JVM.txt,1,651,is_a,,0.7369,relation_taxonomy_normalization + direction_normalization + duplicate_merge,"is_a: score=0.737, conf=0.722, support=1, cues=上下位"
双亲委派,is_a,类加载机制,领域实体,领域实体,0.8420,"Java 中的 “双亲委派” 是类加载机制的核心原则,简单说就是 「一个类加载器要加载类时,先让父加载器去尝试加载,只有父加载器加载不了,自己才会去加载」",上下位关系,使用ThreadLocal,JVM.txt,1,434,is_a,,0.8113,relation_taxonomy_normalization + direction_normalization + duplicate_merge,"is_a: score=0.811, conf=0.842, support=1, cues=上下位"
双亲委派模型,is_a,加载,领域实体,类加载过程实体,0.7180,"再来谈谈双亲委派模型,简单说就是当类加载器(Class-Loader)试图加载某个类型的时候,除非父加载器找不到相应类型,否则尽量将这个任务代理给当前加载器的父加载器去做",上下位关系,使用ThreadLocal,JVM.txt,1,660,is_a,,0.7344,relation_taxonomy_normalization + direction_normalization + duplicate_merge,"is_a: score=0.734, conf=0.718, support=1, cues=上下位"
双亲委派模型,is_a,类加载,领域实体,领域实体,0.8180,"再来谈谈双亲委派模型,简单说就是当类加载器(Class-Loader)试图加载某个类型的时候,除非父加载器找不到相应类型,否则尽量将这个任务代理给当前加载器的父加载器去做",上下位关系,使用ThreadLocal,JVM.txt,1,455,is_a,,0.7964,relation_taxonomy_normalization + direction_normalization + duplicate_merge,"is_a: score=0.796, conf=0.818, support=1, cues=上下位"
可达性分析,has_part,GC Roots,垃圾回收核心概念实体,垃圾回收核心概念实体,0.7660,"最经典的是 「可达性分析」:以 GC Roots(比如虚拟机栈里的局部变量、静态变量、常量等)为起点,遍历对象的引用链,如果某个对象从 GC Roots 出发不可达,就会被标记为可回收对象",枚举结构关系,使用ThreadLocal,JVM.txt,1,559,has_part,,0.7602,relation_taxonomy_normalization + direction_normalization + duplicate_merge,"has_part: score=0.760, conf=0.766, support=1, cues=枚举结构"
可达性分析,has_part,局部变量,垃圾回收核心概念实体,栈与栈帧相关实体,0.6840,"最经典的是 「可达性分析」:以 GC Roots(比如虚拟机栈里的局部变量、静态变量、常量等)为起点,遍历对象的引用链,如果某个对象从 GC Roots 出发不可达,就会被标记为可回收对象",枚举结构关系,使用ThreadLocal,JVM.txt,1,729,has_part,,0.7093,relation_taxonomy_normalization + direction_normalization + duplicate_merge,"has_part: score=0.709, conf=0.684, support=1, cues=枚举结构"
可达性分析,has_part,虚拟机栈,垃圾回收核心概念实体,内存区域实体,0.7200,"最经典的是 「可达性分析」:以 GC Roots(比如虚拟机栈里的局部变量、静态变量、常量等)为起点,遍历对象的引用链,如果某个对象从 GC Roots 出发不可达,就会被标记为可回收对象",枚举结构关系,使用ThreadLocal,JVM.txt,1,654,has_part,,0.7316,relation_taxonomy_normalization + direction_normalization + duplicate_merge,"has_part: score=0.732, conf=0.720, support=1, cues=枚举结构"
可达性分析,is_a,标记-清除算法,垃圾回收核心概念实体,垃圾回收算法实体,0.7100,"标记-清除算法:标记-清除算法分为“标记”和“清除”两个阶段,首先通过可达性分析,标记出所有需要回收的对象,然后统一回收所有被标记的对象",上位包含关系,使用ThreadLocal,JVM.txt,1,686,is_a,,0.6006,relation_taxonomy_normalization + direction_normalization + duplicate_merge,"is_a: score=0.601, conf=0.710, support=1, cues=!包含"
启动类加载器,is_a,Extension ClassLoader,领域实体,类加载器实体,0.6800,"具体来说,Java 的类加载器有一套默认的层级结构:最顶层是Bootstrap ClassLoader(启动类加载器,负责加载 JDK 核心类,如java.lang.String),往下是Extension ClassLoader(扩展类加载器,加载 JDK 扩展目录的类),再往下是AppClassLoader(应用类加载器,加载我们自己写的类和第三方 jar 包),我们也可以自定义类加载器,放在最下层",上下位关系,使用ThreadLocal,JVM.txt,1,739,is_a,,0.7108,relation_taxonomy_normalization + direction_normalization + duplicate_merge,"is_a: score=0.711, conf=0.680, support=1, cues=上下位"
启动类加载器,is_a,类加载,领域实体,领域实体,0.6740,"启动类加载器(Bootstrap Class Loader):这是最顶层的类加载器,负责加载Java的核心库(如位于jre/lib/rt.jar中的类),它是用C++编写的,是JVM的一部分",上下位关系,使用ThreadLocal,JVM.txt,1,750,is_a,,0.7071,relation_taxonomy_normalization + direction_normalization + duplicate_merge,"is_a: score=0.707, conf=0.674, support=1, cues=上下位"
垃圾回收,has_part,可达性分析,领域实体,垃圾回收核心概念实体,0.7380,"在Java中,判断对象是否为垃圾(即不再被使用,可以被垃圾回收器回收)主要依据两种主流的垃圾回收算法来实现:引用计数法和可达性分析算法",枚举结构关系,使用ThreadLocal,JVM.txt,1,624,has_part,,0.7428,relation_taxonomy_normalization + direction_normalization + duplicate_merge,"has_part: score=0.743, conf=0.738, support=1, cues=枚举结构"
垃圾回收,has_part,引用计数法,领域实体,垃圾回收核心概念实体,0.7740,"在Java中,判断对象是否为垃圾(即不再被使用,可以被垃圾回收器回收)主要依据两种主流的垃圾回收算法来实现:引用计数法和可达性分析算法",枚举结构关系,使用ThreadLocal,JVM.txt,1,539,has_part,,0.7651,relation_taxonomy_normalization + direction_normalization + duplicate_merge,"has_part: score=0.765, conf=0.774, support=1, cues=枚举结构"
垃圾回收,is_a,System.gc,领域实体,领域实体,0.7700,"手动请求:虽然垃圾回收是自动的,开发者可以通过调用 System.gc() 或 Runtime.getRuntime().gc() 建议 JVM 进行垃圾回收",上下位关系,使用ThreadLocal,JVM.txt,1,542,is_a,,0.7666,relation_taxonomy_normalization + direction_normalization + duplicate_merge,"is_a: score=0.767, conf=0.770, support=1, cues=上下位"
垃圾回收,is_a,使用,领域实体,类加载过程实体,0.7780,"垃圾回收机制的主要目标是自动检测和回收不再使用的对象,从而释放它们所占用的内存空间",上下位关系,使用ThreadLocal,JVM.txt,1,532,is_a,,0.7716,relation_taxonomy_normalization + direction_normalization + duplicate_merge,"is_a: score=0.772, conf=0.778, support=1, cues=上下位"
垃圾回收,is_a,内存泄漏,领域实体,领域实体,0.6620,"Java 的 GC(垃圾回收)简单说就是 「自动识别并回收不再使用的对象,释放内存空间」,避免内存泄漏",上下位关系,使用ThreadLocal,JVM.txt,1,767,is_a,,0.6997,relation_taxonomy_normalization + direction_normalization + duplicate_merge,"is_a: score=0.700, conf=0.662, support=1, cues=上下位"
垃圾回收,is_a,常量,领域实体,方法区与元数据相关实体,0.7660,"虽然方法区中的垃圾回收与堆有所不同,但是同样存在对不再需要的常量、无用的类信息等进行清理的过程",上下位关系,使用ThreadLocal,JVM.txt,1,560,is_a,,0.7642,relation_taxonomy_normalization + direction_normalization + duplicate_merge,"is_a: score=0.764, conf=0.766, support=1, cues=上下位"
垃圾回收,is_a,类信息,领域实体,方法区与元数据相关实体,0.7300,"虽然方法区中的垃圾回收与堆有所不同,但是同样存在对不再需要的常量、无用的类信息等进行清理的过程",上下位关系,使用ThreadLocal,JVM.txt,1,640,is_a,,0.7418,relation_taxonomy_normalization + direction_normalization + duplicate_merge,"is_a: score=0.742, conf=0.730, support=1, cues=上下位"
垃圾回收,used_for,浮动垃圾,领域实体,垃圾回收核心概念实体,0.7640,"CMS产生浮动垃圾过多时会退化为serial old,效率低,因为在上图的第四阶段,CMS清除垃圾时是并发清除的,这个时候,垃圾回收线程和用户线程同时工作会产生浮动垃圾,也就意味着CMS垃圾回收器必须预留一部分内存空间用于存放浮动垃圾",用途关系,使用ThreadLocal,JVM.txt,1,566,used_for,,0.7690,relation_taxonomy_normalization + direction_normalization + duplicate_merge,"used_for: score=0.769, conf=0.764, support=1, cues=用途,用于"
堆溢出,is_a,使用,内存区域实体,类加载过程实体,0.7420,堆溢出通常是由于创建了太多的大对象或未能及时回收不再使用的对象,上下位关系,全文,JVM.txt,1,614,is_a,,0.7493,relation_taxonomy_normalization + direction_normalization + duplicate_merge,"is_a: score=0.749, conf=0.742, support=1, cues=上下位"
堆溢出,is_a,大对象,内存区域实体,对象与字符串相关实体,0.8140,堆溢出通常是由于创建了太多的大对象或未能及时回收不再使用的对象,上下位关系,全文,JVM.txt,1,458,is_a,,0.7939,relation_taxonomy_normalization + direction_normalization + duplicate_merge,"is_a: score=0.794, conf=0.814, support=1, cues=上下位"
复制算法,has_part,新生代,垃圾回收算法实体,堆结构实体,0.7920,"Serial收集器(复制算法): 新生代单线程收集器,标记和清理都是单线程,优点是简单高效",枚举结构关系,使用ThreadLocal,JVM.txt,1,497 | 615,has_part | is_a,is_a,0.7763,relation_taxonomy_normalization + direction_normalization + evidence_weighted_relation_voting,"has_part: score=0.776, conf=0.792, support=1, cues=枚举结构；is_a: score=0.749, conf=0.742, support=1, cues=上下位"
复制算法,has_part,线程,垃圾回收算法实体,线程与私有性相关实体,0.7680,"Serial收集器(复制算法): 新生代单线程收集器,标记和清理都是单线程,优点是简单高效",枚举结构关系,使用ThreadLocal,JVM.txt,1,551 | 588,has_part | is_a,is_a,0.7614,relation_taxonomy_normalization + direction_normalization + evidence_weighted_relation_voting,"has_part: score=0.761, conf=0.768, support=1, cues=枚举结构；is_a: score=0.757, conf=0.754, support=1, cues=上下位；low_margin=0.005"
复制算法,is_a,CMS,垃圾回收算法实体,垃圾回收器实体,0.7780,标记-复制算法应用在CMS新生代(ParNew是CMS默认的新生代垃圾回收器)和G1垃圾回收器中,上下位关系,使用ThreadLocal,JVM.txt,1,533,is_a,,0.7716,relation_taxonomy_normalization + direction_normalization + duplicate_merge,"is_a: score=0.772, conf=0.778, support=1, cues=上下位"
复制算法,is_a,G1,垃圾回收算法实体,垃圾回收器实体,0.6820,标记-复制算法应用在CMS新生代(ParNew是CMS默认的新生代垃圾回收器)和G1垃圾回收器中,上下位关系,使用ThreadLocal,JVM.txt,1,733,is_a,,0.7121,relation_taxonomy_normalization + direction_normalization + duplicate_merge,"is_a: score=0.712, conf=0.682, support=1, cues=上下位"
复制算法,is_a,Serial,垃圾回收算法实体,垃圾回收器实体,0.7840,"ParNew收集器 (复制算法): 新生代收并行集器,实际上是Serial收集器的多线程版本,在多核CPU环境下有着比Serial更好的表现",上下位关系,使用ThreadLocal,JVM.txt,1,519 | 671,is_a | has_part,has_part,0.7753,relation_taxonomy_normalization + direction_normalization + evidence_weighted_relation_voting,"is_a: score=0.775, conf=0.784, support=1, cues=上下位；has_part: score=0.728, conf=0.714, support=1, cues=枚举结构"
复制算法,is_a,使用,垃圾回收算法实体,类加载过程实体,0.7540,"复制算法的原理是,将内存分成两块,每次申请内存时都使用其中的一块,当内存不够时,将这一块内存中所有存活的复制到另一块上",上下位关系,使用ThreadLocal,JVM.txt,1,587,is_a,,0.7567,relation_taxonomy_normalization + direction_normalization + duplicate_merge,"is_a: score=0.757, conf=0.754, support=1, cues=上下位"
复制算法,is_a,垃圾回收,垃圾回收算法实体,领域实体,0.7240,标记-复制算法应用在CMS新生代(ParNew是CMS默认的新生代垃圾回收器)和G1垃圾回收器中,上下位关系,使用ThreadLocal,JVM.txt,1,646,is_a,,0.7381,relation_taxonomy_normalization + direction_normalization + duplicate_merge,"is_a: score=0.738, conf=0.724, support=1, cues=上下位"
复制阶段,is_a,G1,垃圾回收算法实体,垃圾回收器实体,0.7040,G1的混合回收过程可以分为标记阶段、清理阶段和复制阶段,上位包含关系,使用ThreadLocal,JVM.txt,1,693,is_a,,0.5969,relation_taxonomy_normalization + direction_normalization + duplicate_merge,"is_a: score=0.597, conf=0.704, support=1, cues=!包含"
大对象,causes,Minor GC,对象与字符串相关实体,垃圾回收核心概念实体,0.6760,"如果将大对象分配到新生代,可能会很快导致新生代空间不足,从而频繁触发 Minor GC",因果关系,全文,JVM.txt,1,749,causes,,0.7346,relation_taxonomy_normalization + direction_normalization + duplicate_merge,"causes: score=0.735, conf=0.676, support=1, cues=因果,导致,触发"
大对象,causes,gc,对象与字符串相关实体,领域实体,0.7420,"原因是代码中可能存在大对象分配,或者发生了内存泄露,导致在多次GC之后,还是无法找到一块足够大的内存容纳当前对象",因果关系,全文,JVM.txt,1,616,causes,,0.7594,relation_taxonomy_normalization + direction_normalization + duplicate_merge,"causes: score=0.759, conf=0.742, support=1, cues=因果,导致"
大对象,causes,新生代,对象与字符串相关实体,堆结构实体,0.7660,"如果将大对象分配到新生代,可能会很快导致新生代空间不足,从而频繁触发 Minor GC",因果关系,全文,JVM.txt,1,561,causes,,0.7904,relation_taxonomy_normalization + direction_normalization + duplicate_merge,"causes: score=0.790, conf=0.766, support=1, cues=因果,导致,触发"
大对象,is_a,数组,对象与字符串相关实体,对象与字符串相关实体,0.7520,"大对象是指需要大量连续内存空间的对象,如大数组",上下位关系,全文,JVM.txt,1,590,is_a,,0.7555,relation_taxonomy_normalization + direction_normalization + duplicate_merge,"is_a: score=0.755, conf=0.752, support=1, cues=上下位"
大对象区,implemented_by,Humongous Objects,堆结构实体,堆结构实体,0.6700,"大对象区(Large Object Space / Humongous Objects):在某些JVM实现中(如G1垃圾收集器),为大对象分配了专门的区域,称为大对象区或Humongous Objects区域",实现关系,全文,JVM.txt,1,758,implemented_by,,0.7187,relation_taxonomy_normalization + direction_normalization + duplicate_merge,"implemented_by: score=0.719, conf=0.670, support=1, cues=实现关系,实现"
字面量,has_part,运行时常量池,对象与字符串相关实体,内存区域实体,0.7180,"运行时常量池:是方法区的一部分,用于存放编译期生成的各种字面量和符号引用,具有动态性,运行时也可将新的常量放入池中",部分整体关系,全文,JVM.txt,1,662,part_of,,0.7189,relation_taxonomy_normalization + direction_normalization + duplicate_merge,"has_part: score=0.719, conf=0.718, support=1, cues=部分整体,一部分,!用于"
对象头,has_part,初始化零值,对象与字符串相关实体,类加载过程实体,0.8040,"进行必要设置,比如对象头:初始化零值完成之后,虚拟机要对对象进行必要的设置,例如这个对象是哪个类的实例、如何才能找到类的元数据信息、对象的哈希码、对象的 GC 分代年龄等信息",枚举结构关系,使用ThreadLocal,JVM.txt,1,480 | 806,has_part | is_a,is_a,0.7837,relation_taxonomy_normalization + direction_normalization + evidence_weighted_relation_voting,"has_part: score=0.784, conf=0.804, support=1, cues=枚举结构；is_a: score=0.523, conf=0.630, support=1, cues=!包含,!包括"
对象头,is_a,初始化,对象与字符串相关实体,类加载过程实体,0.7880,"初始化零值:内存分配完成后,虚拟机需要将分配到的内存空间都初始化为零值(不包括对象头),这一步操作保证了对象的实例字段在 Java 代码中可以不赋初始值就直接使用,程序能访问到这些字段的数据类型所对应的零值",上位包含关系,使用ThreadLocal,JVM.txt,1,511,is_a,,0.6214,relation_taxonomy_normalization + direction_normalization + duplicate_merge,"is_a: score=0.621, conf=0.788, support=1, cues=!包含,!包括"
对象池,has_part,弱引用可,场景与问题实体,引用类型实体,0.7680,"对象池:在对象池中,弱引用可以用来管理那些暂时不使用的对象",枚举结构关系,全文,JVM.txt,1,552,has_part,,0.7338,relation_taxonomy_normalization + direction_normalization + duplicate_merge,"has_part: score=0.734, conf=0.768, support=1, cues=枚举结构,!用来"
对象池,used_for,使用,场景与问题实体,类加载过程实体,0.7640,"对象池:在对象池中,弱引用可以用来管理那些暂时不使用的对象",用途关系,全文,JVM.txt,1,567 | 730,used_for | has_part,has_part,0.7690,relation_taxonomy_normalization + direction_normalization + evidence_weighted_relation_voting,"used_for: score=0.769, conf=0.764, support=1, cues=用途,用来；has_part: score=0.682, conf=0.684, support=1, cues=枚举结构,!用来"
局部变量,used_for,数组,栈与栈帧相关实体,对象与字符串相关实体,0.6740,"在JVM内存模型中,栈(Stack)主要用于管理线程的局部变量和方法调用的上下文,而堆(Heap)则是用于存储所有类的实例和数组",用途关系,全文,JVM.txt,1,712 | 751,is_a | used_for,is_a,0.7132,relation_taxonomy_normalization + direction_normalization + evidence_weighted_relation_voting,"used_for: score=0.713, conf=0.674, support=1, cues=用途,用于；is_a: score=0.692, conf=0.694, support=1, cues=上下位,!用于"
常量,has_part,符号引用,方法区与元数据相关实体,方法区与元数据相关实体,0.7360,"常量池:存储类和接口中的常量,包括字面值常量、符号引用,以及运行时常量池",整体部分关系,全文,JVM.txt,1,627,has_part,,0.7577,relation_taxonomy_normalization + direction_normalization + duplicate_merge,"has_part: score=0.758, conf=0.736, support=1, cues=整体部分,包括"
常量,has_part,运行时常量池,方法区与元数据相关实体,内存区域实体,0.7140,"常量池:存储类和接口中的常量,包括字面值常量、符号引用,以及运行时常量池",整体部分关系,全文,JVM.txt,1,672,has_part,,0.7440,relation_taxonomy_normalization + direction_normalization + duplicate_merge,"has_part: score=0.744, conf=0.714, support=1, cues=整体部分,包括"
常量,is_a,String,方法区与元数据相关实体,对象与字符串相关实体,0.6880,"所以,如果abc这个字符串常量不存在,则创建两个对象,分别是abc这个字符串常量,以及new String这个实例对象",上下位关系,全文,JVM.txt,1,721,is_a,,0.7158,relation_taxonomy_normalization + direction_normalization + duplicate_merge,"is_a: score=0.716, conf=0.688, support=1, cues=上下位"
常量,is_a,常量池,方法区与元数据相关实体,方法区与元数据相关实体,0.7080,"常量池:存储类和接口中的常量,包括字面值常量、符号引用,以及运行时常量池",上位包含关系,全文,JVM.txt,1,690,is_a,,0.5718,relation_taxonomy_normalization + direction_normalization + duplicate_merge,"is_a: score=0.572, conf=0.708, support=1, cues=!包含,!包括"
常量池,has_part,常量,方法区与元数据相关实体,方法区与元数据相关实体,0.7360,"常量池:存储类和接口中的常量,包括字面值常量、符号引用,以及运行时常量池",枚举结构关系,全文,JVM.txt,1,628,has_part,,0.7577,relation_taxonomy_normalization + direction_normalization + duplicate_merge,"has_part: score=0.758, conf=0.736, support=1, cues=枚举结构,包括"
常量池,has_part,符号引用,方法区与元数据相关实体,方法区与元数据相关实体,0.6700,"常量池:存储类和接口中的常量,包括字面值常量、符号引用,以及运行时常量池",枚举结构关系,全文,JVM.txt,1,759,has_part,,0.7167,relation_taxonomy_normalization + direction_normalization + duplicate_merge,"has_part: score=0.717, conf=0.670, support=1, cues=枚举结构,包括"
常量池,has_part,运行时常量池,方法区与元数据相关实体,内存区域实体,0.6480,"常量池:存储类和接口中的常量,包括字面值常量、符号引用,以及运行时常量池",整体部分关系,全文,JVM.txt,1,798,has_part,,0.7031,relation_taxonomy_normalization + direction_normalization + duplicate_merge,"has_part: score=0.703, conf=0.648, support=1, cues=整体部分,包括"
常量池,is_a,加载,方法区与元数据相关实体,类加载过程实体,0.6940,"类加载检查:虚拟机遇到一条 new 指令时,首先将去检查这个指令的参数是否能在常量池中定位到一个类的符号引用,并且检查这个符号引用代表的类是否已被加载过、解析和初始化过",上下位关系,使用ThreadLocal,JVM.txt,1,713,is_a,,0.7195,relation_taxonomy_normalization + direction_normalization + duplicate_merge,"is_a: score=0.720, conf=0.694, support=1, cues=上下位"
常量池,is_a,解析,方法区与元数据相关实体,类加载过程实体,0.6800,"类加载检查:虚拟机遇到一条 new 指令时,首先将去检查这个指令的参数是否能在常量池中定位到一个类的符号引用,并且检查这个符号引用代表的类是否已被加载过、解析和初始化过",上下位关系,使用ThreadLocal,JVM.txt,1,740,is_a,,0.7108,relation_taxonomy_normalization + direction_normalization + duplicate_merge,"is_a: score=0.711, conf=0.680, support=1, cues=上下位"
常量池缓存,used_for,使用,方法区与元数据相关实体,类加载过程实体,0.7160,"常量池缓存:用于提升类加载的效率,将常用的常量缓存起来方便使用",用途关系,全文,JVM.txt,1,669 | 765,used_for | has_part,has_part,0.7393,relation_taxonomy_normalization + direction_normalization + evidence_weighted_relation_voting,"used_for: score=0.739, conf=0.716, support=1, cues=用途,用于；has_part: score=0.671, conf=0.666, support=1, cues=枚举结构,!用于"
常量池缓存,used_for,常量,方法区与元数据相关实体,方法区与元数据相关实体,0.7440,"常量池缓存:用于提升类加载的效率,将常用的常量缓存起来方便使用",用途关系,全文,JVM.txt,1,608 | 714,used_for | has_part,has_part,0.7566,relation_taxonomy_normalization + direction_normalization + evidence_weighted_relation_voting,"used_for: score=0.757, conf=0.744, support=1, cues=用途,用于；has_part: score=0.688, conf=0.694, support=1, cues=枚举结构,!用于"
常量池缓存,used_for,类加载,方法区与元数据相关实体,领域实体,0.8300,"常量池缓存:用于提升类加载的效率,将常用的常量缓存起来方便使用",用途关系,全文,JVM.txt,1,446 | 527,used_for | has_part,has_part,0.8099,relation_taxonomy_normalization + direction_normalization + evidence_weighted_relation_voting,"used_for: score=0.810, conf=0.830, support=1, cues=用途,用于；has_part: score=0.741, conf=0.780, support=1, cues=枚举结构,!用于"
并发标记,is_a,GC Roots,垃圾回收算法实体,垃圾回收核心概念实体,0.8500,"并发标记阶段:并发标记阶段是指从GC Roots开始对堆中对象进行可达性分析,找出存活对象",上下位关系,使用ThreadLocal,JVM.txt,1,426 | 625,is_a | has_part,has_part,0.8162,relation_taxonomy_normalization + direction_normalization + evidence_weighted_relation_voting,"is_a: score=0.816, conf=0.850, support=1, cues=上下位；has_part: score=0.743, conf=0.738, support=1, cues=枚举结构"
并发标记,is_a,STW,垃圾回收算法实体,垃圾回收核心概念实体,0.8020,"并发标记耗时相对长很多,但因为不是STW,所以我们不太关心该阶段耗时的长短",上下位关系,使用ThreadLocal,JVM.txt,1,484,is_a,,0.7865,relation_taxonomy_normalization + direction_normalization + duplicate_merge,"is_a: score=0.786, conf=0.802, support=1, cues=上下位"
并发标记,is_a,可达性分析,垃圾回收算法实体,垃圾回收核心概念实体,0.7480,"并发标记阶段:并发标记阶段是指从GC Roots开始对堆中对象进行可达性分析,找出存活对象",上下位关系,使用ThreadLocal,JVM.txt,1,601,is_a,,0.7530,relation_taxonomy_normalization + direction_normalization + duplicate_merge,"is_a: score=0.753, conf=0.748, support=1, cues=上下位"
并发标记,is_a,存活对象,垃圾回收算法实体,垃圾回收核心概念实体,0.7000,"并发标记阶段:并发标记阶段是指从GC Roots开始对堆中对象进行可达性分析,找出存活对象",上下位关系,使用ThreadLocal,JVM.txt,1,702,is_a,,0.7232,relation_taxonomy_normalization + direction_normalization + duplicate_merge,"is_a: score=0.723, conf=0.700, support=1, cues=上下位"
幻影引用,is_a,PhantomReference,引用类型实体,引用类型实体,0.7820,"虚引用也被称作幻影引用,是最弱的引用关系,可以用PhantomReference来描述,他必须和ReferenceQueue一起使用,同样的当发生GC的时候,虚引用也会被回收",上下位关系,全文,JVM.txt,1,524,is_a,,0.7741,relation_taxonomy_normalization + direction_normalization + duplicate_merge,"is_a: score=0.774, conf=0.782, support=1, cues=上下位"
引用计数法,implemented_by,垃圾回收,垃圾回收核心概念实体,领域实体,0.8540,"在Java中,判断对象是否为垃圾(即不再被使用,可以被垃圾回收器回收)主要依据两种主流的垃圾回收算法来实现:引用计数法和可达性分析算法",实现关系,使用ThreadLocal,JVM.txt,1,424,implemented_by,,0.8328,relation_taxonomy_normalization + direction_normalization + duplicate_merge,"implemented_by: score=0.833, conf=0.854, support=1, cues=实现关系,实现"
弱引用,is_a,WeakReference,引用类型实体,引用类型实体,0.7580,"在Java中,弱引用是通过Java.lang.ref.WeakReference类实现的",上下位关系,全文,JVM.txt,1,579,is_a,,0.7592,relation_taxonomy_normalization + direction_normalization + duplicate_merge,"is_a: score=0.759, conf=0.758, support=1, cues=上下位"
弱引用,is_a,垃圾回收,引用类型实体,领域实体,0.7720,"Java中的弱引用是一种引用类型,它不会阻止一个对象被垃圾回收",上下位关系,全文,JVM.txt,1,541,is_a,,0.7840,relation_taxonomy_normalization + direction_normalization + duplicate_merge,"is_a: score=0.784, conf=0.772, support=1, cues=上下位,是一种"
弱引用,is_a,对象引用,引用类型实体,栈与栈帧相关实体,0.7900,"弱引用的一个主要用途是创建非强制性的对象引用,这些引用可以在内存压力大时被垃圾回收器清理,从而避免内存泄露",上下位关系,全文,JVM.txt,1,504,is_a,,0.7790,relation_taxonomy_normalization + direction_normalization + duplicate_merge,"is_a: score=0.779, conf=0.790, support=1, cues=上下位"
弱引用,used_for,ThreadLocal,引用类型实体,代码与容器实体,0.6600,"ThreadLocalMap使用ThreadLocal的弱引用作为key,如果一个ThreadLocal没有外部强引用来引用它,那么系统GC时,这个ThreadLocal势必会被回收,这样一来,ThreadLocalMap中就会出现key为null的Entry,就没有办法访问这些key为null的Entry的value",用途关系,使用ThreadLocal,JVM.txt,1,781,used_for,,0.7206,relation_taxonomy_normalization + direction_normalization + duplicate_merge,"used_for: score=0.721, conf=0.660, support=1, cues=用途,用来,用作"
弱引用,used_for,gc,引用类型实体,领域实体,0.6600,"ThreadLocalMap使用ThreadLocal的弱引用作为key,如果一个ThreadLocal没有外部强引用来引用它,那么系统GC时,这个ThreadLocal势必会被回收,这样一来,ThreadLocalMap中就会出现key为null的Entry,就没有办法访问这些key为null的Entry的value",用途关系,使用ThreadLocal,JVM.txt,1,782,used_for,,0.7206,relation_taxonomy_normalization + direction_normalization + duplicate_merge,"used_for: score=0.721, conf=0.660, support=1, cues=用途,用来,用作"
弱引用可,used_for,使用,引用类型实体,类加载过程实体,0.8000,"对象池:在对象池中,弱引用可以用来管理那些暂时不使用的对象",用途关系,全文,JVM.txt,1,487,used_for,,0.7913,relation_taxonomy_normalization + direction_normalization + duplicate_merge,"used_for: score=0.791, conf=0.800, support=1, cues=用途,用来"
扩展类加载器,is_a,启动类加载器,领域实体,领域实体,0.7520,"扩展类加载器由启动类加载器加载,并且父加载器就是启动类加载器",上下位关系,使用ThreadLocal,JVM.txt,1,591,is_a,,0.7555,relation_taxonomy_normalization + direction_normalization + duplicate_merge,"is_a: score=0.755, conf=0.752, support=1, cues=上下位"
批量处理任务,causes,堆溢出,场景与问题实体,内存区域实体,0.6500,"举个例子:曾遇到过一个批量处理任务,代码中把所有处理结果都存到了一个静态 List 里,导致对象越积越多,最终堆溢出",因果关系,全文,JVM.txt,1,794,causes,,0.7023,relation_taxonomy_normalization + direction_normalization + duplicate_merge,"causes: score=0.702, conf=0.650, support=1, cues=因果,导致"
指令地址,is_a,程序计数器,线程与私有性相关实体,内存区域实体,0.7600,"每个线程都有自己的程序计数器,因为它们各自执行的代码的指令地址是不一样的呀,所以每个线程都应该有自己的程序计数器",上下位关系,全文,JVM.txt,1,574,is_a,,0.7604,relation_taxonomy_normalization + direction_normalization + duplicate_merge,"is_a: score=0.760, conf=0.760, support=1, cues=上下位"
指令地址,is_a,线程,线程与私有性相关实体,线程与私有性相关实体,0.7940,"每个线程都有自己的程序计数器,因为它们各自执行的代码的指令地址是不一样的呀,所以每个线程都应该有自己的程序计数器",上下位关系,全文,JVM.txt,1,491,is_a,,0.7815,relation_taxonomy_normalization + direction_normalization + duplicate_merge,"is_a: score=0.782, conf=0.794, support=1, cues=上下位"
指针,is_a,直接引用,栈与栈帧相关实体,方法区与元数据相关实体,0.7480,"直接引用可以是直接指向目标的指针、相对偏移量或是一个能间接定位到目标的句柄,直接引用是和虚拟机实现的内存布局相关的",上下位关系,使用ThreadLocal,JVM.txt,1,602,is_a,,0.7691,relation_taxonomy_normalization + direction_normalization + duplicate_merge,"is_a: score=0.769, conf=0.748, support=1, cues=上下位,是一个"
新生代,causes,Minor GC,堆结构实体,垃圾回收核心概念实体,0.7120,"如果将大对象分配到新生代,可能会很快导致新生代空间不足,从而频繁触发 Minor GC",因果关系,全文,JVM.txt,1,680,causes,,0.7569,relation_taxonomy_normalization + direction_normalization + duplicate_merge,"causes: score=0.757, conf=0.712, support=1, cues=因果,导致,触发"
新生代,causes,大对象,堆结构实体,对象与字符串相关实体,0.6880,"大对象通常需要连续的内存空间,如果在新生代中频繁分配和回收大对象,容易产生内存碎片,导致后续分配大对象时可能因为内存不连续而失败",因果关系,全文,JVM.txt,1,722,causes,,0.7259,relation_taxonomy_normalization + direction_normalization + duplicate_merge,"causes: score=0.726, conf=0.688, support=1, cues=因果,导致"
新生代,is_a,CMS,堆结构实体,垃圾回收器实体,0.8320,标记-复制算法应用在CMS新生代(ParNew是CMS默认的新生代垃圾回收器)和G1垃圾回收器中,上下位关系,使用ThreadLocal,JVM.txt,1,443,is_a,,0.8051,relation_taxonomy_normalization + direction_normalization + duplicate_merge,"is_a: score=0.805, conf=0.832, support=1, cues=上下位"
新生代,is_a,G1,堆结构实体,垃圾回收器实体,0.7360,标记-复制算法应用在CMS新生代(ParNew是CMS默认的新生代垃圾回收器)和G1垃圾回收器中,上下位关系,使用ThreadLocal,JVM.txt,1,629,is_a,,0.7456,relation_taxonomy_normalization + direction_normalization + duplicate_merge,"is_a: score=0.746, conf=0.736, support=1, cues=上下位"
新生代,is_a,Java 堆,堆结构实体,内存区域实体,0.8120,"此外,G1收集器不同于之前的收集器的一个重要特点是:G1回收的范围是整个Java堆(包括新生代,老年代),而前六种收集器回收的范围仅限于新生代或老年代",上位包含关系,使用ThreadLocal,JVM.txt,1,463,is_a,,0.6363,relation_taxonomy_normalization + direction_normalization + duplicate_merge,"is_a: score=0.636, conf=0.812, support=1, cues=!包含,!包括"
新生代,is_a,Serial,堆结构实体,垃圾回收器实体,0.8200,"ParNew收集器 (复制算法): 新生代收并行集器,实际上是Serial收集器的多线程版本,在多核CPU环境下有着比Serial更好的表现",上下位关系,使用ThreadLocal,JVM.txt,1,452,is_a,,0.7976,relation_taxonomy_normalization + direction_normalization + duplicate_merge,"is_a: score=0.798, conf=0.820, support=1, cues=上下位"
新生代,is_a,垃圾回收,堆结构实体,领域实体,0.7780,标记-复制算法应用在CMS新生代(ParNew是CMS默认的新生代垃圾回收器)和G1垃圾回收器中,上下位关系,使用ThreadLocal,JVM.txt,1,534,is_a,,0.7716,relation_taxonomy_normalization + direction_normalization + duplicate_merge,"is_a: score=0.772, conf=0.778, support=1, cues=上下位"
新生代,is_a,线程,堆结构实体,线程与私有性相关实体,0.7900,"Serial收集器(复制算法): 新生代单线程收集器,标记和清理都是单线程,优点是简单高效",上下位关系,使用ThreadLocal,JVM.txt,1,505,is_a,,0.7790,relation_taxonomy_normalization + direction_normalization + duplicate_merge,"is_a: score=0.779, conf=0.790, support=1, cues=上下位"
方法区,is_a,GC Roots,内存区域实体,垃圾回收核心概念实体,0.6680,GC Roots对象包括:虚拟机栈(栈帧中的本地变量表)中引用的对象、方法区中类静态属性引用的对象、本地方法栈中JNI(Java Native Interface)引用的对象、活跃线程的引用等,上位包含关系,使用ThreadLocal,JVM.txt,1,762,is_a,,0.5470,relation_taxonomy_normalization + direction_normalization + duplicate_merge,"is_a: score=0.547, conf=0.668, support=1, cues=!包含,!包括"
方法区,used_for,加载,内存区域实体,类加载过程实体,0.6680,《深入理解Java虚拟机》书中对方法区(Method Area)存储内容描述如下:它用于存储已被虚拟机加载的类型信息、常量、静态变量、即时编译器编译后的代码缓存等,用途关系,全文,JVM.txt,1,763,used_for,,0.7095,relation_taxonomy_normalization + direction_normalization + duplicate_merge,"used_for: score=0.709, conf=0.668, support=1, cues=用途,用于"
方法区,used_for,即时编译器编译后的代码缓存,内存区域实体,方法区与元数据相关实体,0.6600,《深入理解Java虚拟机》书中对方法区(Method Area)存储内容描述如下:它用于存储已被虚拟机加载的类型信息、常量、静态变量、即时编译器编译后的代码缓存等,用途关系,全文,JVM.txt,1,783,used_for,,0.7045,relation_taxonomy_normalization + direction_normalization + duplicate_merge,"used_for: score=0.705, conf=0.660, support=1, cues=用途,用于"
方法区,used_for,字面量,内存区域实体,对象与字符串相关实体,0.7580,"运行时常量池:是方法区的一部分,用于存放编译期生成的各种字面量和符号引用,具有动态性,运行时也可将新的常量放入池中",用途关系,全文,JVM.txt,1,580,used_for,,0.7653,relation_taxonomy_normalization + direction_normalization + duplicate_merge,"used_for: score=0.765, conf=0.758, support=1, cues=用途,用于"
方法区,used_for,常量,内存区域实体,方法区与元数据相关实体,0.8060,方法区(Method Area): 方法区是用于存储类信息、常量、静态变量等数据的区域,用途关系,使用ThreadLocal,JVM.txt,1,449 | 478,is_a | used_for,is_a,0.7951,relation_taxonomy_normalization + direction_normalization + evidence_weighted_relation_voting,"used_for: score=0.795, conf=0.806, support=1, cues=用途,用于；is_a: score=0.774, conf=0.826, support=1, cues=上下位,!用于"
方法区,used_for,符号引用,内存区域实体,方法区与元数据相关实体,0.7340,"运行时常量池:是方法区的一部分,用于存放编译期生成的各种字面量和符号引用,具有动态性,运行时也可将新的常量放入池中",用途关系,全文,JVM.txt,1,631,used_for,,0.7504,relation_taxonomy_normalization + direction_normalization + duplicate_merge,"used_for: score=0.750, conf=0.734, support=1, cues=用途,用于"
方法区,used_for,类信息,内存区域实体,方法区与元数据相关实体,0.8300,方法区(Method Area): 方法区是用于存储类信息、常量、静态变量等数据的区域,用途关系,使用ThreadLocal,JVM.txt,1,427 | 447 | 754,is_a | used_for | has_part,is_a | has_part,0.8099,relation_taxonomy_normalization + direction_normalization + evidence_weighted_relation_voting,"used_for: score=0.810, conf=0.830, support=1, cues=用途,用于；is_a: score=0.789, conf=0.850, support=1, cues=上下位,!用于；has_part: score=0.674, conf=0.672, support=1, cues=枚举结构,!用于"
方法区,used_for,类型信息,内存区域实体,方法区与元数据相关实体,0.6600,《深入理解Java虚拟机》书中对方法区(Method Area)存储内容描述如下:它用于存储已被虚拟机加载的类型信息、常量、静态变量、即时编译器编译后的代码缓存等,用途关系,全文,JVM.txt,1,784,used_for,,0.7045,relation_taxonomy_normalization + direction_normalization + duplicate_merge,"used_for: score=0.705, conf=0.660, support=1, cues=用途,用于"
方法区,used_for,静态变量,内存区域实体,方法区与元数据相关实体,0.7880,方法区(Method Area): 方法区是用于存储类信息、常量、静态变量等数据的区域,用途关系,使用ThreadLocal,JVM.txt,1,472 | 512,is_a | used_for,is_a,0.7839,relation_taxonomy_normalization + direction_normalization + evidence_weighted_relation_voting,"used_for: score=0.784, conf=0.788, support=1, cues=用途,用于；is_a: score=0.763, conf=0.808, support=1, cues=上下位,!用于"
方法调用,used_for,数组,栈与栈帧相关实体,对象与字符串相关实体,0.7040,"在JVM内存模型中,栈(Stack)主要用于管理线程的局部变量和方法调用的上下文,而堆(Heap)则是用于存储所有类的实例和数组",用途关系,全文,JVM.txt,1,647 | 694,is_a | used_for,is_a,0.7318,relation_taxonomy_normalization + direction_normalization + evidence_weighted_relation_voting,"used_for: score=0.732, conf=0.704, support=1, cues=用途,用于；is_a: score=0.711, conf=0.724, support=1, cues=上下位,!用于"
本地方法栈,has_part,Java 虚拟机栈,内存区域实体,领域实体,0.7920,"本地方法栈:与 Java 虚拟机栈类似,主要为虚拟机使用到的 Native 方法服务,在 HotSpot 虚拟机中和 Java 虚拟机栈合二为一",枚举结构关系,全文,JVM.txt,1,498,has_part,,0.7763,relation_taxonomy_normalization + direction_normalization + duplicate_merge,"has_part: score=0.776, conf=0.792, support=1, cues=枚举结构"
本地方法栈,has_part,使用,内存区域实体,类加载过程实体,0.6840,"本地方法栈:与 Java 虚拟机栈类似,主要为虚拟机使用到的 Native 方法服务,在 HotSpot 虚拟机中和 Java 虚拟机栈合二为一",枚举结构关系,全文,JVM.txt,1,731,has_part,,0.7093,relation_taxonomy_normalization + direction_normalization + duplicate_merge,"has_part: score=0.709, conf=0.684, support=1, cues=枚举结构"
本地方法栈,is_a,GC Roots,内存区域实体,垃圾回收核心概念实体,0.6300,GC Roots对象包括:虚拟机栈(栈帧中的本地变量表)中引用的对象、方法区中类静态属性引用的对象、本地方法栈中JNI(Java Native Interface)引用的对象、活跃线程的引用等,上位包含关系,使用ThreadLocal,JVM.txt,1,807,is_a,,0.5234,relation_taxonomy_normalization + direction_normalization + duplicate_merge,"is_a: score=0.523, conf=0.630, support=1, cues=!包含,!包括"
本地方法栈,is_a,JVM,内存区域实体,领域实体,0.6740,"根据 JDK 8 规范,JVM 运行时内存共分为虚拟机栈、堆、元空间、程序计数器、本地方法栈五个部分",上位包含关系,全文,JVM.txt,1,752,is_a,,0.5783,relation_taxonomy_normalization + direction_normalization + duplicate_merge,"is_a: score=0.578, conf=0.674, support=1, cues=!包含"
标记-整理算法,has_part,G1,垃圾回收算法实体,垃圾回收器实体,0.7260,"G1(Garbage First)收集器 (标记-整理算法): Java堆并行收集器,G1收集器是JDK1.7提供的一个新收集器,G1收集器基于“标记-整理”算法实现,也就是说不会产生内存碎片",枚举结构关系,使用ThreadLocal,JVM.txt,1,644 | 741,has_part | is_a,is_a,0.7078,relation_taxonomy_normalization + direction_normalization + evidence_weighted_relation_voting,"has_part: score=0.708, conf=0.726, support=1, cues=枚举结构,!基于；is_a: score=0.683, conf=0.680, support=1, cues=上下位,!基于"
标记-整理算法,has_part,Java 堆,垃圾回收算法实体,内存区域实体,0.7920,"G1(Garbage First)收集器 (标记-整理算法): Java堆并行收集器,G1收集器是JDK1.7提供的一个新收集器,G1收集器基于“标记-整理”算法实现,也就是说不会产生内存碎片",枚举结构关系,使用ThreadLocal,JVM.txt,1,499,has_part,,0.7487,relation_taxonomy_normalization + direction_normalization + duplicate_merge,"has_part: score=0.749, conf=0.792, support=1, cues=枚举结构,!基于"
标记-整理算法,has_part,Parallel Scavenge,垃圾回收算法实体,垃圾回收器实体,0.7020,"Parallel Old收集器 (标记-整理算法): 老年代并行收集器,吞吐量优先,Parallel Scavenge收集器的老年代版本",枚举结构关系,使用ThreadLocal,JVM.txt,1,698,has_part,,0.7205,relation_taxonomy_normalization + direction_normalization + duplicate_merge,"has_part: score=0.720, conf=0.702, support=1, cues=枚举结构"
标记-整理算法,has_part,Serial,垃圾回收算法实体,垃圾回收器实体,0.7320,"Serial Old收集器 (标记-整理算法): 老年代单线程收集器,Serial收集器的老年代版本",枚举结构关系,使用ThreadLocal,JVM.txt,1,636,has_part,,0.7391,relation_taxonomy_normalization + direction_normalization + duplicate_merge,"has_part: score=0.739, conf=0.732, support=1, cues=枚举结构"
标记-整理算法,has_part,gc,垃圾回收算法实体,领域实体,0.7680,"标记-整理算法:复制算法在 GC 之后存活对象较少的情况下效率比较高,但如果存活对象比较多时,会执行较多的复制操作,效率就会下降",枚举结构关系,使用ThreadLocal,JVM.txt,1,553,has_part,,0.7614,relation_taxonomy_normalization + direction_normalization + duplicate_merge,"has_part: score=0.761, conf=0.768, support=1, cues=枚举结构"
标记-整理算法,has_part,复制算法,垃圾回收算法实体,垃圾回收算法实体,0.7840,"标记-整理算法:复制算法在 GC 之后存活对象较少的情况下效率比较高,但如果存活对象比较多时,会执行较多的复制操作,效率就会下降",枚举结构关系,使用ThreadLocal,JVM.txt,1,520,has_part,,0.7713,relation_taxonomy_normalization + direction_normalization + duplicate_merge,"has_part: score=0.771, conf=0.784, support=1, cues=枚举结构"
标记-整理算法,has_part,存活对象,垃圾回收算法实体,垃圾回收核心概念实体,0.7380,"标记-整理算法:复制算法在 GC 之后存活对象较少的情况下效率比较高,但如果存活对象比较多时,会执行较多的复制操作,效率就会下降",枚举结构关系,使用ThreadLocal,JVM.txt,1,626,has_part,,0.7428,relation_taxonomy_normalization + direction_normalization + duplicate_merge,"has_part: score=0.743, conf=0.738, support=1, cues=枚举结构"
标记-整理算法,has_part,线程,垃圾回收算法实体,线程与私有性相关实体,0.7680,"Serial Old收集器 (标记-整理算法): 老年代单线程收集器,Serial收集器的老年代版本",枚举结构关系,使用ThreadLocal,JVM.txt,1,554,has_part,,0.7614,relation_taxonomy_normalization + direction_normalization + duplicate_merge,"has_part: score=0.761, conf=0.768, support=1, cues=枚举结构"
标记-整理算法,has_part,老年代,垃圾回收算法实体,堆结构实体,0.7920,"Serial Old收集器 (标记-整理算法): 老年代单线程收集器,Serial收集器的老年代版本",枚举结构关系,使用ThreadLocal,JVM.txt,1,500,has_part,,0.7763,relation_taxonomy_normalization + direction_normalization + duplicate_merge,"has_part: score=0.776, conf=0.792, support=1, cues=枚举结构"
标记-清除算法,has_part,老年代,垃圾回收算法实体,堆结构实体,0.7920,"CMS(Concurrent Mark Sweep)收集器(标记-清除算法): 老年代并行收集器,以获取最短回收停顿时间为目标的收集器,具有高并发、低停顿的特点,追求最短GC回收停顿时间",枚举结构关系,使用ThreadLocal,JVM.txt,1,501,has_part,,0.7763,relation_taxonomy_normalization + direction_normalization + duplicate_merge,"has_part: score=0.776, conf=0.792, support=1, cues=枚举结构"
标记阶段,is_a,G1,垃圾回收算法实体,垃圾回收器实体,0.7640,G1的混合回收过程可以分为标记阶段、清理阶段和复制阶段,上位包含关系,使用ThreadLocal,JVM.txt,1,568,is_a,,0.6341,relation_taxonomy_normalization + direction_normalization + duplicate_merge,"is_a: score=0.634, conf=0.764, support=1, cues=!包含"
栈帧,causes,栈溢出,栈与栈帧相关实体,场景与问题实体,0.7180,"如果递归没有正确的终止条件,栈帧会不断累积,最终超过虚拟机栈的最大容量,导致栈溢出",因果关系,全文,JVM.txt,1,661,causes,,0.7445,relation_taxonomy_normalization + direction_normalization + duplicate_merge,"causes: score=0.744, conf=0.718, support=1, cues=因果,导致"
栈帧,is_a,GC Roots,栈与栈帧相关实体,垃圾回收核心概念实体,0.7700,GC Roots对象包括:虚拟机栈(栈帧中的本地变量表)中引用的对象、方法区中类静态属性引用的对象、本地方法栈中JNI(Java Native Interface)引用的对象、活跃线程的引用等,上位包含关系,使用ThreadLocal,JVM.txt,1,543,is_a,,0.6102,relation_taxonomy_normalization + direction_normalization + duplicate_merge,"is_a: score=0.610, conf=0.770, support=1, cues=!包含,!包括"
栈帧,used_for,动态链接,栈与栈帧相关实体,栈与栈帧相关实体,0.7440,"每个方法在执行时都会创建一个栈帧,用于存储局部变量表、操作数栈、动态链接、方法出口等信息",用途关系,全文,JVM.txt,1,609,used_for,,0.7566,relation_taxonomy_normalization + direction_normalization + duplicate_merge,"used_for: score=0.757, conf=0.744, support=1, cues=用途,用于"
栈帧,used_for,局部变量表,栈与栈帧相关实体,栈与栈帧相关实体,0.8100,"每个方法在执行时都会创建一个栈帧,用于存储局部变量表、操作数栈、动态链接、方法出口等信息",用途关系,全文,JVM.txt,1,465,used_for,,0.7975,relation_taxonomy_normalization + direction_normalization + duplicate_merge,"used_for: score=0.798, conf=0.810, support=1, cues=用途,用于"
栈帧,used_for,操作数栈,栈与栈帧相关实体,栈与栈帧相关实体,0.7740,"每个方法在执行时都会创建一个栈帧,用于存储局部变量表、操作数栈、动态链接、方法出口等信息",用途关系,全文,JVM.txt,1,540,used_for,,0.7752,relation_taxonomy_normalization + direction_normalization + duplicate_merge,"used_for: score=0.775, conf=0.774, support=1, cues=用途,用于"
栈帧,used_for,方法出口,栈与栈帧相关实体,栈与栈帧相关实体,0.7140,"每个方法在执行时都会创建一个栈帧,用于存储局部变量表、操作数栈、动态链接、方法出口等信息",用途关系,全文,JVM.txt,1,673,used_for,,0.7380,relation_taxonomy_normalization + direction_normalization + duplicate_merge,"used_for: score=0.738, conf=0.714, support=1, cues=用途,用于"
栈帧创建,has_part,JVM,栈与栈帧相关实体,领域实体,0.7500,"栈帧创建:在调用一个方法前,JVM会在当前线程的Java虚拟机栈中为该方法分配一个新的栈帧,用于存储局部变量表、操作数栈、动态链接、方法出口等信息",枚举结构关系,全文,JVM.txt,1,595,has_part,,0.7226,relation_taxonomy_normalization + direction_normalization + duplicate_merge,"has_part: score=0.723, conf=0.750, support=1, cues=枚举结构,!用于"
栈帧创建,has_part,Java 虚拟机栈,栈与栈帧相关实体,领域实体,0.6900,"栈帧创建:在调用一个方法前,JVM会在当前线程的Java虚拟机栈中为该方法分配一个新的栈帧,用于存储局部变量表、操作数栈、动态链接、方法出口等信息",枚举结构关系,全文,JVM.txt,1,718,has_part,,0.6854,relation_taxonomy_normalization + direction_normalization + duplicate_merge,"has_part: score=0.685, conf=0.690, support=1, cues=枚举结构,!用于"
栈帧创建,has_part,线程,栈与栈帧相关实体,线程与私有性相关实体,0.7080,"栈帧创建:在调用一个方法前,JVM会在当前线程的Java虚拟机栈中为该方法分配一个新的栈帧,用于存储局部变量表、操作数栈、动态链接、方法出口等信息",枚举结构关系,全文,JVM.txt,1,691,has_part,,0.6966,relation_taxonomy_normalization + direction_normalization + duplicate_merge,"has_part: score=0.697, conf=0.708, support=1, cues=枚举结构,!用于"
栈帧创建,used_for,局部变量表,栈与栈帧相关实体,栈与栈帧相关实体,0.6400,"栈帧创建:在调用一个方法前,JVM会在当前线程的Java虚拟机栈中为该方法分配一个新的栈帧,用于存储局部变量表、操作数栈、动态链接、方法出口等信息",用途关系,全文,JVM.txt,1,802,used_for,,0.6921,relation_taxonomy_normalization + direction_normalization + duplicate_merge,"used_for: score=0.692, conf=0.640, support=1, cues=用途,用于"
栈溢出,implemented_by,树形结构遍历,场景与问题实体,场景与问题实体,0.6900,"举个实际例子:曾遇到一个树形结构遍历的方法,因节点层级极深(超过 10 万层)且用递归实现,导致栈溢出",实现关系,全文,JVM.txt,1,719,implemented_by,,0.7035,relation_taxonomy_normalization + direction_normalization + duplicate_merge,"implemented_by: score=0.704, conf=0.690, support=1, cues=实现关系,实现,!导致"
栈溢出,is_a,JVM,场景与问题实体,领域实体,0.6880,"栈溢出(java.lang.StackOverflowError)是 JVM 中另一种常见的内存错误,和堆溢出的原理与场景截然不同",上下位关系,全文,JVM.txt,1,723,is_a,,0.7158,relation_taxonomy_normalization + direction_normalization + duplicate_merge,"is_a: score=0.716, conf=0.688, support=1, cues=上下位"
栈溢出,is_a,局部变量,场景与问题实体,栈与栈帧相关实体,0.8080,"当栈溢出时,通常是因为递归过深或局部变量过大",上下位关系,全文,JVM.txt,1,473,is_a,,0.7902,relation_taxonomy_normalization + direction_normalization + duplicate_merge,"is_a: score=0.790, conf=0.808, support=1, cues=上下位"
栈溢出,is_a,方法调用,场景与问题实体,栈与栈帧相关实体,0.8440,"总的来说,栈溢出的核心原因是方法调用栈深度超过了栈内存限制,解决时应优先从代码逻辑(尤其是递归)入手,而非单纯调大栈内存",上下位关系,全文,JVM.txt,1,432,is_a,,0.8125,relation_taxonomy_normalization + direction_normalization + duplicate_merge,"is_a: score=0.813, conf=0.844, support=1, cues=上下位"
树形结构遍历,causes,栈溢出,场景与问题实体,场景与问题实体,0.6500,"举个实际例子:曾遇到一个树形结构遍历的方法,因节点层级极深(超过 10 万层)且用递归实现,导致栈溢出",因果关系,全文,JVM.txt,1,795,causes,,0.7023,relation_taxonomy_normalization + direction_normalization + duplicate_merge,"causes: score=0.702, conf=0.650, support=1, cues=因果,导致"
浮动垃圾,is_a,gc,垃圾回收核心概念实体,领域实体,0.7660,"而G1没有浮动垃圾,G1的筛选回收是多个垃圾回收线程并行gc的,没有浮动垃圾的回收,在执行‘并发清理’步骤时,用户线程也会同时产生一部分可回收对象,但是这部分可回收对象只能在下次执行清理是才会被回收",上下位关系,使用ThreadLocal,JVM.txt,1,562,is_a,,0.7642,relation_taxonomy_normalization + direction_normalization + duplicate_merge,"is_a: score=0.764, conf=0.766, support=1, cues=上下位"
浮动垃圾,is_a,垃圾回收,垃圾回收核心概念实体,领域实体,0.8140,"而G1没有浮动垃圾,G1的筛选回收是多个垃圾回收线程并行gc的,没有浮动垃圾的回收,在执行‘并发清理’步骤时,用户线程也会同时产生一部分可回收对象,但是这部分可回收对象只能在下次执行清理是才会被回收",上下位关系,使用ThreadLocal,JVM.txt,1,459,is_a,,0.7939,relation_taxonomy_normalization + direction_normalization + duplicate_merge,"is_a: score=0.794, conf=0.814, support=1, cues=上下位"
浮动垃圾,is_a,线程,垃圾回收核心概念实体,线程与私有性相关实体,0.7900,"而G1没有浮动垃圾,G1的筛选回收是多个垃圾回收线程并行gc的,没有浮动垃圾的回收,在执行‘并发清理’步骤时,用户线程也会同时产生一部分可回收对象,但是这部分可回收对象只能在下次执行清理是才会被回收",上下位关系,使用ThreadLocal,JVM.txt,1,506,is_a,,0.7790,relation_taxonomy_normalization + direction_normalization + duplicate_merge,"is_a: score=0.779, conf=0.790, support=1, cues=上下位"
深度递归,causes,栈溢出,场景与问题实体,场景与问题实体,0.8180,递归调用:深度递归导致栈溢出,因果关系,全文,JVM.txt,1,456,causes,,0.8065,relation_taxonomy_normalization + direction_normalization + duplicate_merge,"causes: score=0.806, conf=0.818, support=1, cues=因果,导致"
清理阶段,is_a,G1,垃圾回收算法实体,垃圾回收器实体,0.7340,G1的混合回收过程可以分为标记阶段、清理阶段和复制阶段,上位包含关系,使用ThreadLocal,JVM.txt,1,632,is_a,,0.6155,relation_taxonomy_normalization + direction_normalization + duplicate_merge,"is_a: score=0.616, conf=0.734, support=1, cues=!包含"
直接内存,causes,OutOfMemoryError,内存区域实体,异常与错误实体,0.7000,"直接内存的使用受到本机总内存的限制,若分配不当,可能导致 OutOfMemoryError 异常",因果关系,全文,JVM.txt,1,703,causes,,0.7333,relation_taxonomy_normalization + direction_normalization + duplicate_merge,"causes: score=0.733, conf=0.700, support=1, cues=因果,导致"
直接内存,is_a,JVM,内存区域实体,领域实体,0.8500,"直接内存:不属于 JVM 运行时数据区的一部分,通过 NIO 类引入,是一种堆外内存,可以显著提高 I/O 性能",上下位关系,全文,JVM.txt,1,428 | 528,is_a | has_part,has_part,0.8484,relation_taxonomy_normalization + direction_normalization + evidence_weighted_relation_voting,"is_a: score=0.848, conf=0.850, support=1, cues=上下位,属于,是一种；has_part: score=0.785, conf=0.780, support=1, cues=枚举结构,一部分"
直接内存,is_a,NIO,内存区域实体,工具与排查实体,0.7420,"直接内存:不属于 JVM 运行时数据区的一部分,通过 NIO 类引入,是一种堆外内存,可以显著提高 I/O 性能",上下位关系,全文,JVM.txt,1,617 | 755,is_a | has_part,has_part,0.7815,relation_taxonomy_normalization + direction_normalization + evidence_weighted_relation_voting,"is_a: score=0.781, conf=0.742, support=1, cues=上下位,属于,是一种；has_part: score=0.718, conf=0.672, support=1, cues=枚举结构,一部分"
直接内存,is_a,堆外内存,内存区域实体,内存区域实体,0.6600,"直接内存:不属于 JVM 运行时数据区的一部分,通过 NIO 类引入,是一种堆外内存,可以显著提高 I/O 性能",上下位关系,全文,JVM.txt,1,785,is_a,,0.7306,relation_taxonomy_normalization + direction_normalization + duplicate_merge,"is_a: score=0.731, conf=0.660, support=1, cues=上下位,属于,是一种"
直接内存,is_a,本地内存,内存区域实体,内存区域实体,0.8120,"还有一部分内存叫直接内存,属于操作系统的本地内存,也是可以直接操作的",上下位关系,全文,JVM.txt,1,464,is_a,,0.8088,relation_taxonomy_normalization + direction_normalization + duplicate_merge,"is_a: score=0.809, conf=0.812, support=1, cues=上下位,属于"
直接引用,is_a,指针,方法区与元数据相关实体,栈与栈帧相关实体,0.8200,"直接引用可以是直接指向目标的指针、相对偏移量或是一个能间接定位到目标的句柄,直接引用是和虚拟机实现的内存布局相关的",上下位关系,使用ThreadLocal,JVM.txt,1,453,is_a,,0.8137,relation_taxonomy_normalization + direction_normalization + duplicate_merge,"is_a: score=0.814, conf=0.820, support=1, cues=上下位,是一个"
程序计数器,is_a,线程,内存区域实体,线程与私有性相关实体,0.8320,"程序计数器:可以看作是当前线程所执行的字节码的行号指示器,用于存储当前线程正在执行的 Java 方法的 JVM 指令地址",上下位关系,全文,JVM.txt,1,444 | 570 | 742,is_a | has_part | used_for,has_part | used_for,0.7775,relation_taxonomy_normalization + direction_normalization + evidence_weighted_relation_voting,"is_a: score=0.777, conf=0.832, support=1, cues=上下位,!用于；has_part: score=0.730, conf=0.762, support=1, cues=枚举结构,!用于；used_for: score=0.717, conf=0.680, support=1, cues=用途,用于"
程序计数器,used_for,JVM,内存区域实体,领域实体,0.6600,"程序计数器:可以看作是当前线程所执行的字节码的行号指示器,用于存储当前线程正在执行的 Java 方法的 JVM 指令地址",用途关系,全文,JVM.txt,1,687 | 786,is_a | used_for,is_a,0.7045,relation_taxonomy_normalization + direction_normalization + evidence_weighted_relation_voting,"used_for: score=0.705, conf=0.660, support=1, cues=用途,用于；is_a: score=0.601, conf=0.710, support=1, cues=!包含"
符号引用,has_part,运行时常量池,方法区与元数据相关实体,内存区域实体,0.6940,"运行时常量池:是方法区的一部分,用于存放编译期生成的各种字面量和符号引用,具有动态性,运行时也可将新的常量放入池中",部分整体关系,全文,JVM.txt,1,716,part_of,,0.7040,relation_taxonomy_normalization + direction_normalization + duplicate_merge,"has_part: score=0.704, conf=0.694, support=1, cues=部分整体,一部分,!用于"
符号引用,is_a,使用,方法区与元数据相关实体,类加载过程实体,0.6880,"符号引用是以一组符号来描述所引用的目标,符号可以是任何形式的字面量,只要使用的时候可以无歧义地定位到目标即可",上下位关系,使用ThreadLocal,JVM.txt,1,724,is_a,,0.7158,relation_taxonomy_normalization + direction_normalization + duplicate_merge,"is_a: score=0.716, conf=0.688, support=1, cues=上下位"
符号引用,is_a,初始化,方法区与元数据相关实体,类加载过程实体,0.7900,"类加载检查:虚拟机遇到一条 new 指令时,首先将去检查这个指令的参数是否能在常量池中定位到一个类的符号引用,并且检查这个符号引用代表的类是否已被加载过、解析和初始化过",上下位关系,使用ThreadLocal,JVM.txt,1,507,is_a,,0.7790,relation_taxonomy_normalization + direction_normalization + duplicate_merge,"is_a: score=0.779, conf=0.790, support=1, cues=上下位"
符号引用,is_a,加载,方法区与元数据相关实体,类加载过程实体,0.8320,"类加载检查:虚拟机遇到一条 new 指令时,首先将去检查这个指令的参数是否能在常量池中定位到一个类的符号引用,并且检查这个符号引用代表的类是否已被加载过、解析和初始化过",上下位关系,使用ThreadLocal,JVM.txt,1,445,is_a,,0.8051,relation_taxonomy_normalization + direction_normalization + duplicate_merge,"is_a: score=0.805, conf=0.832, support=1, cues=上下位"
符号引用,is_a,字面量,方法区与元数据相关实体,对象与字符串相关实体,0.7240,"符号引用是以一组符号来描述所引用的目标,符号可以是任何形式的字面量,只要使用的时候可以无歧义地定位到目标即可",上下位关系,使用ThreadLocal,JVM.txt,1,648,is_a,,0.7381,relation_taxonomy_normalization + direction_normalization + duplicate_merge,"is_a: score=0.738, conf=0.724, support=1, cues=上下位"
符号引用,is_a,常量,方法区与元数据相关实体,方法区与元数据相关实体,0.7560,"常量池:存储类和接口中的常量,包括字面值常量、符号引用,以及运行时常量池",上位包含关系,全文,JVM.txt,1,581,is_a,,0.6016,relation_taxonomy_normalization + direction_normalization + duplicate_merge,"is_a: score=0.602, conf=0.756, support=1, cues=!包含,!包括"
符号引用,is_a,常量池,方法区与元数据相关实体,方法区与元数据相关实体,0.6900,"常量池:存储类和接口中的常量,包括字面值常量、符号引用,以及运行时常量池",上位包含关系,全文,JVM.txt,1,720,is_a,,0.5606,relation_taxonomy_normalization + direction_normalization + duplicate_merge,"is_a: score=0.561, conf=0.690, support=1, cues=!包含,!包括"
符号引用,is_a,直接引用,方法区与元数据相关实体,方法区与元数据相关实体,0.8360,"符号引用:存储类和方法的符号引用,是一种直接引用不同于直接引用的引用类型",上下位关系,全文,JVM.txt,1,438 | 715,is_a | has_part,has_part,0.8237,relation_taxonomy_normalization + direction_normalization + evidence_weighted_relation_voting,"is_a: score=0.824, conf=0.836, support=1, cues=上下位,是一种；has_part: score=0.716, conf=0.694, support=1, cues=枚举结构"
符号引用,is_a,解析,方法区与元数据相关实体,类加载过程实体,0.8080,"类加载检查:虚拟机遇到一条 new 指令时,首先将去检查这个指令的参数是否能在常量池中定位到一个类的符号引用,并且检查这个符号引用代表的类是否已被加载过、解析和初始化过",上下位关系,使用ThreadLocal,JVM.txt,1,474,is_a,,0.7902,relation_taxonomy_normalization + direction_normalization + duplicate_merge,"is_a: score=0.790, conf=0.808, support=1, cues=上下位"
简化了加载流程,has_part,加载,类加载过程实体,类加载过程实体,0.6700,"简化了加载流程:通过委派,大部分类能够被正确的类加载器加载,减少了每个加载器需要处理的类的数量,简化了类的加载过程,提高了加载效率",枚举结构关系,使用ThreadLocal,JVM.txt,1,760,has_part,,0.7006,relation_taxonomy_normalization + direction_normalization + duplicate_merge,"has_part: score=0.701, conf=0.670, support=1, cues=枚举结构"
简化了加载流程,has_part,类加载,类加载过程实体,领域实体,0.7140,"简化了加载流程:通过委派,大部分类能够被正确的类加载器加载,减少了每个加载器需要处理的类的数量,简化了类的加载过程,提高了加载效率",枚举结构关系,使用ThreadLocal,JVM.txt,1,674,has_part,,0.7279,relation_taxonomy_normalization + direction_normalization + duplicate_merge,"has_part: score=0.728, conf=0.714, support=1, cues=枚举结构"
类初始化,has_part,初始化,类加载过程实体,类加载过程实体,0.6160,"最后是初始化阶段(initialization),这一步真正去执行类初始化的代码逻辑,包括静态字段赋值的动作,以及执行类定义中的静态初始化块内的逻辑,编译器在编译阶段就会把这部分逻辑整理好,父类型的初始化逻辑优先于当前类型的逻辑",整体部分关系,使用ThreadLocal,JVM.txt,1,808,has_part,,0.6833,relation_taxonomy_normalization + direction_normalization + duplicate_merge,"has_part: score=0.683, conf=0.616, support=1, cues=整体部分,包括"
类加载,causes,元空间,领域实体,内存区域实体,0.8140,"出现这个异常的问题的原因是系统的代码非常多或引用的第三方包非常多或者通过动态代码生成类加载等方法,导致元空间的内存占用很大",因果关系,全文,JVM.txt,1,460,causes,,0.8040,relation_taxonomy_normalization + direction_normalization + duplicate_merge,"causes: score=0.804, conf=0.814, support=1, cues=因果,导致"
类加载,is_a,Bootstrap ClassLoader,领域实体,类加载器实体,0.7840,"具体来说,Java 的类加载器有一套默认的层级结构:最顶层是Bootstrap ClassLoader(启动类加载器,负责加载 JDK 核心类,如java.lang.String),往下是Extension ClassLoader(扩展类加载器,加载 JDK 扩展目录的类),再往下是AppClassLoader(应用类加载器,加载我们自己写的类和第三方 jar 包),我们也可以自定义类加载器,放在最下层",上下位关系,使用ThreadLocal,JVM.txt,1,521 | 675,is_a | has_part,has_part,0.7753,relation_taxonomy_normalization + direction_normalization + evidence_weighted_relation_voting,"is_a: score=0.775, conf=0.784, support=1, cues=上下位；has_part: score=0.728, conf=0.714, support=1, cues=枚举结构"
类加载,is_a,Class 对象,领域实体,类加载过程实体,0.8080,"一个类由哪个类加载器加载,这个信息是存储在Class对象里的",上下位关系,使用ThreadLocal,JVM.txt,1,475,is_a,,0.7902,relation_taxonomy_normalization + direction_normalization + duplicate_merge,"is_a: score=0.790, conf=0.808, support=1, cues=上下位"
类加载,is_a,加载,领域实体,类加载过程实体,0.8140,"这些类加载器之间的关系形成了双亲委派模型,其核心思想是当一个类加载器收到类加载的请求时,首先不会自己去尝试加载这个类,而是把这个请求委派给父类加载器去完成,每一层次的类加载器都是如此,因此所有的加载请求最终都应该传送到顶层的启动类加载器中",上下位关系,使用ThreadLocal,JVM.txt,1,461,is_a,,0.7939,relation_taxonomy_normalization + direction_normalization + duplicate_merge,"is_a: score=0.794, conf=0.814, support=1, cues=上下位"
类加载,is_a,启动类加载器,领域实体,领域实体,0.7040,"这些类加载器之间的关系形成了双亲委派模型,其核心思想是当一个类加载器收到类加载的请求时,首先不会自己去尝试加载这个类,而是把这个请求委派给父类加载器去完成,每一层次的类加载器都是如此,因此所有的加载请求最终都应该传送到顶层的启动类加载器中",上下位关系,使用ThreadLocal,JVM.txt,1,695,is_a,,0.7257,relation_taxonomy_normalization + direction_normalization + duplicate_merge,"is_a: score=0.726, conf=0.704, support=1, cues=上下位"
类加载,is_a,扩展类加载器,领域实体,领域实体,0.8180,系统类加载器的父加载器是扩展类加载器,上下位关系,使用ThreadLocal,JVM.txt,1,457,is_a,,0.7964,relation_taxonomy_normalization + direction_normalization + duplicate_merge,"is_a: score=0.796, conf=0.818, support=1, cues=上下位"
类加载机制,is_a,类加载,领域实体,领域实体,0.7700,"Java 中的 “双亲委派” 是类加载机制的核心原则,简单说就是 「一个类加载器要加载类时,先让父加载器去尝试加载,只有父加载器加载不了,自己才会去加载」",上下位关系,使用ThreadLocal,JVM.txt,1,544,is_a,,0.7666,relation_taxonomy_normalization + direction_normalization + duplicate_merge,"is_a: score=0.767, conf=0.770, support=1, cues=上下位"
类加载检查,has_part,new 指令,领域实体,对象与字符串相关实体,0.7560,"类加载检查:虚拟机遇到一条 new 指令时,首先将去检查这个指令的参数是否能在常量池中定位到一个类的符号引用,并且检查这个符号引用代表的类是否已被加载过、解析和初始化过",枚举结构关系,使用ThreadLocal,JVM.txt,1,582,has_part,,0.7540,relation_taxonomy_normalization + direction_normalization + duplicate_merge,"has_part: score=0.754, conf=0.756, support=1, cues=枚举结构"
类加载检查,is_a,常量池,领域实体,方法区与元数据相关实体,0.6800,"类加载检查:虚拟机遇到一条 new 指令时,首先将去检查这个指令的参数是否能在常量池中定位到一个类的符号引用,并且检查这个符号引用代表的类是否已被加载过、解析和初始化过",上下位关系,使用ThreadLocal,JVM.txt,1,743,is_a,,0.7108,relation_taxonomy_normalization + direction_normalization + duplicate_merge,"is_a: score=0.711, conf=0.680, support=1, cues=上下位"
线程,has_part,对象引用,线程与私有性相关实体,栈与栈帧相关实体,0.7440,"线程:未停止的线程可能持有对象引用,无法被回收",枚举结构关系,全文,JVM.txt,1,610,has_part,,0.7465,relation_taxonomy_normalization + direction_normalization + duplicate_merge,"has_part: score=0.747, conf=0.744, support=1, cues=枚举结构"
线程,is_a,Native 方法,线程与私有性相关实体,线程与私有性相关实体,0.8300,"如果线程执行的是 Native 方法,计数器值为 null",上下位关系,全文,JVM.txt,1,448,is_a,,0.8038,relation_taxonomy_normalization + direction_normalization + duplicate_merge,"is_a: score=0.804, conf=0.830, support=1, cues=上下位"
线程,is_a,程序计数器,线程与私有性相关实体,内存区域实体,0.7000,"我们考虑一下,如果在线程切换的过程中,下一条指令执行到哪里了,是不是还是会用到我们的程序计数器啊",上下位关系,全文,JVM.txt,1,704,is_a,,0.7232,relation_taxonomy_normalization + direction_normalization + duplicate_merge,"is_a: score=0.723, conf=0.700, support=1, cues=上下位"
线程,used_for,JVM,线程与私有性相关实体,领域实体,0.6600,"程序计数器:可以看作是当前线程所执行的字节码的行号指示器,用于存储当前线程正在执行的 Java 方法的 JVM 指令地址",用途关系,全文,JVM.txt,1,787,used_for,,0.7045,relation_taxonomy_normalization + direction_normalization + duplicate_merge,"used_for: score=0.705, conf=0.660, support=1, cues=用途,用于"
线程,used_for,动态链接,线程与私有性相关实体,栈与栈帧相关实体,0.6600,"栈帧创建:在调用一个方法前,JVM会在当前线程的Java虚拟机栈中为该方法分配一个新的栈帧,用于存储局部变量表、操作数栈、动态链接、方法出口等信息",用途关系,全文,JVM.txt,1,788,used_for,,0.7045,relation_taxonomy_normalization + direction_normalization + duplicate_merge,"used_for: score=0.705, conf=0.660, support=1, cues=用途,用于"
线程,used_for,局部变量表,线程与私有性相关实体,栈与栈帧相关实体,0.6980,"栈帧创建:在调用一个方法前,JVM会在当前线程的Java虚拟机栈中为该方法分配一个新的栈帧,用于存储局部变量表、操作数栈、动态链接、方法出口等信息",用途关系,全文,JVM.txt,1,707,used_for,,0.7281,relation_taxonomy_normalization + direction_normalization + duplicate_merge,"used_for: score=0.728, conf=0.698, support=1, cues=用途,用于"
线程,used_for,指令地址,线程与私有性相关实体,线程与私有性相关实体,0.6400,"程序计数器:可以看作是当前线程所执行的字节码的行号指示器,用于存储当前线程正在执行的 Java 方法的 JVM 指令地址",用途关系,全文,JVM.txt,1,803,used_for,,0.6921,relation_taxonomy_normalization + direction_normalization + duplicate_merge,"used_for: score=0.692, conf=0.640, support=1, cues=用途,用于"
线程,used_for,操作数栈,线程与私有性相关实体,栈与栈帧相关实体,0.6620,"栈帧创建:在调用一个方法前,JVM会在当前线程的Java虚拟机栈中为该方法分配一个新的栈帧,用于存储局部变量表、操作数栈、动态链接、方法出口等信息",用途关系,全文,JVM.txt,1,768,used_for,,0.7058,relation_taxonomy_normalization + direction_normalization + duplicate_merge,"used_for: score=0.706, conf=0.662, support=1, cues=用途,用于"
线程,used_for,数组,线程与私有性相关实体,对象与字符串相关实体,0.6600,"在JVM内存模型中,栈(Stack)主要用于管理线程的局部变量和方法调用的上下文,而堆(Heap)则是用于存储所有类的实例和数组",用途关系,全文,JVM.txt,1,744 | 789,is_a | used_for,is_a,0.7045,relation_taxonomy_normalization + direction_normalization + evidence_weighted_relation_voting,"used_for: score=0.705, conf=0.660, support=1, cues=用途,用于；is_a: score=0.683, conf=0.680, support=1, cues=上下位,!用于"
线程,used_for,方法出口,线程与私有性相关实体,栈与栈帧相关实体,0.6600,"栈帧创建:在调用一个方法前,JVM会在当前线程的Java虚拟机栈中为该方法分配一个新的栈帧,用于存储局部变量表、操作数栈、动态链接、方法出口等信息",用途关系,全文,JVM.txt,1,790,used_for,,0.7045,relation_taxonomy_normalization + direction_normalization + duplicate_merge,"used_for: score=0.705, conf=0.660, support=1, cues=用途,用于"
线程,used_for,浮动垃圾,线程与私有性相关实体,垃圾回收核心概念实体,0.6600,"CMS产生浮动垃圾过多时会退化为serial old,效率低,因为在上图的第四阶段,CMS清除垃圾时是并发清除的,这个时候,垃圾回收线程和用户线程同时工作会产生浮动垃圾,也就意味着CMS垃圾回收器必须预留一部分内存空间用于存放浮动垃圾",用途关系,使用ThreadLocal,JVM.txt,1,791,used_for,,0.7045,relation_taxonomy_normalization + direction_normalization + duplicate_merge,"used_for: score=0.705, conf=0.660, support=1, cues=用途,用于"
线程共享,used_for,对象实例,线程与私有性相关实体,对象与字符串相关实体,0.7700,"Java 堆:是 JVM 中最大的一块内存区域,被所有线程共享,在虚拟机启动时创建,用于存放对象实例",用途关系,全文,JVM.txt,1,545,used_for,,0.7727,relation_taxonomy_normalization + direction_normalization + duplicate_merge,"used_for: score=0.773, conf=0.770, support=1, cues=用途,用于"
老年代,causes,内存碎片,堆结构实体,场景与问题实体,0.7480,"这类对象直接分配在老年代,以避免因频繁的年轻代晋升而导致的内存碎片化问题",因果关系,全文,JVM.txt,1,603,causes,,0.7631,relation_taxonomy_normalization + direction_normalization + duplicate_merge,"causes: score=0.763, conf=0.748, support=1, cues=因果,导致"
老年代,is_a,G1,堆结构实体,垃圾回收器实体,0.7100,"此外,G1收集器不同于之前的收集器的一个重要特点是:G1回收的范围是整个Java堆(包括新生代,老年代),而前六种收集器回收的范围仅限于新生代或老年代",上位包含关系,使用ThreadLocal,JVM.txt,1,688,is_a,,0.5730,relation_taxonomy_normalization + direction_normalization + duplicate_merge,"is_a: score=0.573, conf=0.710, support=1, cues=!包含,!包括"
老年代,is_a,Java 堆,堆结构实体,内存区域实体,0.7880,"此外,G1收集器不同于之前的收集器的一个重要特点是:G1回收的范围是整个Java堆(包括新生代,老年代),而前六种收集器回收的范围仅限于新生代或老年代",上位包含关系,使用ThreadLocal,JVM.txt,1,513,is_a,,0.6214,relation_taxonomy_normalization + direction_normalization + duplicate_merge,"is_a: score=0.621, conf=0.788, support=1, cues=!包含,!包括"
虚引用也,is_a,PhantomReference,引用类型实体,引用类型实体,0.7400,"虚引用也被称作幻影引用,是最弱的引用关系,可以用PhantomReference来描述,他必须和ReferenceQueue一起使用,同样的当发生GC的时候,虚引用也会被回收",上下位关系,全文,JVM.txt,1,623,is_a,,0.7480,relation_taxonomy_normalization + direction_normalization + duplicate_merge,"is_a: score=0.748, conf=0.740, support=1, cues=上下位"
虚拟机栈,causes,栈溢出,内存区域实体,场景与问题实体,0.8020,"如果递归没有正确的终止条件,栈帧会不断累积,最终超过虚拟机栈的最大容量,导致栈溢出",因果关系,全文,JVM.txt,1,485,causes,,0.7966,relation_taxonomy_normalization + direction_normalization + duplicate_merge,"causes: score=0.797, conf=0.802, support=1, cues=因果,导致"
虚拟机栈,is_a,GC Roots,内存区域实体,垃圾回收核心概念实体,0.8000,GC Roots对象包括:虚拟机栈(栈帧中的本地变量表)中引用的对象、方法区中类静态属性引用的对象、本地方法栈中JNI(Java Native Interface)引用的对象、活跃线程的引用等,上位包含关系,使用ThreadLocal,JVM.txt,1,488,is_a,,0.6288,relation_taxonomy_normalization + direction_normalization + duplicate_merge,"is_a: score=0.629, conf=0.800, support=1, cues=!包含,!包括"
虚拟机栈,is_a,JVM,内存区域实体,领域实体,0.7760,"根据 JDK 8 规范,JVM 运行时内存共分为虚拟机栈、堆、元空间、程序计数器、本地方法栈五个部分",上位包含关系,全文,JVM.txt,1,537,is_a,,0.6416,relation_taxonomy_normalization + direction_normalization + duplicate_merge,"is_a: score=0.642, conf=0.776, support=1, cues=!包含"
解析,is_a,常量池,类加载过程实体,方法区与元数据相关实体,0.8380,解析:解析阶段是虚拟机将常量池的「符号引用」直接替换为「直接引用」的过程,上下位关系,使用ThreadLocal,JVM.txt,1,437,is_a,,0.8088,relation_taxonomy_normalization + direction_normalization + duplicate_merge,"is_a: score=0.809, conf=0.838, support=1, cues=上下位"
解析,is_a,直接引用,类加载过程实体,方法区与元数据相关实体,0.7420,解析:解析阶段是虚拟机将常量池的「符号引用」直接替换为「直接引用」的过程,上下位关系,使用ThreadLocal,JVM.txt,1,618,is_a,,0.7493,relation_taxonomy_normalization + direction_normalization + duplicate_merge,"is_a: score=0.749, conf=0.742, support=1, cues=上下位"
解析,is_a,符号引用,类加载过程实体,方法区与元数据相关实体,0.8080,解析:解析阶段是虚拟机将常量池的「符号引用」直接替换为「直接引用」的过程,上下位关系,使用ThreadLocal,JVM.txt,1,476,is_a,,0.7902,relation_taxonomy_normalization + direction_normalization + duplicate_merge,"is_a: score=0.790, conf=0.808, support=1, cues=上下位"
运行时常量池,has_part,常量池,内存区域实体,方法区与元数据相关实体,0.7500,"运行时常量池:存储着在类文件中的常量池数据,在类加载后在方法区生成该运行时常量池",枚举结构关系,全文,JVM.txt,1,596 | 764,has_part | is_a,is_a,0.7502,relation_taxonomy_normalization + direction_normalization + evidence_weighted_relation_voting,"has_part: score=0.750, conf=0.750, support=1, cues=枚举结构；is_a: score=0.547, conf=0.668, support=1, cues=!包含,!包括"
运行时常量池,has_part,方法区,内存区域实体,内存区域实体,0.7780,"运行时常量池:是方法区的一部分,用于存放编译期生成的各种字面量和符号引用,具有动态性,运行时也可将新的常量放入池中",枚举结构关系,全文,JVM.txt,1,535,has_part,,0.7561,relation_taxonomy_normalization + direction_normalization + duplicate_merge,"has_part: score=0.756, conf=0.778, support=1, cues=枚举结构,一部分,!用于"
运行时常量池,has_part,类加载,内存区域实体,领域实体,0.7080,"运行时常量池:存储着在类文件中的常量池数据,在类加载后在方法区生成该运行时常量池",枚举结构关系,全文,JVM.txt,1,692,has_part,,0.7242,relation_taxonomy_normalization + direction_normalization + duplicate_merge,"has_part: score=0.724, conf=0.708, support=1, cues=枚举结构"
运行时常量池,used_for,字面量,内存区域实体,对象与字符串相关实体,0.7280,"运行时常量池:是方法区的一部分,用于存放编译期生成的各种字面量和符号引用,具有动态性,运行时也可将新的常量放入池中",用途关系,全文,JVM.txt,1,604 | 641 | 748,is_a | used_for | has_part,is_a | has_part,0.7467,relation_taxonomy_normalization + direction_normalization + evidence_weighted_relation_voting,"used_for: score=0.747, conf=0.728, support=1, cues=用途,用于；is_a: score=0.725, conf=0.748, support=1, cues=上下位,!用于；has_part: score=0.694, conf=0.678, support=1, cues=枚举结构,一部分,!用于"
运行时常量池,used_for,常量,内存区域实体,方法区与元数据相关实体,0.6600,"运行时常量池:是方法区的一部分,用于存放编译期生成的各种字面量和符号引用,具有动态性,运行时也可将新的常量放入池中",用途关系,全文,JVM.txt,1,633 | 792,is_a | used_for,is_a,0.7045,relation_taxonomy_normalization + direction_normalization + evidence_weighted_relation_voting,"used_for: score=0.705, conf=0.660, support=1, cues=用途,用于；is_a: score=0.588, conf=0.734, support=1, cues=!包含,!包括"
运行时常量池,used_for,符号引用,内存区域实体,方法区与元数据相关实体,0.7040,"运行时常量池:是方法区的一部分,用于存放编译期生成的各种字面量和符号引用,具有动态性,运行时也可将新的常量放入池中",用途关系,全文,JVM.txt,1,649 | 696,is_a | used_for,is_a,0.7318,relation_taxonomy_normalization + direction_normalization + evidence_weighted_relation_voting,"used_for: score=0.732, conf=0.704, support=1, cues=用途,用于；is_a: score=0.711, conf=0.724, support=1, cues=上下位,!用于"
连接,causes,OutOfMemoryError,类加载过程实体,异常与错误实体,0.7180,"这些未正常关闭的连接,如果不进行处理,轻则影响程序性能,重则导致OutOfMemoryError异常发生",因果关系,未关闭的资源,JVM.txt,1,663,causes,,0.7445,relation_taxonomy_normalization + direction_normalization + duplicate_merge,"causes: score=0.744, conf=0.718, support=1, cues=因果,导致"
连接,has_part,准备,类加载过程实体,类加载过程实体,0.7660,连接:验证、准备、解析 3 个阶段统称为连接,枚举结构关系,使用ThreadLocal,JVM.txt,1,563,has_part,,0.7602,relation_taxonomy_normalization + direction_normalization + duplicate_merge,"has_part: score=0.760, conf=0.766, support=1, cues=枚举结构"
连接,has_part,解析,类加载过程实体,类加载过程实体,0.7480,连接:验证、准备、解析 3 个阶段统称为连接,枚举结构关系,使用ThreadLocal,JVM.txt,1,605,has_part,,0.7490,relation_taxonomy_normalization + direction_normalization + duplicate_merge,"has_part: score=0.749, conf=0.748, support=1, cues=枚举结构"
连接,has_part,验证,类加载过程实体,类加载过程实体,0.7840,连接:验证、准备、解析 3 个阶段统称为连接,枚举结构关系,使用ThreadLocal,JVM.txt,1,522,has_part,,0.7713,relation_taxonomy_normalization + direction_normalization + duplicate_merge,"has_part: score=0.771, conf=0.784, support=1, cues=枚举结构"
重定位阶段,causes,指针,垃圾回收算法实体,栈与栈帧相关实体,0.6500,"重定位阶段,因为转移导致对象的地址发生了变化,在重定位阶段,所有指向对象旧地址的指针都要调整到对象新的地址上",因果关系,使用ThreadLocal,JVM.txt,1,796,causes,,0.7023,relation_taxonomy_normalization + direction_normalization + duplicate_merge,"causes: score=0.702, conf=0.650, support=1, cues=因果,导致"
静态变量,has_part,类初始化,方法区与元数据相关实体,类加载过程实体,0.7200,"静态变量:存储类的静态变量,这些变量在类初始化的时候被赋值",枚举结构关系,全文,JVM.txt,1,655,has_part,,0.7316,relation_taxonomy_normalization + direction_normalization + duplicate_merge,"has_part: score=0.732, conf=0.720, support=1, cues=枚举结构"
静态集合,has_part,ArrayList,场景与问题实体,代码与容器实体,0.6960,"静态集合:使用静态数据结构(如HashMap或ArrayList)存储对象,且未清理",枚举结构关系,全文,JVM.txt,1,709,has_part,,0.7168,relation_taxonomy_normalization + direction_normalization + duplicate_merge,"has_part: score=0.717, conf=0.696, support=1, cues=枚举结构"
静态集合,has_part,HashMap,场景与问题实体,代码与容器实体,0.7440,"静态集合:使用静态数据结构(如HashMap或ArrayList)存储对象,且未清理",枚举结构关系,全文,JVM.txt,1,611,has_part,,0.7465,relation_taxonomy_normalization + direction_normalization + duplicate_merge,"has_part: score=0.747, conf=0.744, support=1, cues=枚举结构"
静态集合,has_part,使用,场景与问题实体,类加载过程实体,0.8040,"静态集合:使用静态数据结构(如HashMap或ArrayList)存储对象,且未清理",枚举结构关系,全文,JVM.txt,1,481,has_part,,0.7837,relation_taxonomy_normalization + direction_normalization + duplicate_merge,"has_part: score=0.784, conf=0.804, support=1, cues=枚举结构"
首先是加载阶段,is_a,JVM,类加载过程实体,领域实体,0.6800,"首先是加载阶段(Loading),它是 Java 将字节码数据从不同的数据源读取到 JVM 中,并映射为 JVM 认可的数据结构(Class 对象),这里的数据源可能是各种各样的形态,如 jar 文件、class 文件,甚至是网络数据源等",上下位关系,使用ThreadLocal,JVM.txt,1,745,is_a,,0.7108,relation_taxonomy_normalization + direction_normalization + duplicate_merge,"is_a: score=0.711, conf=0.680, support=1, cues=上下位"
验证,has_part,加载,类加载过程实体,类加载过程实体,0.5900,"验证:确保class文件中的字节流包含的信息,符合当前虚拟机的要求,保证这个被加载的class类的正确性,不会危害到虚拟机的安全",整体部分关系,使用ThreadLocal,JVM.txt,1,816,has_part,,0.6671,relation_taxonomy_normalization + direction_normalization + duplicate_merge,"has_part: score=0.667, conf=0.590, support=1, cues=整体部分,包含"
验证,is_a,JVM,类加载过程实体,领域实体,0.7120,"验证(Verification),这是虚拟机安全的重要保障,JVM 需要核验字节信息是符合 Java 虚拟机规范的,否则就被认为是 VerifyError,这样就防止了恶意信息或者不合规的信息危害 JVM 的运行,验证阶段有可能触发更多 class 的加载",上下位关系,使用ThreadLocal,JVM.txt,1,681,is_a,,0.7307,relation_taxonomy_normalization + direction_normalization + duplicate_merge,"is_a: score=0.731, conf=0.712, support=1, cues=上下位"
ARP,has_part,ARP 缓存,协议实体,机制与技术实体,0.7140,ARP 工作流程:广播请求、单播响应、ARP 缓存,枚举结构关系,补充高频面试考点,cn.txt,1,66,has_part,,0.7279,relation_taxonomy_normalization + direction_normalization + duplicate_merge,"has_part: score=0.728, conf=0.714, support=1, cues=枚举结构"
ARP,has_part,单播,协议实体,概念与特性实体,0.7440,ARP 工作流程:广播请求、单播响应、ARP 缓存,枚举结构关系,补充高频面试考点,cn.txt,1,49,has_part,,0.7465,relation_taxonomy_normalization + direction_normalization + duplicate_merge,"has_part: score=0.747, conf=0.744, support=1, cues=枚举结构"
ARP,has_part,广播,协议实体,概念与特性实体,0.7740,ARP 工作流程:广播请求、单播响应、ARP 缓存,枚举结构关系,补充高频面试考点,cn.txt,1,35,has_part,,0.7651,relation_taxonomy_normalization + direction_normalization + duplicate_merge,"has_part: score=0.765, conf=0.774, support=1, cues=枚举结构"
BGP,used_for,自治系统,协议实体,服务器与网络组件实体,0.7940,"BGP:边界网关协议,用于跨自治系统的路由交换",用途关系,5 常见路由协议,cn.txt,1,21,used_for,,0.7876,relation_taxonomy_normalization + direction_normalization + duplicate_merge,"used_for: score=0.788, conf=0.794, support=1, cues=用途,用于"
DHCP,has_part,TCP,协议实体,协议实体,0.7060,"DHCP:客户端无 IP,无法建立 TCP 连接,且需广播",枚举结构关系,2 协议选择原则,cn.txt,1,73,has_part,,0.7230,relation_taxonomy_normalization + direction_normalization + duplicate_merge,"has_part: score=0.723, conf=0.706, support=1, cues=枚举结构"
DHCP,has_part,客户端,协议实体,服务器与网络组件实体,0.8040,"DHCP:客户端无 IP,无法建立 TCP 连接,且需广播",枚举结构关系,2 协议选择原则,cn.txt,1,3,has_part,,0.7837,relation_taxonomy_normalization + direction_normalization + duplicate_merge,"has_part: score=0.784, conf=0.804, support=1, cues=枚举结构"
DHCP,has_part,广播,协议实体,概念与特性实体,0.6720,"DHCP:客户端无 IP,无法建立 TCP 连接,且需广播",枚举结构关系,2 协议选择原则,cn.txt,1,82,has_part,,0.7019,relation_taxonomy_normalization + direction_normalization + duplicate_merge,"has_part: score=0.702, conf=0.672, support=1, cues=枚举结构"
DNS,has_part,TCP,协议实体,协议实体,0.6460,"DNS:域名解析(默认 UDP,大包 / 区域传送用 TCP)",枚举结构关系,3 基于 TCP/UDP 的应用层协议,cn.txt,1,89,has_part,,0.6582,relation_taxonomy_normalization + direction_normalization + duplicate_merge,"has_part: score=0.658, conf=0.646, support=1, cues=枚举结构,!基于"
DNS,has_part,UDP,协议实体,协议实体,0.7360,"DNS:域名解析(默认 UDP,大包 / 区域传送用 TCP)",枚举结构关系,3 基于 TCP/UDP 的应用层协议,cn.txt,1,55,has_part,,0.7140,relation_taxonomy_normalization + direction_normalization + duplicate_merge,"has_part: score=0.714, conf=0.736, support=1, cues=枚举结构,!基于"
DNS,has_part,域名解析,协议实体,地址与标识实体,0.8040,"DNS:域名解析(默认 UDP,大包 / 区域传送用 TCP)",枚举结构关系,3 基于 TCP/UDP 的应用层协议,cn.txt,1,4,has_part,,0.7561,relation_taxonomy_normalization + direction_normalization + duplicate_merge,"has_part: score=0.756, conf=0.804, support=1, cues=枚举结构,!基于"
HTTP/2,has_part,TCP,协议实体,协议实体,0.7480,"HTTP/2:传输层阻塞,TCP 要求按序交付,单个丢包阻塞整个连接的所有流",枚举结构关系,1.3 HTTP 队头阻塞详解,cn.txt,1,47,has_part,,0.7490,relation_taxonomy_normalization + direction_normalization + duplicate_merge,"has_part: score=0.749, conf=0.748, support=1, cues=枚举结构"
HTTP/2,has_part,传输层,协议实体,层级结构实体,0.8040,"HTTP/2:传输层阻塞,TCP 要求按序交付,单个丢包阻塞整个连接的所有流",枚举结构关系,1.3 HTTP 队头阻塞详解,cn.txt,1,5,has_part,,0.7837,relation_taxonomy_normalization + direction_normalization + duplicate_merge,"has_part: score=0.784, conf=0.804, support=1, cues=枚举结构"
HTTP/3,depends_on,QUIC,协议实体,协议实体,0.8260,HTTP/3(基于 QUIC):新一代网页传输,依赖关系,3 基于 TCP/UDP 的应用层协议,cn.txt,1,1,depends_on,,0.8095,relation_taxonomy_normalization + direction_normalization + duplicate_merge,"depends_on: score=0.809, conf=0.826, support=1, cues=依赖,基于"
HTTPS,depends_on,SSL/TLS,协议实体,机制与技术实体,0.8460,"HTTPS 基于 SSL/TLS 加密,防窃听、篡改、冒充",依赖关系,1.2 HTTP 与 HTTPS 区别,cn.txt,1,0,depends_on,,0.8219,relation_taxonomy_normalization + direction_normalization + duplicate_merge,"depends_on: score=0.822, conf=0.846, support=1, cues=依赖,基于"
HTTPS,depends_on,加密,协议实体,概念与特性实体,0.7980,"HTTPS 基于 SSL/TLS 加密,防窃听、篡改、冒充",依赖关系,1.2 HTTP 与 HTTPS 区别,cn.txt,1,19,depends_on,,0.7921,relation_taxonomy_normalization + direction_normalization + duplicate_merge,"depends_on: score=0.792, conf=0.798, support=1, cues=依赖,基于"
Host,has_part,域名,报文字段与状态实体,地址与标识实体,0.7860,Host:服务器域名与端口,枚举结构关系,1.5 HTTP 常见请求头,cn.txt,1,29,has_part,,0.7726,relation_taxonomy_normalization + direction_normalization + duplicate_merge,"has_part: score=0.773, conf=0.786, support=1, cues=枚举结构"
Host,has_part,服务器,报文字段与状态实体,服务器与网络组件实体,0.8040,Host:服务器域名与端口,枚举结构关系,1.5 HTTP 常见请求头,cn.txt,1,6,has_part,,0.7837,relation_taxonomy_normalization + direction_normalization + duplicate_merge,"has_part: score=0.784, conf=0.804, support=1, cues=枚举结构"
Proxy Protocol,used_for,TCP,机制与技术实体,协议实体,0.8180,"传输层:TCP Options 字段、Proxy Protocol,适用于所有 TCP 协议,需双方改造",用途关系,2.2 获取客户端真实 IP,cn.txt,1,2,used_for,,0.8186,relation_taxonomy_normalization + direction_normalization + duplicate_merge,"used_for: score=0.819, conf=0.818, support=1, cues=用途,用于,适用于"
QUIC,has_part,RTT,协议实体,版本端口与数值实体,0.7500,QUIC 协议核心优势:0-RTT、连接迁移、流间无阻塞、内置加密,枚举结构关系,补充高频面试考点,cn.txt,1,45,has_part,,0.7502,relation_taxonomy_normalization + direction_normalization + duplicate_merge,"has_part: score=0.750, conf=0.750, support=1, cues=枚举结构"
QUIC,has_part,连接迁移,协议实体,机制与技术实体,0.7260,QUIC 协议核心优势:0-RTT、连接迁移、流间无阻塞、内置加密,枚举结构关系,补充高频面试考点,cn.txt,1,60,has_part,,0.7354,relation_taxonomy_normalization + direction_normalization + duplicate_merge,"has_part: score=0.735, conf=0.726, support=1, cues=枚举结构"
TCP,has_part,三次握手,协议实体,机制与技术实体,0.7320,"TCP:面向连接,传输前必须通过三次握手建立连接,传输后通过四次挥手释放连接",枚举结构关系,1 TCP 与 UDP 详细区别,cn.txt,1,57,has_part,,0.7391,relation_taxonomy_normalization + direction_normalization + duplicate_merge,"has_part: score=0.739, conf=0.732, support=1, cues=枚举结构"
TCP,has_part,可靠传输,协议实体,概念与特性实体,0.8040,"TCP:可靠传输,通过序列号、确认应答 ACK、超时重传、流量控制、拥塞控制,保证数据无差错、不丢失、不重复、按序到达",枚举结构关系,1 TCP 与 UDP 详细区别,cn.txt,1,7,has_part,,0.7837,relation_taxonomy_normalization + direction_normalization + duplicate_merge,"has_part: score=0.784, conf=0.804, support=1, cues=枚举结构"
TCP,has_part,字节流,协议实体,报文字段与状态实体,0.7200,"TCP:面向字节流,将数据视为无结构字节流,可拆分 / 合并数据",枚举结构关系,1 TCP 与 UDP 详细区别,cn.txt,1,62,has_part,,0.7316,relation_taxonomy_normalization + direction_normalization + duplicate_merge,"has_part: score=0.732, conf=0.720, support=1, cues=枚举结构"
TCP,has_part,序列号,协议实体,机制与技术实体,0.7620,"TCP:可靠传输,通过序列号、确认应答 ACK、超时重传、流量控制、拥塞控制,保证数据无差错、不丢失、不重复、按序到达",枚举结构关系,1 TCP 与 UDP 详细区别,cn.txt,1,39,has_part,,0.7577,relation_taxonomy_normalization + direction_normalization + duplicate_merge,"has_part: score=0.758, conf=0.762, support=1, cues=枚举结构"
TCP,has_part,有状态,协议实体,概念与特性实体,0.8040,"TCP:有状态,两端需维护连接状态(序列号、窗口大小、已发送 / 已确认数据等)",枚举结构关系,1 TCP 与 UDP 详细区别,cn.txt,1,8,has_part,,0.7837,relation_taxonomy_normalization + direction_normalization + duplicate_merge,"has_part: score=0.784, conf=0.804, support=1, cues=枚举结构"
TCP,has_part,确认应答 ACK,协议实体,机制与技术实体,0.7380,"TCP:可靠传输,通过序列号、确认应答 ACK、超时重传、流量控制、拥塞控制,保证数据无差错、不丢失、不重复、按序到达",枚举结构关系,1 TCP 与 UDP 详细区别,cn.txt,1,53,has_part,,0.7428,relation_taxonomy_normalization + direction_normalization + duplicate_merge,"has_part: score=0.743, conf=0.738, support=1, cues=枚举结构"
TCP,has_part,超时重传,协议实体,机制与技术实体,0.6840,"TCP:可靠传输,通过序列号、确认应答 ACK、超时重传、流量控制、拥塞控制,保证数据无差错、不丢失、不重复、按序到达",枚举结构关系,1 TCP 与 UDP 详细区别,cn.txt,1,78,has_part,,0.7093,relation_taxonomy_normalization + direction_normalization + duplicate_merge,"has_part: score=0.709, conf=0.684, support=1, cues=枚举结构"
TCP,has_part,面向字节流,协议实体,报文字段与状态实体,0.8040,"TCP:面向字节流,将数据视为无结构字节流,可拆分 / 合并数据",枚举结构关系,1 TCP 与 UDP 详细区别,cn.txt,1,9,has_part,,0.7837,relation_taxonomy_normalization + direction_normalization + duplicate_merge,"has_part: score=0.784, conf=0.804, support=1, cues=枚举结构"
TCP,has_part,面向连接,协议实体,概念与特性实体,0.8040,"TCP:面向连接,传输前必须通过三次握手建立连接,传输后通过四次挥手释放连接",枚举结构关系,1 TCP 与 UDP 详细区别,cn.txt,1,10,has_part,,0.7837,relation_taxonomy_normalization + direction_normalization + duplicate_merge,"has_part: score=0.784, conf=0.804, support=1, cues=枚举结构"
TCP Options,used_for,TCP,机制与技术实体,协议实体,0.7100,"传输层:TCP Options 字段、Proxy Protocol,适用于所有 TCP 协议,需双方改造",用途关系,2.2 获取客户端真实 IP,cn.txt,1,71,used_for,,0.7516,relation_taxonomy_normalization + direction_normalization + duplicate_merge,"used_for: score=0.752, conf=0.710, support=1, cues=用途,用于,适用于"
UDP,has_part,单播,协议实体,概念与特性实体,0.7920,UDP:支持单播、一对多多播、一对所有广播,枚举结构关系,1 TCP 与 UDP 详细区别,cn.txt,1,23,has_part,,0.7763,relation_taxonomy_normalization + direction_normalization + duplicate_merge,"has_part: score=0.776, conf=0.792, support=1, cues=枚举结构"
UDP,has_part,多播,协议实体,概念与特性实体,0.7560,UDP:支持单播、一对多多播、一对所有广播,枚举结构关系,1 TCP 与 UDP 详细区别,cn.txt,1,42,has_part,,0.7540,relation_taxonomy_normalization + direction_normalization + duplicate_merge,"has_part: score=0.754, conf=0.756, support=1, cues=枚举结构"
UDP,has_part,广播,协议实体,概念与特性实体,0.7140,UDP:支持单播、一对多多播、一对所有广播,枚举结构关系,1 TCP 与 UDP 详细区别,cn.txt,1,67,has_part,,0.7279,relation_taxonomy_normalization + direction_normalization + duplicate_merge,"has_part: score=0.728, conf=0.714, support=1, cues=枚举结构"
UDP,has_part,应用层,协议实体,层级结构实体,0.7620,"UDP:面向报文,保留应用层数据边界,不拆分、不合并数据块",枚举结构关系,1 TCP 与 UDP 详细区别,cn.txt,1,40,has_part,,0.7577,relation_taxonomy_normalization + direction_normalization + duplicate_merge,"has_part: score=0.758, conf=0.762, support=1, cues=枚举结构"
UDP,has_part,面向报文,协议实体,报文字段与状态实体,0.8040,"UDP:面向报文,保留应用层数据边界,不拆分、不合并数据块",枚举结构关系,1 TCP 与 UDP 详细区别,cn.txt,1,11,has_part,,0.7837,relation_taxonomy_normalization + direction_normalization + duplicate_merge,"has_part: score=0.784, conf=0.804, support=1, cues=枚举结构"
URL,is_a,URI,地址与标识实体,地址与标识实体,0.7940,"URL:统一资源定位符,是 URI 的子集,既标识又定位资源(指明访问路径)",上下位关系,3.1 URI 与 URL,cn.txt,1,22,is_a,,0.7815,relation_taxonomy_normalization + direction_normalization + duplicate_merge,"is_a: score=0.782, conf=0.794, support=1, cues=上下位"
X-Forwarded-For,used_for,HTTP,机制与技术实体,协议实体,0.7580,"应用层:X-Forwarded-For 请求头,简单但易伪造,仅适用于 HTTP/SMTP",用途关系,2.2 获取客户端真实 IP,cn.txt,1,41,used_for,,0.7975,relation_taxonomy_normalization + direction_normalization + duplicate_merge,"used_for: score=0.797, conf=0.758, support=1, cues=用途,用于,适用于,\bfor\b"
X-Forwarded-For,used_for,SMTP,机制与技术实体,协议实体,0.7280,"应用层:X-Forwarded-For 请求头,简单但易伪造,仅适用于 HTTP/SMTP",用途关系,2.2 获取客户端真实 IP,cn.txt,1,59,used_for,,0.7789,relation_taxonomy_normalization + direction_normalization + duplicate_merge,"used_for: score=0.779, conf=0.728, support=1, cues=用途,用于,适用于,\bfor\b"
传输层,has_part,OSI,层级结构实体,模型与体系结构实体,0.7920,"传输层:与 OSI 传输层一致,提供端到端传输服务",枚举结构关系,1.2 TCP/IP 四层模型(实际互联网主流模型),cn.txt,1,24,has_part,,0.7763,relation_taxonomy_normalization + direction_normalization + duplicate_merge,"has_part: score=0.776, conf=0.792, support=1, cues=枚举结构"
传输层,has_part,Proxy Protocol,层级结构实体,机制与技术实体,0.7140,"传输层:TCP Options 字段、Proxy Protocol,适用于所有 TCP 协议,需双方改造",枚举结构关系,2.2 获取客户端真实 IP,cn.txt,1,68,has_part,,0.6727,relation_taxonomy_normalization + direction_normalization + duplicate_merge,"has_part: score=0.673, conf=0.714, support=1, cues=枚举结构,!用于,!适用于"
传输层,has_part,SCTP,层级结构实体,协议实体,0.7560,传输层:TCP、UDP、SCTP,枚举结构关系,2 各层常见协议,cn.txt,1,43,has_part,,0.7540,relation_taxonomy_normalization + direction_normalization + duplicate_merge,"has_part: score=0.754, conf=0.756, support=1, cues=枚举结构"
传输层,has_part,TCP,层级结构实体,协议实体,0.8040,传输层:TCP、UDP、SCTP,枚举结构关系,2 各层常见协议,cn.txt,1,12 | 86,has_part | used_for,used_for,0.7837,relation_taxonomy_normalization + direction_normalization + evidence_weighted_relation_voting,"has_part: score=0.784, conf=0.804, support=1, cues=枚举结构；used_for: score=0.721, conf=0.660, support=1, cues=用途,用于,适用于"
传输层,has_part,TCP Options,层级结构实体,机制与技术实体,0.8040,"传输层:TCP Options 字段、Proxy Protocol,适用于所有 TCP 协议,需双方改造",枚举结构关系,2.2 获取客户端真实 IP,cn.txt,1,13,has_part,,0.7285,relation_taxonomy_normalization + direction_normalization + duplicate_merge,"has_part: score=0.729, conf=0.804, support=1, cues=枚举结构,!用于,!适用于"
传输层,has_part,UDP,层级结构实体,协议实体,0.7800,传输层:TCP、UDP、SCTP,枚举结构关系,2 各层常见协议,cn.txt,1,33,has_part,,0.7688,relation_taxonomy_normalization + direction_normalization + duplicate_merge,"has_part: score=0.769, conf=0.780, support=1, cues=枚举结构"
公网 IP,implemented_by,私有 IP,地址与标识实体,地址与标识实体,0.7500,"作用:将内网私有 IP映射为公网公有 IP,实现多设备共享一个公网 IP 上网",实现关系,2.3 NAT(网络地址转换),cn.txt,1,46,implemented_by,,0.7683,relation_taxonomy_normalization + direction_normalization + duplicate_merge,"implemented_by: score=0.768, conf=0.750, support=1, cues=实现关系,实现"
加密,is_a,表示层,概念与特性实体,层级结构实体,0.7460,"表示层:负责数据处理,包括编解码、加密解密、压缩解压缩,保证数据能被正确识别",上位包含关系,1.1 OSI 七层模型(国际标准化组织制定),cn.txt,1,48,is_a,,0.5954,relation_taxonomy_normalization + direction_normalization + duplicate_merge,"is_a: score=0.595, conf=0.746, support=1, cues=!包含,!包括"
四次挥手,has_part,ACK,机制与技术实体,报文字段与状态实体,0.7320,TCP 三次握手 / 四次挥手细节:报文标志位(SYN/ACK/FIN)、状态转换、超时处理、2MSL 等待原因,枚举结构关系,补充高频面试考点,cn.txt,1,58,has_part,,0.7391,relation_taxonomy_normalization + direction_normalization + duplicate_merge,"has_part: score=0.739, conf=0.732, support=1, cues=枚举结构"
四次挥手,has_part,FIN,机制与技术实体,报文字段与状态实体,0.7080,TCP 三次握手 / 四次挥手细节:报文标志位(SYN/ACK/FIN)、状态转换、超时处理、2MSL 等待原因,枚举结构关系,补充高频面试考点,cn.txt,1,72,has_part,,0.7242,relation_taxonomy_normalization + direction_normalization + duplicate_merge,"has_part: score=0.724, conf=0.708, support=1, cues=枚举结构"
四次挥手,has_part,SYN,机制与技术实体,报文字段与状态实体,0.7560,TCP 三次握手 / 四次挥手细节:报文标志位(SYN/ACK/FIN)、状态转换、超时处理、2MSL 等待原因,枚举结构关系,补充高频面试考点,cn.txt,1,44,has_part,,0.7540,relation_taxonomy_normalization + direction_normalization + duplicate_merge,"has_part: score=0.754, conf=0.756, support=1, cues=枚举结构"
四次挥手,has_part,报文,机制与技术实体,报文字段与状态实体,0.7920,TCP 三次握手 / 四次挥手细节:报文标志位(SYN/ACK/FIN)、状态转换、超时处理、2MSL 等待原因,枚举结构关系,补充高频面试考点,cn.txt,1,25,has_part,,0.7763,relation_taxonomy_normalization + direction_normalization + duplicate_merge,"has_part: score=0.776, conf=0.792, support=1, cues=枚举结构"
多路复用,has_part,TCP,机制与技术实体,协议实体,0.7920,"多路复用:单 TCP 连接并发传输多请求,解决应用层队头阻塞",枚举结构关系,1.1 HTTP 各版本演进,cn.txt,1,26,has_part,,0.7763,relation_taxonomy_normalization + direction_normalization + duplicate_merge,"has_part: score=0.776, conf=0.792, support=1, cues=枚举结构"
多路复用,has_part,应用层,机制与技术实体,层级结构实体,0.6960,"多路复用:单 TCP 连接并发传输多请求,解决应用层队头阻塞",枚举结构关系,1.1 HTTP 各版本演进,cn.txt,1,75,has_part,,0.7168,relation_taxonomy_normalization + direction_normalization + duplicate_merge,"has_part: score=0.717, conf=0.696, support=1, cues=枚举结构"
多路复用,has_part,队头阻塞,机制与技术实体,概念与特性实体,0.6780,"多路复用:单 TCP 连接并发传输多请求,解决应用层队头阻塞",枚举结构关系,1.1 HTTP 各版本演进,cn.txt,1,81,has_part,,0.7056,relation_taxonomy_normalization + direction_normalization + duplicate_merge,"has_part: score=0.706, conf=0.678, support=1, cues=枚举结构"
头部压缩,has_part,HPACK,机制与技术实体,机制与技术实体,0.7180,"头部压缩:QPACK 算法,比 HPACK 更高效",枚举结构关系,1.1 HTTP 各版本演进,cn.txt,1,65,has_part,,0.7304,relation_taxonomy_normalization + direction_normalization + duplicate_merge,"has_part: score=0.730, conf=0.718, support=1, cues=枚举结构"
头部压缩,has_part,QPACK,机制与技术实体,机制与技术实体,0.7840,"头部压缩:QPACK 算法,比 HPACK 更高效",枚举结构关系,1.1 HTTP 各版本演进,cn.txt,1,32,has_part,,0.7713,relation_taxonomy_normalization + direction_normalization + duplicate_merge,"has_part: score=0.771, conf=0.784, support=1, cues=枚举结构"
应用层,has_part,FTP,层级结构实体,协议实体,0.7380,应用层:HTTP、HTTPS、FTP、SMTP、POP3、IMAP、Telnet、SSH、DNS、RTP、RTCP、DHCP、SNMP、NTP,枚举结构关系,2 各层常见协议,cn.txt,1,54,has_part,,0.7428,relation_taxonomy_normalization + direction_normalization + duplicate_merge,"has_part: score=0.743, conf=0.738, support=1, cues=枚举结构"
应用层,has_part,HTTP,层级结构实体,协议实体,0.8040,应用层:HTTP、HTTPS、FTP、SMTP、POP3、IMAP、Telnet、SSH、DNS、RTP、RTCP、DHCP、SNMP、NTP,枚举结构关系,2 各层常见协议,cn.txt,1,14 | 85,has_part | used_for,used_for,0.7837,relation_taxonomy_normalization + direction_normalization + evidence_weighted_relation_voting,"has_part: score=0.784, conf=0.804, support=1, cues=枚举结构；used_for: score=0.738, conf=0.662, support=1, cues=用途,用于,适用于,\bfor\b"
应用层,has_part,HTTPS,层级结构实体,协议实体,0.7740,应用层:HTTP、HTTPS、FTP、SMTP、POP3、IMAP、Telnet、SSH、DNS、RTP、RTCP、DHCP、SNMP、NTP,枚举结构关系,2 各层常见协议,cn.txt,1,36,has_part,,0.7651,relation_taxonomy_normalization + direction_normalization + duplicate_merge,"has_part: score=0.765, conf=0.774, support=1, cues=枚举结构"
应用层,has_part,OSI,层级结构实体,模型与体系结构实体,0.7860,"应用层:对应 OSI 的应用层 + 表示层 + 会话层,实现具体的应用功能",枚举结构关系,1.2 TCP/IP 四层模型(实际互联网主流模型),cn.txt,1,30,has_part,,0.7726,relation_taxonomy_normalization + direction_normalization + duplicate_merge,"has_part: score=0.773, conf=0.786, support=1, cues=枚举结构"
应用层,has_part,POP3,层级结构实体,协议实体,0.6840,应用层:HTTP、HTTPS、FTP、SMTP、POP3、IMAP、Telnet、SSH、DNS、RTP、RTCP、DHCP、SNMP、NTP,枚举结构关系,2 各层常见协议,cn.txt,1,79,has_part,,0.7093,relation_taxonomy_normalization + direction_normalization + duplicate_merge,"has_part: score=0.709, conf=0.684, support=1, cues=枚举结构"
应用层,has_part,X-Forwarded-For,层级结构实体,机制与技术实体,0.8040,"应用层:X-Forwarded-For 请求头,简单但易伪造,仅适用于 HTTP/SMTP",枚举结构关系,2.2 获取客户端真实 IP,cn.txt,1,15,has_part,,0.7285,relation_taxonomy_normalization + direction_normalization + duplicate_merge,"has_part: score=0.729, conf=0.804, support=1, cues=枚举结构,!用于,!适用于"
应用层,has_part,会话层,层级结构实体,层级结构实体,0.6640,"应用层:对应 OSI 的应用层 + 表示层 + 会话层,实现具体的应用功能",枚举结构关系,1.2 TCP/IP 四层模型(实际互联网主流模型),cn.txt,1,84,has_part,,0.6969,relation_taxonomy_normalization + direction_normalization + duplicate_merge,"has_part: score=0.697, conf=0.664, support=1, cues=枚举结构"
应用层,has_part,表示层,层级结构实体,层级结构实体,0.7000,"应用层:对应 OSI 的应用层 + 表示层 + 会话层,实现具体的应用功能",枚举结构关系,1.2 TCP/IP 四层模型(实际互联网主流模型),cn.txt,1,74,has_part,,0.7192,relation_taxonomy_normalization + direction_normalization + duplicate_merge,"has_part: score=0.719, conf=0.700, support=1, cues=枚举结构"
应用层,used_for,SMTP,层级结构实体,协议实体,0.6600,"应用层:X-Forwarded-For 请求头,简单但易伪造,仅适用于 HTTP/SMTP",用途关系,2.2 获取客户端真实 IP,cn.txt,1,69 | 87,has_part | used_for,has_part,0.7367,relation_taxonomy_normalization + direction_normalization + evidence_weighted_relation_voting,"used_for: score=0.737, conf=0.660, support=1, cues=用途,用于,适用于,\bfor\b；has_part: score=0.728, conf=0.714, support=1, cues=枚举结构；low_margin=0.009"
故障排查,has_part,PING,场景与应用实体,工具与命令实体,0.8040,网络故障排查:PING 测连通性、tracert 测路由、nslookup 测 DNS、arp 查 MAC等,枚举结构关系,补充高频面试考点,cn.txt,1,16,has_part,,0.7837,relation_taxonomy_normalization + direction_normalization + duplicate_merge,"has_part: score=0.784, conf=0.804, support=1, cues=枚举结构"
故障排查,has_part,nslookup,场景与应用实体,工具与命令实体,0.6720,网络故障排查:PING 测连通性、tracert 测路由、nslookup 测 DNS、arp 查 MAC等,枚举结构关系,补充高频面试考点,cn.txt,1,83,has_part,,0.7019,relation_taxonomy_normalization + direction_normalization + duplicate_merge,"has_part: score=0.702, conf=0.672, support=1, cues=枚举结构"
故障排查,has_part,tracert,场景与应用实体,工具与命令实体,0.7440,网络故障排查:PING 测连通性、tracert 测路由、nslookup 测 DNS、arp 查 MAC等,枚举结构关系,补充高频面试考点,cn.txt,1,50,has_part,,0.7465,relation_taxonomy_normalization + direction_normalization + duplicate_merge,"has_part: score=0.747, conf=0.744, support=1, cues=枚举结构"
数据链路层,has_part,差错纠正,层级结构实体,机制与技术实体,0.7140,"数据链路层:将比特流封装成帧,负责帧编码、差错纠正、物理寻址(MAC 地址),控制相邻节点间的数据传输",枚举结构关系,1.1 OSI 七层模型(国际标准化组织制定),cn.txt,1,70,has_part,,0.7279,relation_taxonomy_normalization + direction_normalization + duplicate_merge,"has_part: score=0.728, conf=0.714, support=1, cues=枚举结构"
数据链路层,has_part,比特流,层级结构实体,报文字段与状态实体,0.7980,"数据链路层:将比特流封装成帧,负责帧编码、差错纠正、物理寻址(MAC 地址),控制相邻节点间的数据传输",枚举结构关系,1.1 OSI 七层模型(国际标准化组织制定),cn.txt,1,20,has_part,,0.7800,relation_taxonomy_normalization + direction_normalization + duplicate_merge,"has_part: score=0.780, conf=0.798, support=1, cues=枚举结构"
数据链路层,has_part,物理寻址,层级结构实体,机制与技术实体,0.6840,"数据链路层:将比特流封装成帧,负责帧编码、差错纠正、物理寻址(MAC 地址),控制相邻节点间的数据传输",枚举结构关系,1.1 OSI 七层模型(国际标准化组织制定),cn.txt,1,80,has_part,,0.7093,relation_taxonomy_normalization + direction_normalization + duplicate_merge,"has_part: score=0.709, conf=0.684, support=1, cues=枚举结构"
根 DNS 服务器,has_part,服务器,服务器与网络组件实体,服务器与网络组件实体,0.6580,"根 DNS 服务器:13 组 IP,对应全球 1700 + 台服务器,提供顶级域服务器 IP",枚举结构关系,5.2 DNS 服务器层级,cn.txt,1,88,has_part,,0.6932,relation_taxonomy_normalization + direction_normalization + duplicate_merge,"has_part: score=0.693, conf=0.658, support=1, cues=枚举结构"
缓存机制,has_part,If-Modified-Since,概念与特性实体,报文字段与状态实体,0.7680,缓存机制简陋:仅支持 If-Modified-Since、Expires,枚举结构关系,1.1 HTTP 各版本演进,cn.txt,1,38,has_part,,0.7614,relation_taxonomy_normalization + direction_normalization + duplicate_merge,"has_part: score=0.761, conf=0.768, support=1, cues=枚举结构"
网络层,has_part,ARP,层级结构实体,协议实体,0.7440,网络层:IPv4、IPv6、ARP、ICMP、IGMP、NAT、OSPF、RIP、BGP,枚举结构关系,2 各层常见协议,cn.txt,1,51,has_part,,0.7465,relation_taxonomy_normalization + direction_normalization + duplicate_merge,"has_part: score=0.747, conf=0.744, support=1, cues=枚举结构"
网络层,has_part,ICMP,层级结构实体,协议实体,0.7200,网络层:IPv4、IPv6、ARP、ICMP、IGMP、NAT、OSPF、RIP、BGP,枚举结构关系,2 各层常见协议,cn.txt,1,63,has_part,,0.7316,relation_taxonomy_normalization + direction_normalization + duplicate_merge,"has_part: score=0.732, conf=0.720, support=1, cues=枚举结构"
网络层,has_part,IGMP,层级结构实体,协议实体,0.6900,网络层:IPv4、IPv6、ARP、ICMP、IGMP、NAT、OSPF、RIP、BGP,枚举结构关系,2 各层常见协议,cn.txt,1,76,has_part,,0.7130,relation_taxonomy_normalization + direction_normalization + duplicate_merge,"has_part: score=0.713, conf=0.690, support=1, cues=枚举结构"
网络层,has_part,IPv4,层级结构实体,协议实体,0.8040,网络层:IPv4、IPv6、ARP、ICMP、IGMP、NAT、OSPF、RIP、BGP,枚举结构关系,2 各层常见协议,cn.txt,1,17,has_part,,0.7837,relation_taxonomy_normalization + direction_normalization + duplicate_merge,"has_part: score=0.784, conf=0.804, support=1, cues=枚举结构"
网络层,has_part,IPv6,层级结构实体,协议实体,0.7740,网络层:IPv4、IPv6、ARP、ICMP、IGMP、NAT、OSPF、RIP、BGP,枚举结构关系,2 各层常见协议,cn.txt,1,37,has_part,,0.7651,relation_taxonomy_normalization + direction_normalization + duplicate_merge,"has_part: score=0.765, conf=0.774, support=1, cues=枚举结构"
网络层,has_part,OSI,层级结构实体,模型与体系结构实体,0.7920,"网络层:与 OSI 网络层一致,负责路由寻址",枚举结构关系,1.2 TCP/IP 四层模型(实际互联网主流模型),cn.txt,1,27,has_part,,0.7763,relation_taxonomy_normalization + direction_normalization + duplicate_merge,"has_part: score=0.776, conf=0.792, support=1, cues=枚举结构"
网络层,has_part,路由与寻址,层级结构实体,机制与技术实体,0.7920,"网络层:负责路由与寻址,决定数据在网络中的传输路径,实现跨网络的数据包转发",枚举结构关系,1.1 OSI 七层模型(国际标准化组织制定),cn.txt,1,28,has_part,,0.7763,relation_taxonomy_normalization + direction_normalization + duplicate_merge,"has_part: score=0.776, conf=0.792, support=1, cues=枚举结构"
网络接口层,has_part,MAC 协议,层级结构实体,协议实体,0.7200,网络接口层:以太网、Wi-Fi、PPP、MAC 协议,枚举结构关系,2 各层常见协议,cn.txt,1,64,has_part,,0.7316,relation_taxonomy_normalization + direction_normalization + duplicate_merge,"has_part: score=0.732, conf=0.720, support=1, cues=枚举结构"
网络接口层,has_part,OSI,层级结构实体,模型与体系结构实体,0.7860,"网络接口层:对应 OSI 的数据链路层 + 物理层,负责物理传输与帧封装",枚举结构关系,1.2 TCP/IP 四层模型(实际互联网主流模型),cn.txt,1,31,has_part,,0.7726,relation_taxonomy_normalization + direction_normalization + duplicate_merge,"has_part: score=0.773, conf=0.786, support=1, cues=枚举结构"
网络接口层,has_part,PPP,层级结构实体,协议实体,0.7440,网络接口层:以太网、Wi-Fi、PPP、MAC 协议,枚举结构关系,2 各层常见协议,cn.txt,1,52,has_part,,0.7465,relation_taxonomy_normalization + direction_normalization + duplicate_merge,"has_part: score=0.747, conf=0.744, support=1, cues=枚举结构"
网络接口层,has_part,Wi-Fi,层级结构实体,协议实体,0.7800,网络接口层:以太网、Wi-Fi、PPP、MAC 协议,枚举结构关系,2 各层常见协议,cn.txt,1,34,has_part,,0.7688,relation_taxonomy_normalization + direction_normalization + duplicate_merge,"has_part: score=0.769, conf=0.780, support=1, cues=枚举结构"
网络接口层,has_part,以太网,层级结构实体,协议实体,0.8040,网络接口层:以太网、Wi-Fi、PPP、MAC 协议,枚举结构关系,2 各层常见协议,cn.txt,1,18,has_part,,0.7837,relation_taxonomy_normalization + direction_normalization + duplicate_merge,"has_part: score=0.784, conf=0.804, support=1, cues=枚举结构"
网络接口层,has_part,数据链路层,层级结构实体,层级结构实体,0.7360,"网络接口层:对应 OSI 的数据链路层 + 物理层,负责物理传输与帧封装",枚举结构关系,1.2 TCP/IP 四层模型(实际互联网主流模型),cn.txt,1,56,has_part,,0.7416,relation_taxonomy_normalization + direction_normalization + duplicate_merge,"has_part: score=0.742, conf=0.736, support=1, cues=枚举结构"
网络接口层,has_part,物理层,层级结构实体,层级结构实体,0.6880,"网络接口层:对应 OSI 的数据链路层 + 物理层,负责物理传输与帧封装",枚举结构关系,1.2 TCP/IP 四层模型(实际互联网主流模型),cn.txt,1,77,has_part,,0.7118,relation_taxonomy_normalization + direction_normalization + duplicate_merge,"has_part: score=0.712, conf=0.688, support=1, cues=枚举结构"
表示层,has_part,加密,层级结构实体,概念与特性实体,0.7260,"表示层:负责数据处理,包括编解码、加密解密、压缩解压缩,保证数据能被正确识别",整体部分关系,1.1 OSI 七层模型(国际标准化组织制定),cn.txt,1,61,has_part,,0.7515,relation_taxonomy_normalization + direction_normalization + duplicate_merge,"has_part: score=0.751, conf=0.726, support=1, cues=整体部分,包括"
FIFO,used_for,任务调度,性质与规则实体,应用场景实体,0.8000,"队列是一种先进先出(FIFO)的数据结构,常用于任务调度和缓冲区管理",用途关系,全文,data_structure.txt,1,121,used_for,,0.8074,relation_taxonomy_normalization + direction_normalization + duplicate_merge,"used_for: score=0.807, conf=0.800, support=1, cues=用途,用于,常用于"
FIFO,used_for,缓冲区管理,性质与规则实体,应用场景实体,0.7700,"队列是一种先进先出(FIFO)的数据结构,常用于任务调度和缓冲区管理",用途关系,全文,data_structure.txt,1,137,used_for,,0.7888,relation_taxonomy_normalization + direction_normalization + duplicate_merge,"used_for: score=0.789, conf=0.770, support=1, cues=用途,用于,常用于"
LIFO,used_for,函数调用,性质与规则实体,应用场景实体,0.8000,"栈是一种后进先出(LIFO)的数据结构,常用于函数调用和表达式求值",用途关系,全文,data_structure.txt,1,122,used_for,,0.8074,relation_taxonomy_normalization + direction_normalization + duplicate_merge,"used_for: score=0.807, conf=0.800, support=1, cues=用途,用于,常用于"
LIFO,used_for,表达式求值,性质与规则实体,应用场景实体,0.7700,"栈是一种后进先出(LIFO)的数据结构,常用于函数调用和表达式求值",用途关系,全文,data_structure.txt,1,138,used_for,,0.7888,relation_taxonomy_normalization + direction_normalization + duplicate_merge,"used_for: score=0.789, conf=0.770, support=1, cues=用途,用于,常用于"
一对一关系,has_part,数组,性质与规则实体,具体数据结构实体,0.7620,"线性结构是指数据元素之间存在一对一关系的结构,主要包括数组、链表、栈和队列",整体部分关系,全文,data_structure.txt,1,144,has_part,,0.7738,relation_taxonomy_normalization + direction_normalization + duplicate_merge,"has_part: score=0.774, conf=0.762, support=1, cues=整体部分,包括"
一对一关系,has_part,链表,性质与规则实体,具体数据结构实体,0.7440,"线性结构是指数据元素之间存在一对一关系的结构,主要包括数组、链表、栈和队列",整体部分关系,全文,data_structure.txt,1,157,has_part,,0.7626,relation_taxonomy_normalization + direction_normalization + duplicate_merge,"has_part: score=0.763, conf=0.744, support=1, cues=整体部分,包括"
一对一关系,has_part,队列,性质与规则实体,具体数据结构实体,0.7140,"线性结构是指数据元素之间存在一对一关系的结构,主要包括数组、链表、栈和队列",整体部分关系,全文,data_structure.txt,1,177,has_part,,0.7440,relation_taxonomy_normalization + direction_normalization + duplicate_merge,"has_part: score=0.744, conf=0.714, support=1, cues=整体部分,包括"
二叉树,is_a,节点,具体数据结构实体,存储与组成相关实体,0.8080,"二叉树是一种特殊的树结构,每个节点最多有两个子节点",上下位关系,全文,data_structure.txt,1,115,is_a,,0.8063,relation_taxonomy_normalization + direction_normalization + duplicate_merge,"is_a: score=0.806, conf=0.808, support=1, cues=上下位,是一种"
优先队列,implemented_by,广度优先搜索,具体数据结构实体,算法与操作实体,0.8540,"例如,栈用于括号匹配问题,队列用于广度优先搜索,堆用于实现优先队列,图用于建模网络关系,哈希表用于缓存系统",实现关系,全文,data_structure.txt,1,94,implemented_by,,0.8052,relation_taxonomy_normalization + direction_normalization + duplicate_merge,"implemented_by: score=0.805, conf=0.854, support=1, cues=实现关系,实现,!用于"
优先队列,implemented_by,队列,具体数据结构实体,具体数据结构实体,0.7860,"例如,栈用于括号匹配问题,队列用于广度优先搜索,堆用于实现优先队列,图用于建模网络关系,哈希表用于缓存系统",实现关系,全文,data_structure.txt,1,127,implemented_by,,0.7631,relation_taxonomy_normalization + direction_normalization + duplicate_merge,"implemented_by: score=0.763, conf=0.786, support=1, cues=实现关系,实现,!用于"
优先队列,is_a,完全二叉树,具体数据结构实体,性质与规则实体,0.7460,"堆是一种特殊的完全二叉树,分为最大堆和最小堆,常用于优先队列的实现",上位包含关系,全文,data_structure.txt,1,155,is_a,,0.6966,relation_taxonomy_normalization + direction_normalization + duplicate_merge,"is_a: score=0.697, conf=0.746, support=1, cues=是一种,!用于,!包含"
优先队列,used_for,哈希表,具体数据结构实体,具体数据结构实体,0.7740,"例如,栈用于括号匹配问题,队列用于广度优先搜索,堆用于实现优先队列,图用于建模网络关系,哈希表用于缓存系统",用途关系,全文,data_structure.txt,1,135,used_for,,0.7752,relation_taxonomy_normalization + direction_normalization + duplicate_merge,"used_for: score=0.775, conf=0.774, support=1, cues=用途,用于"
优先队列,used_for,建模网络关系,具体数据结构实体,应用场景实体,0.8360,"例如,栈用于括号匹配问题,队列用于广度优先搜索,堆用于实现优先队列,图用于建模网络关系,哈希表用于缓存系统",用途关系,全文,data_structure.txt,1,101,used_for,,0.8137,relation_taxonomy_normalization + direction_normalization + duplicate_merge,"used_for: score=0.814, conf=0.836, support=1, cues=用途,用于"
优先队列,used_for,缓存系统,具体数据结构实体,应用场景实体,0.7640,"例如,栈用于括号匹配问题,队列用于广度优先搜索,堆用于实现优先队列,图用于建模网络关系,哈希表用于缓存系统",用途关系,全文,data_structure.txt,1,143,used_for,,0.7690,relation_taxonomy_normalization + direction_normalization + duplicate_merge,"used_for: score=0.769, conf=0.764, support=1, cues=用途,用于"
先进先出,used_for,任务调度,性质与规则实体,应用场景实体,0.7700,"队列是一种先进先出(FIFO)的数据结构,常用于任务调度和缓冲区管理",用途关系,全文,data_structure.txt,1,139,used_for,,0.7888,relation_taxonomy_normalization + direction_normalization + duplicate_merge,"used_for: score=0.789, conf=0.770, support=1, cues=用途,用于,常用于"
先进先出,used_for,缓冲区管理,性质与规则实体,应用场景实体,0.7400,"队列是一种先进先出(FIFO)的数据结构,常用于任务调度和缓冲区管理",用途关系,全文,data_structure.txt,1,160,used_for,,0.7702,relation_taxonomy_normalization + direction_normalization + duplicate_merge,"used_for: score=0.770, conf=0.740, support=1, cues=用途,用于,常用于"
删除,is_a,节点,算法与操作实体,存储与组成相关实体,0.7280,"链表是一种链式存储结构,每个节点包含数据域和指针域,适合频繁插入和删除的场景",上位包含关系,全文,data_structure.txt,1,167,is_a,,0.7130,relation_taxonomy_normalization + direction_normalization + duplicate_merge,"is_a: score=0.713, conf=0.728, support=1, cues=是一种,!包含"
删除,is_a,链式存储结构,算法与操作实体,存储与组成相关实体,0.6980,"链表是一种链式存储结构,每个节点包含数据域和指针域,适合频繁插入和删除的场景",上位包含关系,全文,data_structure.txt,1,184,is_a,,0.6944,relation_taxonomy_normalization + direction_normalization + duplicate_merge,"is_a: score=0.694, conf=0.698, support=1, cues=是一种,!包含"
删除,is_a,链表,算法与操作实体,具体数据结构实体,0.6440,"链表是一种链式存储结构,每个节点包含数据域和指针域,适合频繁插入和删除的场景",上位包含关系,全文,data_structure.txt,1,205,is_a,,0.6609,relation_taxonomy_normalization + direction_normalization + duplicate_merge,"is_a: score=0.661, conf=0.644, support=1, cues=是一种,!包含"
后进先出,used_for,函数调用,性质与规则实体,应用场景实体,0.7700,"栈是一种后进先出(LIFO)的数据结构,常用于函数调用和表达式求值",用途关系,全文,data_structure.txt,1,140,used_for,,0.7888,relation_taxonomy_normalization + direction_normalization + duplicate_merge,"used_for: score=0.789, conf=0.770, support=1, cues=用途,用于,常用于"
后进先出,used_for,表达式求值,性质与规则实体,应用场景实体,0.7400,"栈是一种后进先出(LIFO)的数据结构,常用于函数调用和表达式求值",用途关系,全文,data_structure.txt,1,161,used_for,,0.7702,relation_taxonomy_normalization + direction_normalization + duplicate_merge,"used_for: score=0.770, conf=0.740, support=1, cues=用途,用于,常用于"
哈希冲突,has_part,开放寻址法,存储与组成相关实体,冲突处理方法实体,0.7320,"为了解决哈希冲突,常用的方法包括链地址法和开放寻址法",整体部分关系,全文,data_structure.txt,1,165,has_part,,0.7552,relation_taxonomy_normalization + direction_normalization + duplicate_merge,"has_part: score=0.755, conf=0.732, support=1, cues=整体部分,包括"
哈希冲突,has_part,链地址法,存储与组成相关实体,冲突处理方法实体,0.7620,"为了解决哈希冲突,常用的方法包括链地址法和开放寻址法",整体部分关系,全文,data_structure.txt,1,145,has_part,,0.7738,relation_taxonomy_normalization + direction_normalization + duplicate_merge,"has_part: score=0.774, conf=0.762, support=1, cues=整体部分,包括"
哈希函数,used_for,查找,存储与组成相关实体,算法与操作实体,0.7820,"哈希表是一种基于哈希函数的数据结构,用于实现高效的查找操作",用途关系,全文,data_structure.txt,1,131,used_for,,0.7526,relation_taxonomy_normalization + direction_normalization + duplicate_merge,"used_for: score=0.753, conf=0.782, support=1, cues=用途,用于,!基于"
哈希表,depends_on,哈希函数,具体数据结构实体,存储与组成相关实体,0.8400,"哈希表是一种基于哈希函数的数据结构,用于实现高效的查找操作",依赖关系,全文,data_structure.txt,1,95 | 99,is_a | depends_on,is_a,0.7905,relation_taxonomy_normalization + direction_normalization + evidence_weighted_relation_voting,"depends_on: score=0.791, conf=0.840, support=1, cues=依赖,基于,!用于；is_a: score=0.777, conf=0.850, support=1, cues=上下位,是一种,!用于,!基于；low_margin=0.013"
哈希表,depends_on,数据结构,具体数据结构实体,领域实体,0.8100,"哈希表是一种基于哈希函数的数据结构,用于实现高效的查找操作",依赖关系,全文,data_structure.txt,1,107 | 114,is_a | depends_on,is_a,0.7719,relation_taxonomy_normalization + direction_normalization + evidence_weighted_relation_voting,"depends_on: score=0.772, conf=0.810, support=1, cues=依赖,基于,!用于；is_a: score=0.759, conf=0.820, support=1, cues=上下位,是一种,!用于,!基于；low_margin=0.013"
哈希表,depends_on,查找,具体数据结构实体,算法与操作实体,0.7380,"哈希表是一种基于哈希函数的数据结构,用于实现高效的查找操作",依赖关系,全文,data_structure.txt,1,151 | 162 | 168,is_a | depends_on | used_for,used_for | is_a,0.7273,relation_taxonomy_normalization + direction_normalization + evidence_weighted_relation_voting,"depends_on: score=0.727, conf=0.738, support=1, cues=依赖,基于,!用于；used_for: score=0.719, conf=0.728, support=1, cues=用途,用于,!基于；is_a: score=0.714, conf=0.748, support=1, cues=上下位,是一种,!用于,!基于；low_margin=0.008"
哈希表,implemented_by,队列,具体数据结构实体,具体数据结构实体,0.6960,"例如,栈用于括号匹配问题,队列用于广度优先搜索,堆用于实现优先队列,图用于建模网络关系,哈希表用于缓存系统",实现关系,全文,data_structure.txt,1,186,implemented_by,,0.7073,relation_taxonomy_normalization + direction_normalization + duplicate_merge,"implemented_by: score=0.707, conf=0.696, support=1, cues=实现关系,实现,!用于"
哈希表,used_for,缓存系统,具体数据结构实体,应用场景实体,0.8480,"例如,栈用于括号匹配问题,队列用于广度优先搜索,堆用于实现优先队列,图用于建模网络关系,哈希表用于缓存系统",用途关系,全文,data_structure.txt,1,96,used_for,,0.8211,relation_taxonomy_normalization + direction_normalization + duplicate_merge,"used_for: score=0.821, conf=0.848, support=1, cues=用途,用于"
完全二叉树,used_for,优先队列,性质与规则实体,具体数据结构实体,0.7760,"堆是一种特殊的完全二叉树,分为最大堆和最小堆,常用于优先队列的实现",用途关系,全文,data_structure.txt,1,133,used_for,,0.7926,relation_taxonomy_normalization + direction_normalization + duplicate_merge,"used_for: score=0.793, conf=0.776, support=1, cues=用途,用于,常用于"
布隆过滤器,is_a,概率型数据结构,具体数据结构实体,性质与规则实体,0.8200,"布隆过滤器是一种空间效率较高的概率型数据结构,用于判断元素是否存在于集合中,但存在一定的误判率",上下位关系,全文,data_structure.txt,1,108,is_a,,0.7861,relation_taxonomy_normalization + direction_normalization + duplicate_merge,"is_a: score=0.786, conf=0.820, support=1, cues=上下位,是一种,!用于"
布隆过滤器,is_a,空间效率较高,具体数据结构实体,性质与规则实体,0.8620,"布隆过滤器是一种空间效率较高的概率型数据结构,用于判断元素是否存在于集合中,但存在一定的误判率",上下位关系,全文,data_structure.txt,1,90,is_a,,0.8122,relation_taxonomy_normalization + direction_normalization + duplicate_merge,"is_a: score=0.812, conf=0.862, support=1, cues=上下位,是一种,!用于"
布隆过滤器,used_for,误判率,具体数据结构实体,性质与规则实体,0.6600,"布隆过滤器是一种空间效率较高的概率型数据结构,用于判断元素是否存在于集合中,但存在一定的误判率",用途关系,全文,data_structure.txt,1,201,used_for,,0.7045,relation_taxonomy_normalization + direction_normalization + duplicate_merge,"used_for: score=0.705, conf=0.660, support=1, cues=用途,用于"
广度优先搜索,used_for,优先队列,算法与操作实体,具体数据结构实体,0.8240,"例如,栈用于括号匹配问题,队列用于广度优先搜索,堆用于实现优先队列,图用于建模网络关系,哈希表用于缓存系统",用途关系,全文,data_structure.txt,1,106,used_for,,0.8062,relation_taxonomy_normalization + direction_normalization + duplicate_merge,"used_for: score=0.806, conf=0.824, support=1, cues=用途,用于"
广度优先搜索,used_for,哈希表,算法与操作实体,具体数据结构实体,0.7340,"例如,栈用于括号匹配问题,队列用于广度优先搜索,堆用于实现优先队列,图用于建模网络关系,哈希表用于缓存系统",用途关系,全文,data_structure.txt,1,163,used_for,,0.7504,relation_taxonomy_normalization + direction_normalization + duplicate_merge,"used_for: score=0.750, conf=0.734, support=1, cues=用途,用于"
广度优先搜索,used_for,建模网络关系,算法与操作实体,应用场景实体,0.7760,"例如,栈用于括号匹配问题,队列用于广度优先搜索,堆用于实现优先队列,图用于建模网络关系,哈希表用于缓存系统",用途关系,全文,data_structure.txt,1,134,used_for,,0.7765,relation_taxonomy_normalization + direction_normalization + duplicate_merge,"used_for: score=0.776, conf=0.776, support=1, cues=用途,用于"
广度优先搜索,used_for,缓存系统,算法与操作实体,应用场景实体,0.7040,"例如,栈用于括号匹配问题,队列用于广度优先搜索,堆用于实现优先队列,图用于建模网络关系,哈希表用于缓存系统",用途关系,全文,data_structure.txt,1,183,used_for,,0.7318,relation_taxonomy_normalization + direction_normalization + duplicate_merge,"used_for: score=0.732, conf=0.704, support=1, cues=用途,用于"
建模网络关系,used_for,缓存系统,应用场景实体,应用场景实体,0.8040,"例如,栈用于括号匹配问题,队列用于广度优先搜索,堆用于实现优先队列,图用于建模网络关系,哈希表用于缓存系统",用途关系,全文,data_structure.txt,1,119,used_for,,0.7938,relation_taxonomy_normalization + direction_normalization + duplicate_merge,"used_for: score=0.794, conf=0.804, support=1, cues=用途,用于"
开放寻址法,is_a,哈希冲突,冲突处理方法实体,存储与组成相关实体,0.7520,"为了解决哈希冲突,常用的方法包括链地址法和开放寻址法",上位包含关系,全文,data_structure.txt,1,150,is_a,,0.5991,relation_taxonomy_normalization + direction_normalization + duplicate_merge,"is_a: score=0.599, conf=0.752, support=1, cues=!包含,!包括"
括号匹配问题,used_for,优先队列,应用场景实体,具体数据结构实体,0.7580,"例如,栈用于括号匹配问题,队列用于广度优先搜索,堆用于实现优先队列,图用于建模网络关系,哈希表用于缓存系统",用途关系,全文,data_structure.txt,1,147,used_for,,0.7653,relation_taxonomy_normalization + direction_normalization + duplicate_merge,"used_for: score=0.765, conf=0.758, support=1, cues=用途,用于"
括号匹配问题,used_for,哈希表,应用场景实体,具体数据结构实体,0.6680,"例如,栈用于括号匹配问题,队列用于广度优先搜索,堆用于实现优先队列,图用于建模网络关系,哈希表用于缓存系统",用途关系,全文,data_structure.txt,1,198,used_for,,0.7095,relation_taxonomy_normalization + direction_normalization + duplicate_merge,"used_for: score=0.709, conf=0.668, support=1, cues=用途,用于"
括号匹配问题,used_for,广度优先搜索,应用场景实体,算法与操作实体,0.8300,"例如,栈用于括号匹配问题,队列用于广度优先搜索,堆用于实现优先队列,图用于建模网络关系,哈希表用于缓存系统",用途关系,全文,data_structure.txt,1,105,used_for,,0.8099,relation_taxonomy_normalization + direction_normalization + duplicate_merge,"used_for: score=0.810, conf=0.830, support=1, cues=用途,用于"
括号匹配问题,used_for,建模网络关系,应用场景实体,应用场景实体,0.6900,"例如,栈用于括号匹配问题,队列用于广度优先搜索,堆用于实现优先队列,图用于建模网络关系,哈希表用于缓存系统",用途关系,全文,data_structure.txt,1,191,used_for,,0.7231,relation_taxonomy_normalization + direction_normalization + duplicate_merge,"used_for: score=0.723, conf=0.690, support=1, cues=用途,用于"
括号匹配问题,used_for,缓存系统,应用场景实体,应用场景实体,0.6400,"例如,栈用于括号匹配问题,队列用于广度优先搜索,堆用于实现优先队列,图用于建模网络关系,哈希表用于缓存系统",用途关系,全文,data_structure.txt,1,208,used_for,,0.6921,relation_taxonomy_normalization + direction_normalization + duplicate_merge,"used_for: score=0.692, conf=0.640, support=1, cues=用途,用于"
指针域,is_a,节点,存储与组成相关实体,存储与组成相关实体,0.7740,"链表是一种链式存储结构,每个节点包含数据域和指针域,适合频繁插入和删除的场景",上位包含关系,全文,data_structure.txt,1,136,is_a,,0.7415,relation_taxonomy_normalization + direction_normalization + duplicate_merge,"is_a: score=0.742, conf=0.774, support=1, cues=是一种,!包含"
指针域,is_a,链式存储结构,存储与组成相关实体,存储与组成相关实体,0.7440,"链表是一种链式存储结构,每个节点包含数据域和指针域,适合频繁插入和删除的场景",上位包含关系,全文,data_structure.txt,1,158,is_a,,0.7229,relation_taxonomy_normalization + direction_normalization + duplicate_merge,"is_a: score=0.723, conf=0.744, support=1, cues=是一种,!包含"
指针域,is_a,链表,存储与组成相关实体,具体数据结构实体,0.7100,"链表是一种链式存储结构,每个节点包含数据域和指针域,适合频繁插入和删除的场景",上位包含关系,全文,data_structure.txt,1,180,is_a,,0.7018,relation_taxonomy_normalization + direction_normalization + duplicate_merge,"is_a: score=0.702, conf=0.710, support=1, cues=是一种,!包含"
插入,is_a,节点,算法与操作实体,存储与组成相关实体,0.7460,"链表是一种链式存储结构,每个节点包含数据域和指针域,适合频繁插入和删除的场景",上位包含关系,全文,data_structure.txt,1,156,is_a,,0.7242,relation_taxonomy_normalization + direction_normalization + duplicate_merge,"is_a: score=0.724, conf=0.746, support=1, cues=是一种,!包含"
插入,is_a,链式存储结构,算法与操作实体,存储与组成相关实体,0.7160,"链表是一种链式存储结构,每个节点包含数据域和指针域,适合频繁插入和删除的场景",上位包含关系,全文,data_structure.txt,1,176,is_a,,0.7056,relation_taxonomy_normalization + direction_normalization + duplicate_merge,"is_a: score=0.706, conf=0.716, support=1, cues=是一种,!包含"
插入,is_a,链表,算法与操作实体,具体数据结构实体,0.6620,"链表是一种链式存储结构,每个节点包含数据域和指针域,适合频繁插入和删除的场景",上位包含关系,全文,data_structure.txt,1,200,is_a,,0.6721,relation_taxonomy_normalization + direction_normalization + duplicate_merge,"is_a: score=0.672, conf=0.662, support=1, cues=是一种,!包含"
数据域,is_a,链式存储结构,存储与组成相关实体,存储与组成相关实体,0.7680,"链表是一种链式存储结构,每个节点包含数据域和指针域,适合频繁插入和删除的场景",上位包含关系,全文,data_structure.txt,1,141,is_a,,0.7378,relation_taxonomy_normalization + direction_normalization + duplicate_merge,"is_a: score=0.738, conf=0.768, support=1, cues=是一种,!包含"
数据域,is_a,链表,存储与组成相关实体,具体数据结构实体,0.7340,"链表是一种链式存储结构,每个节点包含数据域和指针域,适合频繁插入和删除的场景",上位包含关系,全文,data_structure.txt,1,164,is_a,,0.7167,relation_taxonomy_normalization + direction_normalization + duplicate_merge,"is_a: score=0.717, conf=0.734, support=1, cues=是一种,!包含"
数据结构,has_part,非线性结构,领域实体,结构分类实体,0.7680,常见的数据结构包括线性结构和非线性结构两大类,整体部分关系,全文,data_structure.txt,1,142,has_part,,0.7775,relation_taxonomy_normalization + direction_normalization + duplicate_merge,"has_part: score=0.777, conf=0.768, support=1, cues=整体部分,包括"
数据结构,used_for,任务调度,领域实体,应用场景实体,0.8360,"队列是一种先进先出(FIFO)的数据结构,常用于任务调度和缓冲区管理",用途关系,全文,data_structure.txt,1,102,used_for,,0.8298,relation_taxonomy_normalization + direction_normalization + duplicate_merge,"used_for: score=0.830, conf=0.836, support=1, cues=用途,用于,常用于"
数据结构,used_for,函数调用,领域实体,应用场景实体,0.8360,"栈是一种后进先出(LIFO)的数据结构,常用于函数调用和表达式求值",用途关系,全文,data_structure.txt,1,103,used_for,,0.8298,relation_taxonomy_normalization + direction_normalization + duplicate_merge,"used_for: score=0.830, conf=0.836, support=1, cues=用途,用于,常用于"
数据结构,used_for,查找,领域实体,算法与操作实体,0.8120,"哈希表是一种基于哈希函数的数据结构,用于实现高效的查找操作",用途关系,全文,data_structure.txt,1,112,used_for,,0.7712,relation_taxonomy_normalization + direction_normalization + duplicate_merge,"used_for: score=0.771, conf=0.812, support=1, cues=用途,用于,!基于"
数据结构,used_for,缓冲区管理,领域实体,应用场景实体,0.8060,"队列是一种先进先出(FIFO)的数据结构,常用于任务调度和缓冲区管理",用途关系,全文,data_structure.txt,1,117,used_for,,0.8112,relation_taxonomy_normalization + direction_normalization + duplicate_merge,"used_for: score=0.811, conf=0.806, support=1, cues=用途,用于,常用于"
数据结构,used_for,表达式求值,领域实体,应用场景实体,0.8060,"栈是一种后进先出(LIFO)的数据结构,常用于函数调用和表达式求值",用途关系,全文,data_structure.txt,1,118,used_for,,0.8112,relation_taxonomy_normalization + direction_normalization + duplicate_merge,"used_for: score=0.811, conf=0.806, support=1, cues=用途,用于,常用于"
数组,is_a,删除,具体数据结构实体,算法与操作实体,0.7300,"数组是一种顺序存储结构,其特点是支持随机访问,但插入和删除操作效率较低",上下位关系,全文,data_structure.txt,1,166,is_a,,0.7579,relation_taxonomy_normalization + direction_normalization + duplicate_merge,"is_a: score=0.758, conf=0.730, support=1, cues=上下位,是一种"
数组,is_a,插入,具体数据结构实体,算法与操作实体,0.7480,"数组是一种顺序存储结构,其特点是支持随机访问,但插入和删除操作效率较低",上下位关系,全文,data_structure.txt,1,152,is_a,,0.7691,relation_taxonomy_normalization + direction_normalization + duplicate_merge,"is_a: score=0.769, conf=0.748, support=1, cues=上下位,是一种"
数组,is_a,线性结构,具体数据结构实体,结构分类实体,0.6920,"线性结构是指数据元素之间存在一对一关系的结构,主要包括数组、链表、栈和队列",上位包含关系,全文,data_structure.txt,1,190,is_a,,0.5619,relation_taxonomy_normalization + direction_normalization + duplicate_merge,"is_a: score=0.562, conf=0.692, support=1, cues=!包含,!包括"
数组,is_a,随机访问,具体数据结构实体,算法与操作实体,0.7840,"数组是一种顺序存储结构,其特点是支持随机访问,但插入和删除操作效率较低",上下位关系,全文,data_structure.txt,1,128,is_a,,0.7914,relation_taxonomy_normalization + direction_normalization + duplicate_merge,"is_a: score=0.791, conf=0.784, support=1, cues=上下位,是一种"
数组,is_a,顺序存储结构,具体数据结构实体,存储与组成相关实体,0.8620,"数组是一种顺序存储结构,其特点是支持随机访问,但插入和删除操作效率较低",上下位关系,全文,data_structure.txt,1,91,is_a,,0.8398,relation_taxonomy_normalization + direction_normalization + duplicate_merge,"is_a: score=0.840, conf=0.862, support=1, cues=上下位,是一种"
最大堆,is_a,完全二叉树,具体数据结构实体,性质与规则实体,0.8120,"堆是一种特殊的完全二叉树,分为最大堆和最小堆,常用于优先队列的实现",上位包含关系,全文,data_structure.txt,1,113,is_a,,0.7375,relation_taxonomy_normalization + direction_normalization + duplicate_merge,"is_a: score=0.737, conf=0.812, support=1, cues=是一种,!用于,!包含"
最大堆,used_for,优先队列,具体数据结构实体,具体数据结构实体,0.7920,"堆是一种特殊的完全二叉树,分为最大堆和最小堆,常用于优先队列的实现",用途关系,全文,data_structure.txt,1,124,used_for,,0.8025,relation_taxonomy_normalization + direction_normalization + duplicate_merge,"used_for: score=0.802, conf=0.792, support=1, cues=用途,用于,常用于"
最小堆,is_a,完全二叉树,具体数据结构实体,性质与规则实体,0.7880,"堆是一种特殊的完全二叉树,分为最大堆和最小堆,常用于优先队列的实现",上位包含关系,全文,data_structure.txt,1,125,is_a,,0.7226,relation_taxonomy_normalization + direction_normalization + duplicate_merge,"is_a: score=0.723, conf=0.788, support=1, cues=是一种,!用于,!包含"
最小堆,used_for,优先队列,具体数据结构实体,具体数据结构实体,0.8160,"堆是一种特殊的完全二叉树,分为最大堆和最小堆,常用于优先队列的实现",用途关系,全文,data_structure.txt,1,111,used_for,,0.8174,relation_taxonomy_normalization + direction_normalization + duplicate_merge,"used_for: score=0.817, conf=0.816, support=1, cues=用途,用于,常用于"
查找,implemented_by,数据结构,算法与操作实体,领域实体,0.8420,"哈希表是一种基于哈希函数的数据结构,用于实现高效的查找操作",实现关系,全文,data_structure.txt,1,98,implemented_by,,0.7702,relation_taxonomy_normalization + direction_normalization + duplicate_merge,"implemented_by: score=0.770, conf=0.842, support=1, cues=实现关系,实现,!用于,!基于"
概率型数据结构,used_for,误判率,性质与规则实体,性质与规则实体,0.7080,"布隆过滤器是一种空间效率较高的概率型数据结构,用于判断元素是否存在于集合中,但存在一定的误判率",用途关系,全文,data_structure.txt,1,169 | 181,is_a | used_for,is_a,0.7343,relation_taxonomy_normalization + direction_normalization + evidence_weighted_relation_voting,"used_for: score=0.734, conf=0.708, support=1, cues=用途,用于；is_a: score=0.729, conf=0.728, support=1, cues=上下位,是一种,!用于；low_margin=0.005"
空间效率较高,used_for,误判率,性质与规则实体,性质与规则实体,0.6600,"布隆过滤器是一种空间效率较高的概率型数据结构,用于判断元素是否存在于集合中,但存在一定的误判率",用途关系,全文,data_structure.txt,1,193 | 202,is_a | used_for,is_a,0.7045,relation_taxonomy_normalization + direction_normalization + evidence_weighted_relation_voting,"used_for: score=0.705, conf=0.660, support=1, cues=用途,用于；is_a: score=0.699, conf=0.680, support=1, cues=上下位,是一种,!用于；low_margin=0.005"
线性结构,is_a,一对一关系,结构分类实体,性质与规则实体,0.8200,"线性结构是指数据元素之间存在一对一关系的结构,主要包括数组、链表、栈和队列",上下位关系,全文,data_structure.txt,1,109,is_a,,0.7700,relation_taxonomy_normalization + direction_normalization + duplicate_merge,"is_a: score=0.770, conf=0.820, support=1, cues=上下位,!包括"
线性结构,is_a,数组,结构分类实体,具体数据结构实体,0.7420,"线性结构是指数据元素之间存在一对一关系的结构,主要包括数组、链表、栈和队列",上下位关系,全文,data_structure.txt,1,159 | 196,is_a | has_part,has_part,0.7217,relation_taxonomy_normalization + direction_normalization + evidence_weighted_relation_voting,"is_a: score=0.722, conf=0.742, support=1, cues=上下位,!包括；has_part: score=0.718, conf=0.672, support=1, cues=整体部分,包括；low_margin=0.004"
线性结构,is_a,链表,结构分类实体,具体数据结构实体,0.7240,"线性结构是指数据元素之间存在一对一关系的结构,主要包括数组、链表、栈和队列",上下位关系,全文,data_structure.txt,1,173 | 204,is_a | has_part,has_part,0.7105,relation_taxonomy_normalization + direction_normalization + evidence_weighted_relation_voting,"is_a: score=0.711, conf=0.724, support=1, cues=上下位,!包括；has_part: score=0.707, conf=0.654, support=1, cues=整体部分,包括；low_margin=0.004"
线性结构,is_a,队列,结构分类实体,具体数据结构实体,0.6940,"线性结构是指数据元素之间存在一对一关系的结构,主要包括数组、链表、栈和队列",上下位关系,全文,data_structure.txt,1,188 | 209,is_a | has_part,has_part,0.6919,relation_taxonomy_normalization + direction_normalization + evidence_weighted_relation_voting,"is_a: score=0.692, conf=0.694, support=1, cues=上下位,!包括；has_part: score=0.688, conf=0.624, support=1, cues=整体部分,包括；low_margin=0.004"
缓存系统,implemented_by,括号匹配问题,应用场景实体,应用场景实体,0.6700,"例如,栈用于括号匹配问题,队列用于广度优先搜索,堆用于实现优先队列,图用于建模网络关系,哈希表用于缓存系统",实现关系,全文,data_structure.txt,1,197,implemented_by,,0.6911,relation_taxonomy_normalization + direction_normalization + duplicate_merge,"implemented_by: score=0.691, conf=0.670, support=1, cues=实现关系,实现,!用于"
节点,has_part,删除,存储与组成相关实体,算法与操作实体,0.7080,"链表是一种链式存储结构,每个节点包含数据域和指针域,适合频繁插入和删除的场景",整体部分关系,全文,data_structure.txt,1,182,has_part,,0.7403,relation_taxonomy_normalization + direction_normalization + duplicate_merge,"has_part: score=0.740, conf=0.708, support=1, cues=整体部分,包含"
节点,has_part,指针域,存储与组成相关实体,存储与组成相关实体,0.7540,"链表是一种链式存储结构,每个节点包含数据域和指针域,适合频繁插入和删除的场景",整体部分关系,全文,data_structure.txt,1,149,has_part,,0.7688,relation_taxonomy_normalization + direction_normalization + duplicate_merge,"has_part: score=0.769, conf=0.754, support=1, cues=整体部分,包含"
节点,has_part,插入,存储与组成相关实体,算法与操作实体,0.7260,"链表是一种链式存储结构,每个节点包含数据域和指针域,适合频繁插入和删除的场景",整体部分关系,全文,data_structure.txt,1,172,has_part,,0.7515,relation_taxonomy_normalization + direction_normalization + duplicate_merge,"has_part: score=0.751, conf=0.726, support=1, cues=整体部分,包含"
链地址法,is_a,哈希冲突,冲突处理方法实体,存储与组成相关实体,0.7820,"为了解决哈希冲突,常用的方法包括链地址法和开放寻址法",上位包含关系,全文,data_structure.txt,1,132,is_a,,0.6177,relation_taxonomy_normalization + direction_normalization + duplicate_merge,"is_a: score=0.618, conf=0.782, support=1, cues=!包含,!包括"
链式存储结构,has_part,删除,存储与组成相关实体,算法与操作实体,0.6780,"链表是一种链式存储结构,每个节点包含数据域和指针域,适合频繁插入和删除的场景",整体部分关系,全文,data_structure.txt,1,194,has_part,,0.7217,relation_taxonomy_normalization + direction_normalization + duplicate_merge,"has_part: score=0.722, conf=0.678, support=1, cues=整体部分,包含"
链式存储结构,has_part,指针域,存储与组成相关实体,存储与组成相关实体,0.7240,"链表是一种链式存储结构,每个节点包含数据域和指针域,适合频繁插入和删除的场景",整体部分关系,全文,data_structure.txt,1,174,has_part,,0.7502,relation_taxonomy_normalization + direction_normalization + duplicate_merge,"has_part: score=0.750, conf=0.724, support=1, cues=整体部分,包含"
链式存储结构,has_part,插入,存储与组成相关实体,算法与操作实体,0.6960,"链表是一种链式存储结构,每个节点包含数据域和指针域,适合频繁插入和删除的场景",整体部分关系,全文,data_structure.txt,1,187,has_part,,0.7329,relation_taxonomy_normalization + direction_normalization + duplicate_merge,"has_part: score=0.733, conf=0.696, support=1, cues=整体部分,包含"
链式存储结构,has_part,数据域,存储与组成相关实体,存储与组成相关实体,0.7480,"链表是一种链式存储结构,每个节点包含数据域和指针域,适合频繁插入和删除的场景",整体部分关系,全文,data_structure.txt,1,153,has_part,,0.7651,relation_taxonomy_normalization + direction_normalization + duplicate_merge,"has_part: score=0.765, conf=0.748, support=1, cues=整体部分,包含"
链表,is_a,删除,具体数据结构实体,算法与操作实体,0.6940,"链表是一种链式存储结构,每个节点包含数据域和指针域,适合频繁插入和删除的场景",上下位关系,全文,data_structure.txt,1,189 | 210,is_a | has_part,has_part,0.7080,relation_taxonomy_normalization + direction_normalization + evidence_weighted_relation_voting,"is_a: score=0.708, conf=0.694, support=1, cues=上下位,是一种,!包含；has_part: score=0.688, conf=0.624, support=1, cues=整体部分,包含"
链表,is_a,指针域,具体数据结构实体,存储与组成相关实体,0.7600,"链表是一种链式存储结构,每个节点包含数据域和指针域,适合频繁插入和删除的场景",上下位关系,全文,data_structure.txt,1,146 | 192,is_a | has_part,has_part,0.7489,relation_taxonomy_normalization + direction_normalization + evidence_weighted_relation_voting,"is_a: score=0.749, conf=0.760, support=1, cues=上下位,是一种,!包含；has_part: score=0.729, conf=0.690, support=1, cues=整体部分,包含"
链表,is_a,插入,具体数据结构实体,算法与操作实体,0.7120,"链表是一种链式存储结构,每个节点包含数据域和指针域,适合频繁插入和删除的场景",上下位关系,全文,data_structure.txt,1,179 | 207,is_a | has_part,has_part,0.7192,relation_taxonomy_normalization + direction_normalization + evidence_weighted_relation_voting,"is_a: score=0.719, conf=0.712, support=1, cues=上下位,是一种,!包含；has_part: score=0.699, conf=0.642, support=1, cues=整体部分,包含"
链表,is_a,数据域,具体数据结构实体,存储与组成相关实体,0.7840,"链表是一种链式存储结构,每个节点包含数据域和指针域,适合频繁插入和删除的场景",上下位关系,全文,data_structure.txt,1,129 | 178,is_a | has_part,has_part,0.7638,relation_taxonomy_normalization + direction_normalization + evidence_weighted_relation_voting,"is_a: score=0.764, conf=0.784, support=1, cues=上下位,是一种,!包含；has_part: score=0.744, conf=0.714, support=1, cues=整体部分,包含"
链表,is_a,线性结构,具体数据结构实体,结构分类实体,0.6740,"线性结构是指数据元素之间存在一对一关系的结构,主要包括数组、链表、栈和队列",上位包含关系,全文,data_structure.txt,1,195,is_a,,0.5507,relation_taxonomy_normalization + direction_normalization + duplicate_merge,"is_a: score=0.551, conf=0.674, support=1, cues=!包含,!包括"
链表,is_a,节点,具体数据结构实体,存储与组成相关实体,0.8080,"链表是一种链式存储结构,每个节点包含数据域和指针域,适合频繁插入和删除的场景",上下位关系,全文,data_structure.txt,1,116,is_a,,0.7787,relation_taxonomy_normalization + direction_normalization + duplicate_merge,"is_a: score=0.779, conf=0.808, support=1, cues=上下位,是一种,!包含"
链表,is_a,链式存储结构,具体数据结构实体,存储与组成相关实体,0.8620,"链表是一种链式存储结构,每个节点包含数据域和指针域,适合频繁插入和删除的场景",上下位关系,全文,data_structure.txt,1,92,is_a,,0.8122,relation_taxonomy_normalization + direction_normalization + duplicate_merge,"is_a: score=0.812, conf=0.862, support=1, cues=上下位,是一种,!包含"
队列,is_a,FIFO,具体数据结构实体,性质与规则实体,0.8320,"队列是一种先进先出(FIFO)的数据结构,常用于任务调度和缓冲区管理",上下位关系,全文,data_structure.txt,1,104,is_a,,0.7936,relation_taxonomy_normalization + direction_normalization + duplicate_merge,"is_a: score=0.794, conf=0.832, support=1, cues=上下位,是一种,!用于"
队列,is_a,先进先出,具体数据结构实体,性质与规则实体,0.8620,"队列是一种先进先出(FIFO)的数据结构,常用于任务调度和缓冲区管理",上下位关系,全文,data_structure.txt,1,93,is_a,,0.8122,relation_taxonomy_normalization + direction_normalization + duplicate_merge,"is_a: score=0.812, conf=0.862, support=1, cues=上下位,是一种,!用于"
队列,is_a,数据结构,具体数据结构实体,领域实体,0.7960,"队列是一种先进先出(FIFO)的数据结构,常用于任务调度和缓冲区管理",上下位关系,全文,data_structure.txt,1,123,is_a,,0.7713,relation_taxonomy_normalization + direction_normalization + duplicate_merge,"is_a: score=0.771, conf=0.796, support=1, cues=上下位,是一种,!用于"
队列,is_a,线性结构,具体数据结构实体,结构分类实体,0.6440,"线性结构是指数据元素之间存在一对一关系的结构,主要包括数组、链表、栈和队列",上位包含关系,全文,data_structure.txt,1,206,is_a,,0.5321,relation_taxonomy_normalization + direction_normalization + duplicate_merge,"is_a: score=0.532, conf=0.644, support=1, cues=!包含,!包括"
队列,used_for,任务调度,具体数据结构实体,应用场景实体,0.7280,"队列是一种先进先出(FIFO)的数据结构,常用于任务调度和缓冲区管理",用途关系,全文,data_structure.txt,1,154 | 170,is_a | used_for,is_a,0.7628,relation_taxonomy_normalization + direction_normalization + evidence_weighted_relation_voting,"used_for: score=0.763, conf=0.728, support=1, cues=用途,用于,常用于；is_a: score=0.741, conf=0.748, support=1, cues=上下位,是一种,!用于"
队列,used_for,优先队列,具体数据结构实体,具体数据结构实体,0.7560,"例如,栈用于括号匹配问题,队列用于广度优先搜索,堆用于实现优先队列,图用于建模网络关系,哈希表用于缓存系统",用途关系,全文,data_structure.txt,1,148,used_for,,0.7641,relation_taxonomy_normalization + direction_normalization + duplicate_merge,"used_for: score=0.764, conf=0.756, support=1, cues=用途,用于"
队列,used_for,哈希表,具体数据结构实体,具体数据结构实体,0.6660,"例如,栈用于括号匹配问题,队列用于广度优先搜索,堆用于实现优先队列,图用于建模网络关系,哈希表用于缓存系统",用途关系,全文,data_structure.txt,1,199,used_for,,0.7083,relation_taxonomy_normalization + direction_normalization + duplicate_merge,"used_for: score=0.708, conf=0.666, support=1, cues=用途,用于"
队列,used_for,广度优先搜索,具体数据结构实体,算法与操作实体,0.8480,"例如,栈用于括号匹配问题,队列用于广度优先搜索,堆用于实现优先队列,图用于建模网络关系,哈希表用于缓存系统",用途关系,全文,data_structure.txt,1,97,used_for,,0.8211,relation_taxonomy_normalization + direction_normalization + duplicate_merge,"used_for: score=0.821, conf=0.848, support=1, cues=用途,用于"
队列,used_for,建模网络关系,具体数据结构实体,应用场景实体,0.7280,"例如,栈用于括号匹配问题,队列用于广度优先搜索,堆用于实现优先队列,图用于建模网络关系,哈希表用于缓存系统",用途关系,全文,data_structure.txt,1,171,used_for,,0.7467,relation_taxonomy_normalization + direction_normalization + duplicate_merge,"used_for: score=0.747, conf=0.728, support=1, cues=用途,用于"
队列,used_for,缓冲区管理,具体数据结构实体,应用场景实体,0.6980,"队列是一种先进先出(FIFO)的数据结构,常用于任务调度和缓冲区管理",用途关系,全文,data_structure.txt,1,175 | 185,is_a | used_for,is_a,0.7442,relation_taxonomy_normalization + direction_normalization + evidence_weighted_relation_voting,"used_for: score=0.744, conf=0.698, support=1, cues=用途,用于,常用于；is_a: score=0.723, conf=0.718, support=1, cues=上下位,是一种,!用于"
队列,used_for,缓存系统,具体数据结构实体,应用场景实体,0.6600,"例如,栈用于括号匹配问题,队列用于广度优先搜索,堆用于实现优先队列,图用于建模网络关系,哈希表用于缓存系统",用途关系,全文,data_structure.txt,1,203,used_for,,0.7045,relation_taxonomy_normalization + direction_normalization + duplicate_merge,"used_for: score=0.705, conf=0.660, support=1, cues=用途,用于"
非线性结构,is_a,一对多关系,结构分类实体,性质与规则实体,0.8200,"非线性结构是指数据元素之间存在一对多关系的结构,主要包括树和图",上下位关系,全文,data_structure.txt,1,110,is_a,,0.7700,relation_taxonomy_normalization + direction_normalization + duplicate_merge,"is_a: score=0.770, conf=0.820, support=1, cues=上下位,!包括"
非线性结构,is_a,数据结构,结构分类实体,领域实体,0.7880,常见的数据结构包括线性结构和非线性结构两大类,上位包含关系,全文,data_structure.txt,1,126,is_a,,0.6214,relation_taxonomy_normalization + direction_normalization + duplicate_merge,"is_a: score=0.621, conf=0.788, support=1, cues=!包含,!包括"
顺序存储结构,is_a,删除,存储与组成相关实体,算法与操作实体,0.7840,"数组是一种顺序存储结构,其特点是支持随机访问,但插入和删除操作效率较低",上下位关系,全文,data_structure.txt,1,130,is_a,,0.7914,relation_taxonomy_normalization + direction_normalization + duplicate_merge,"is_a: score=0.791, conf=0.784, support=1, cues=上下位,是一种"
顺序存储结构,is_a,插入,存储与组成相关实体,算法与操作实体,0.8020,"数组是一种顺序存储结构,其特点是支持随机访问,但插入和删除操作效率较低",上下位关系,全文,data_structure.txt,1,120,is_a,,0.8026,relation_taxonomy_normalization + direction_normalization + duplicate_merge,"is_a: score=0.803, conf=0.802, support=1, cues=上下位,是一种"
顺序存储结构,is_a,随机访问,存储与组成相关实体,算法与操作实体,0.8380,"数组是一种顺序存储结构,其特点是支持随机访问,但插入和删除操作效率较低",上下位关系,全文,data_structure.txt,1,100,is_a,,0.8249,relation_taxonomy_normalization + direction_normalization + duplicate_merge,"is_a: score=0.825, conf=0.838, support=1, cues=上下位,是一种"
Annotation,is_a,解析,注解实体,JVM 与内存管理实体,0.7180,"注解(Annotation)是一种元数据,不直接影响代码逻辑,但可以被工具或框架解析",上下位关系,注解,java.txt,1,328,is_a,,0.7505,relation_taxonomy_normalization + direction_normalization + duplicate_merge,"is_a: score=0.750, conf=0.718, support=1, cues=上下位,是一种"
ArrayList,implemented_by,List,集合框架实体,集合框架实体,0.8400,"List的实现类:ArrayList(数组结构,查询快增删慢)、LinkedList(链表结构,增删快查询慢)、Vector(线程安全,较少用)",实现关系,集合框架,java.txt,1,214,implemented_by,,0.8402,relation_taxonomy_normalization + direction_normalization + duplicate_merge,"implemented_by: score=0.840, conf=0.840, support=1, cues=实现关系,实现类,实现"
Callable,implemented_by,Runnable,线程与并发实体,线程与并发实体,0.8400,创建线程的方式:继承Thread类、实现Runnable接口、实现Callable接口(配合FutureTask),实现关系,线程与并发,java.txt,1,215,implemented_by,,0.8241,relation_taxonomy_normalization + direction_normalization + duplicate_merge,"implemented_by: score=0.824, conf=0.840, support=1, cues=实现关系,实现"
Callable,implemented_by,Thread,线程与并发实体,线程与并发实体,0.7680,创建线程的方式:继承Thread类、实现Runnable接口、实现Callable接口(配合FutureTask),实现关系,线程与并发,java.txt,1,263,implemented_by,,0.7795,relation_taxonomy_normalization + direction_normalization + duplicate_merge,"implemented_by: score=0.779, conf=0.768, support=1, cues=实现关系,实现"
Checked Exception,is_a,Exception,异常处理实体,异常处理实体,0.7920,"Exception分为:Checked Exception(编译时异常,必须处理)和Unchecked Exception(运行时异常,不强制处理)",上位包含关系,异常处理,java.txt,1,242,is_a,,0.6515,relation_taxonomy_normalization + direction_normalization + duplicate_merge,"is_a: score=0.651, conf=0.792, support=1, cues=!包含"
Class,is_a,实例,面向对象核心实体,面向对象核心实体,0.6860,"类(Class)和对象(Object)的关系:类是对象的模板,对象是类的实例",上下位关系,面向对象基础,java.txt,1,361,is_a,,0.7146,relation_taxonomy_normalization + direction_normalization + duplicate_merge,"is_a: score=0.715, conf=0.686, support=1, cues=上下位"
Class,is_a,对象,面向对象核心实体,面向对象核心实体,0.7520,"类(Class)和对象(Object)的关系:类是对象的模板,对象是类的实例",上下位关系,面向对象基础,java.txt,1,285,is_a,,0.7555,relation_taxonomy_normalization + direction_normalization + duplicate_merge,"is_a: score=0.755, conf=0.752, support=1, cues=上下位"
Error,is_a,Throwable,异常处理实体,异常处理实体,0.7500,"Throwable是顶级父类,下面分为Error(严重错误,不可处理)和Exception(可处理)",上位包含关系,异常处理,java.txt,1,288,is_a,,0.6254,relation_taxonomy_normalization + direction_normalization + duplicate_merge,"is_a: score=0.625, conf=0.750, support=1, cues=!包含"
Error,is_a,父类,异常处理实体,数据类型实体,0.8000,"Throwable是顶级父类,下面分为Error(严重错误,不可处理)和Exception(可处理)",上位包含关系,异常处理,java.txt,1,237,is_a,,0.6564,relation_taxonomy_normalization + direction_normalization + duplicate_merge,"is_a: score=0.656, conf=0.800, support=1, cues=!包含"
Exception,has_part,Checked Exception,异常处理实体,异常处理实体,0.7720,"Exception分为:Checked Exception(编译时异常,必须处理)和Unchecked Exception(运行时异常,不强制处理)",枚举结构关系,异常处理,java.txt,1,261,has_part,,0.7800,relation_taxonomy_normalization + direction_normalization + duplicate_merge,"has_part: score=0.780, conf=0.772, support=1, cues=枚举结构,分为"
Exception,is_a,Throwable,异常处理实体,异常处理实体,0.6480,"Throwable是顶级父类,下面分为Error(严重错误,不可处理)和Exception(可处理)",上位包含关系,异常处理,java.txt,1,392,is_a,,0.5622,relation_taxonomy_normalization + direction_normalization + duplicate_merge,"is_a: score=0.562, conf=0.648, support=1, cues=!包含"
Exception,is_a,父类,异常处理实体,数据类型实体,0.6980,"Throwable是顶级父类,下面分为Error(严重错误,不可处理)和Exception(可处理)",上位包含关系,异常处理,java.txt,1,347,is_a,,0.5932,relation_taxonomy_normalization + direction_normalization + duplicate_merge,"is_a: score=0.593, conf=0.698, support=1, cues=!包含"
FutureTask,implemented_by,Runnable,线程与并发实体,线程与并发实体,0.7620,创建线程的方式:继承Thread类、实现Runnable接口、实现Callable接口(配合FutureTask),实现关系,线程与并发,java.txt,1,271,implemented_by,,0.7758,relation_taxonomy_normalization + direction_normalization + duplicate_merge,"implemented_by: score=0.776, conf=0.762, support=1, cues=实现关系,实现"
FutureTask,implemented_by,Thread,线程与并发实体,线程与并发实体,0.6900,创建线程的方式:继承Thread类、实现Runnable接口、实现Callable接口(配合FutureTask),实现关系,线程与并发,java.txt,1,354,implemented_by,,0.7311,relation_taxonomy_normalization + direction_normalization + duplicate_merge,"implemented_by: score=0.731, conf=0.690, support=1, cues=实现关系,实现"
GC,has_part,分代收集,JVM 与内存管理实体,JVM 与内存管理实体,0.6160,"垃圾回收(GC):主要回收堆内存,算法包括标记-清除、复制、标记-整理、分代收集",整体部分关系,JVM基础,java.txt,1,398,has_part,,0.6833,relation_taxonomy_normalization + direction_normalization + duplicate_merge,"has_part: score=0.683, conf=0.616, support=1, cues=整体部分,包括"
GC,has_part,复制,JVM 与内存管理实体,JVM 与内存管理实体,0.6700,"垃圾回收(GC):主要回收堆内存,算法包括标记-清除、复制、标记-整理、分代收集",枚举结构关系,JVM基础,java.txt,1,376,has_part,,0.7167,relation_taxonomy_normalization + direction_normalization + duplicate_merge,"has_part: score=0.717, conf=0.670, support=1, cues=枚举结构,包括"
GC,has_part,标记-整理,JVM 与内存管理实体,JVM 与内存管理实体,0.6520,"垃圾回收(GC):主要回收堆内存,算法包括标记-清除、复制、标记-整理、分代收集",枚举结构关系,JVM基础,java.txt,1,385,has_part,,0.7056,relation_taxonomy_normalization + direction_normalization + duplicate_merge,"has_part: score=0.706, conf=0.652, support=1, cues=枚举结构,包括"
GC,has_part,标记-清除,JVM 与内存管理实体,JVM 与内存管理实体,0.7060,"垃圾回收(GC):主要回收堆内存,算法包括标记-清除、复制、标记-整理、分代收集",枚举结构关系,JVM基础,java.txt,1,338,has_part,,0.7391,relation_taxonomy_normalization + direction_normalization + duplicate_merge,"has_part: score=0.739, conf=0.706, support=1, cues=枚举结构,包括"
HashMap,depends_on,红黑树,集合框架实体,集合框架实体,0.6520,"Set的实现类:HashSet(无序,基于HashMap)、LinkedHashSet(有序)、TreeSet(排序,基于红黑树)",依赖关系,集合框架,java.txt,1,386,depends_on,,0.7016,relation_taxonomy_normalization + direction_normalization + duplicate_merge,"depends_on: score=0.702, conf=0.652, support=1, cues=依赖,基于"
HashMap,implemented_by,Map,集合框架实体,集合框架实体,0.8400,"Map的实现类:HashMap(无序,允许null键值)、Hashtable(线程安全,不允许null)、TreeMap(有序)、LinkedHashMap(保持插入顺序)",实现关系,集合框架,java.txt,1,216,implemented_by,,0.8402,relation_taxonomy_normalization + direction_normalization + duplicate_merge,"implemented_by: score=0.840, conf=0.840, support=1, cues=实现关系,实现类,实现"
HashMap,implemented_by,Set,集合框架实体,集合框架实体,0.7620,"Set的实现类:HashSet(无序,基于HashMap)、LinkedHashSet(有序)、TreeSet(排序,基于红黑树)",实现关系,集合框架,java.txt,1,272,implemented_by,,0.7643,relation_taxonomy_normalization + direction_normalization + duplicate_merge,"implemented_by: score=0.764, conf=0.762, support=1, cues=实现关系,实现类,实现,!基于"
HashSet,depends_on,HashMap,集合框架实体,集合框架实体,0.8140,"Set的实现类:HashSet(无序,基于HashMap)、LinkedHashSet(有序)、TreeSet(排序,基于红黑树)",依赖关系,集合框架,java.txt,1,225,depends_on,,0.8020,relation_taxonomy_normalization + direction_normalization + duplicate_merge,"depends_on: score=0.802, conf=0.814, support=1, cues=依赖,基于"
HashSet,depends_on,LinkedHashSet,集合框架实体,集合框架实体,0.7600,"Set的实现类:HashSet(无序,基于HashMap)、LinkedHashSet(有序)、TreeSet(排序,基于红黑树)",依赖关系,集合框架,java.txt,1,276,depends_on,,0.7685,relation_taxonomy_normalization + direction_normalization + duplicate_merge,"depends_on: score=0.769, conf=0.760, support=1, cues=依赖,基于"
HashSet,depends_on,TreeSet,集合框架实体,集合框架实体,0.6520,"Set的实现类:HashSet(无序,基于HashMap)、LinkedHashSet(有序)、TreeSet(排序,基于红黑树)",依赖关系,集合框架,java.txt,1,387,depends_on,,0.7016,relation_taxonomy_normalization + direction_normalization + duplicate_merge,"depends_on: score=0.702, conf=0.652, support=1, cues=依赖,基于"
HashSet,implemented_by,Set,集合框架实体,集合框架实体,0.8400,"Set的实现类:HashSet(无序,基于HashMap)、LinkedHashSet(有序)、TreeSet(排序,基于红黑树)",实现关系,集合框架,java.txt,1,217,implemented_by,,0.8126,relation_taxonomy_normalization + direction_normalization + duplicate_merge,"implemented_by: score=0.813, conf=0.840, support=1, cues=实现关系,实现类,实现,!基于"
Hashtable,implemented_by,Map,集合框架实体,集合框架实体,0.7140,"Map的实现类:HashMap(无序,允许null键值)、Hashtable(线程安全,不允许null)、TreeMap(有序)、LinkedHashMap(保持插入顺序)",实现关系,集合框架,java.txt,1,332,implemented_by,,0.7621,relation_taxonomy_normalization + direction_normalization + duplicate_merge,"implemented_by: score=0.762, conf=0.714, support=1, cues=实现关系,实现类,实现"
Java,is_a,final,领域实体,关键字与修饰符实体,0.6800,"接口:所有方法默认是public abstract(Java 8后可以有默认方法和静态方法),字段默认是public static final",上下位关系,抽象类与接口,java.txt,1,368,is_a,,0.7108,relation_taxonomy_normalization + direction_normalization + duplicate_merge,"is_a: score=0.711, conf=0.680, support=1, cues=上下位"
Java,is_a,public,领域实体,关键字与修饰符实体,0.7480,"接口:所有方法默认是public abstract(Java 8后可以有默认方法和静态方法),字段默认是public static final",上下位关系,抽象类与接口,java.txt,1,291,is_a,,0.7530,relation_taxonomy_normalization + direction_normalization + duplicate_merge,"is_a: score=0.753, conf=0.748, support=1, cues=上下位"
Java,is_a,static,领域实体,关键字与修饰符实体,0.7060,"接口:所有方法默认是public abstract(Java 8后可以有默认方法和静态方法),字段默认是public static final",上下位关系,抽象类与接口,java.txt,1,339,is_a,,0.7270,relation_taxonomy_normalization + direction_normalization + duplicate_merge,"is_a: score=0.727, conf=0.706, support=1, cues=上下位"
Java,is_a,父类,领域实体,数据类型实体,0.7900,"继承使用extends关键字,Java是单继承,一个类只能有一个直接父类",上下位关系,继承与多态,java.txt,1,245,is_a,,0.7790,relation_taxonomy_normalization + direction_normalization + duplicate_merge,"is_a: score=0.779, conf=0.790, support=1, cues=上下位"
LinkedHashSet,depends_on,红黑树,集合框架实体,集合框架实体,0.7420,"Set的实现类:HashSet(无序,基于HashMap)、LinkedHashSet(有序)、TreeSet(排序,基于红黑树)",依赖关系,集合框架,java.txt,1,298,depends_on,,0.7574,relation_taxonomy_normalization + direction_normalization + duplicate_merge,"depends_on: score=0.757, conf=0.742, support=1, cues=依赖,基于"
LinkedHashSet,implemented_by,Set,集合框架实体,集合框架实体,0.7080,"Set的实现类:HashSet(无序,基于HashMap)、LinkedHashSet(有序)、TreeSet(排序,基于红黑树)",实现关系,集合框架,java.txt,1,336,implemented_by,,0.7308,relation_taxonomy_normalization + direction_normalization + duplicate_merge,"implemented_by: score=0.731, conf=0.708, support=1, cues=实现关系,实现类,实现,!基于"
LinkedList,implemented_by,List,集合框架实体,集合框架实体,0.7020,"List的实现类:ArrayList(数组结构,查询快增删慢)、LinkedList(链表结构,增删快查询慢)、Vector(线程安全,较少用)",实现关系,集合框架,java.txt,1,341,implemented_by,,0.7547,relation_taxonomy_normalization + direction_normalization + duplicate_merge,"implemented_by: score=0.755, conf=0.702, support=1, cues=实现关系,实现类,实现"
List,has_part,ArrayList,集合框架实体,集合框架实体,0.7600,"List的实现类:ArrayList(数组结构,查询快增删慢)、LinkedList(链表结构,增删快查询慢)、Vector(线程安全,较少用)",枚举结构关系,集合框架,java.txt,1,277,has_part,,0.7564,relation_taxonomy_normalization + direction_normalization + duplicate_merge,"has_part: score=0.756, conf=0.760, support=1, cues=枚举结构"
List,has_part,数组,集合框架实体,数据类型实体,0.7200,"List的实现类:ArrayList(数组结构,查询快增删慢)、LinkedList(链表结构,增删快查询慢)、Vector(线程安全,较少用)",枚举结构关系,集合框架,java.txt,1,326,has_part,,0.7316,relation_taxonomy_normalization + direction_normalization + duplicate_merge,"has_part: score=0.732, conf=0.720, support=1, cues=枚举结构"
Map,has_part,HashMap,集合框架实体,集合框架实体,0.7600,"Map的实现类:HashMap(无序,允许null键值)、Hashtable(线程安全,不允许null)、TreeMap(有序)、LinkedHashMap(保持插入顺序)",枚举结构关系,集合框架,java.txt,1,278,has_part,,0.7564,relation_taxonomy_normalization + direction_normalization + duplicate_merge,"has_part: score=0.756, conf=0.760, support=1, cues=枚举结构"
Object,is_a,实例,面向对象核心实体,面向对象核心实体,0.7520,"类(Class)和对象(Object)的关系:类是对象的模板,对象是类的实例",上下位关系,面向对象基础,java.txt,1,286 | 365,is_a | has_part,has_part,0.7555,relation_taxonomy_normalization + direction_normalization + evidence_weighted_relation_voting,"is_a: score=0.755, conf=0.752, support=1, cues=上下位；has_part: score=0.708, conf=0.682, support=1, cues=枚举结构"
Object,is_a,对象,面向对象核心实体,面向对象核心实体,0.8180,"类(Class)和对象(Object)的关系:类是对象的模板,对象是类的实例",上下位关系,面向对象基础,java.txt,1,223 | 292,is_a | has_part,has_part,0.7964,relation_taxonomy_normalization + direction_normalization + evidence_weighted_relation_voting,"is_a: score=0.796, conf=0.818, support=1, cues=上下位；has_part: score=0.749, conf=0.748, support=1, cues=枚举结构"
Runnable,implemented_by,Thread,线程与并发实体,线程与并发实体,0.8460,创建线程的方式:继承Thread类、实现Runnable接口、实现Callable接口(配合FutureTask),实现关系,线程与并发,java.txt,1,212,implemented_by,,0.8279,relation_taxonomy_normalization + direction_normalization + duplicate_merge,"implemented_by: score=0.828, conf=0.846, support=1, cues=实现关系,实现"
Runnable,implemented_by,继承,线程与并发实体,面向对象核心实体,0.8300,创建线程的方式:继承Thread类、实现Runnable接口、实现Callable接口(配合FutureTask),实现关系,线程与并发,java.txt,1,219,implemented_by,,0.8179,relation_taxonomy_normalization + direction_normalization + duplicate_merge,"implemented_by: score=0.818, conf=0.830, support=1, cues=实现关系,实现"
Set,depends_on,HashMap,集合框架实体,集合框架实体,0.7420,"Set的实现类:HashSet(无序,基于HashMap)、LinkedHashSet(有序)、TreeSet(排序,基于红黑树)",依赖关系,集合框架,java.txt,1,299 | 366,depends_on | has_part,has_part,0.7574,relation_taxonomy_normalization + direction_normalization + evidence_weighted_relation_voting,"depends_on: score=0.757, conf=0.742, support=1, cues=依赖,基于；has_part: score=0.680, conf=0.682, support=1, cues=枚举结构,!基于"
Set,depends_on,LinkedHashSet,集合框架实体,集合框架实体,0.6880,"Set的实现类:HashSet(无序,基于HashMap)、LinkedHashSet(有序)、TreeSet(排序,基于红黑树)",依赖关系,集合框架,java.txt,1,358,depends_on,,0.7239,relation_taxonomy_normalization + direction_normalization + duplicate_merge,"depends_on: score=0.724, conf=0.688, support=1, cues=依赖,基于"
Set,has_part,HashSet,集合框架实体,集合框架实体,0.7600,"Set的实现类:HashSet(无序,基于HashMap)、LinkedHashSet(有序)、TreeSet(排序,基于红黑树)",枚举结构关系,集合框架,java.txt,1,279,has_part,,0.7288,relation_taxonomy_normalization + direction_normalization + duplicate_merge,"has_part: score=0.729, conf=0.760, support=1, cues=枚举结构,!基于"
String,is_a,immutable,数组与字符串实体,数组与字符串实体,0.8180,"String类是不可变的(immutable),任何修改都会产生新对象",上下位关系,字符串,java.txt,1,224,is_a,,0.7964,relation_taxonomy_normalization + direction_normalization + duplicate_merge,"is_a: score=0.796, conf=0.818, support=1, cues=上下位"
String,is_a,对象,数组与字符串实体,面向对象核心实体,0.7180,"String类是不可变的(immutable),任何修改都会产生新对象",上下位关系,字符串,java.txt,1,329,is_a,,0.7344,relation_taxonomy_normalization + direction_normalization + duplicate_merge,"is_a: score=0.734, conf=0.718, support=1, cues=上下位"
Throwable,is_a,Error,异常处理实体,异常处理实体,0.8000,"Throwable是顶级父类,下面分为Error(严重错误,不可处理)和Exception(可处理)",上下位关系,异常处理,java.txt,1,238,is_a,,0.7852,relation_taxonomy_normalization + direction_normalization + duplicate_merge,"is_a: score=0.785, conf=0.800, support=1, cues=上下位"
Throwable,is_a,Exception,异常处理实体,异常处理实体,0.6980,"Throwable是顶级父类,下面分为Error(严重错误,不可处理)和Exception(可处理)",上下位关系,异常处理,java.txt,1,348,is_a,,0.7220,relation_taxonomy_normalization + direction_normalization + duplicate_merge,"is_a: score=0.722, conf=0.698, support=1, cues=上下位"
Throwable,is_a,父类,异常处理实体,数据类型实体,0.8620,"Throwable是顶级父类,下面分为Error(严重错误,不可处理)和Exception(可处理)",上下位关系,异常处理,java.txt,1,211,is_a,,0.8237,relation_taxonomy_normalization + direction_normalization + duplicate_merge,"is_a: score=0.824, conf=0.862, support=1, cues=上下位"
TreeSet,depends_on,红黑树,集合框架实体,集合框架实体,0.8140,"Set的实现类:HashSet(无序,基于HashMap)、LinkedHashSet(有序)、TreeSet(排序,基于红黑树)",依赖关系,集合框架,java.txt,1,226,depends_on,,0.8020,relation_taxonomy_normalization + direction_normalization + duplicate_merge,"depends_on: score=0.802, conf=0.814, support=1, cues=依赖,基于"
Unchecked Exception,is_a,Exception,异常处理实体,异常处理实体,0.6120,"Exception分为:Checked Exception(编译时异常,必须处理)和Unchecked Exception(运行时异常,不强制处理)",上位包含关系,异常处理,java.txt,1,400,is_a,,0.5399,relation_taxonomy_normalization + direction_normalization + duplicate_merge,"is_a: score=0.540, conf=0.612, support=1, cues=!包含"
abstract,has_part,具体方法,关键字与修饰符实体,抽象类与接口实体,0.7380,"抽象类:使用abstract修饰,可以包含抽象方法和具体方法,不能实例化",整体部分关系,抽象类与接口,java.txt,1,304,has_part,,0.7589,relation_taxonomy_normalization + direction_normalization + duplicate_merge,"has_part: score=0.759, conf=0.738, support=1, cues=整体部分,包含"
abstract,has_part,实例,关键字与修饰符实体,面向对象核心实体,0.6960,"抽象类:使用abstract修饰,可以包含抽象方法和具体方法,不能实例化",整体部分关系,抽象类与接口,java.txt,1,350,has_part,,0.7329,relation_taxonomy_normalization + direction_normalization + duplicate_merge,"has_part: score=0.733, conf=0.696, support=1, cues=整体部分,包含"
abstract,has_part,抽象方法,关键字与修饰符实体,抽象类与接口实体,0.7680,"抽象类:使用abstract修饰,可以包含抽象方法和具体方法,不能实例化",整体部分关系,抽象类与接口,java.txt,1,264,has_part,,0.7775,relation_taxonomy_normalization + direction_normalization + duplicate_merge,"has_part: score=0.777, conf=0.768, support=1, cues=整体部分,包含"
abstract,is_a,public,关键字与修饰符实体,关键字与修饰符实体,0.6980,"接口:所有方法默认是public abstract(Java 8后可以有默认方法和静态方法),字段默认是public static final",上下位关系,抽象类与接口,java.txt,1,349,is_a,,0.7220,relation_taxonomy_normalization + direction_normalization + duplicate_merge,"is_a: score=0.722, conf=0.698, support=1, cues=上下位"
abstract,is_a,static,关键字与修饰符实体,关键字与修饰符实体,0.6600,"接口:所有方法默认是public abstract(Java 8后可以有默认方法和静态方法),字段默认是public static final",上下位关系,抽象类与接口,java.txt,1,380,is_a,,0.6984,relation_taxonomy_normalization + direction_normalization + duplicate_merge,"is_a: score=0.698, conf=0.660, support=1, cues=上下位"
boolean,is_a,基本数据类型,数据类型实体,数据类型实体,0.6100,基本数据类型包括:byte、short、int、long、float、double、char、boolean,上位包含关系,数据类型,java.txt,1,401,is_a,,0.5110,relation_taxonomy_normalization + direction_normalization + duplicate_merge,"is_a: score=0.511, conf=0.610, support=1, cues=!包含,!包括"
byte,is_a,基本数据类型,数据类型实体,数据类型实体,0.7920,基本数据类型包括:byte、short、int、long、float、double、char、boolean,上位包含关系,数据类型,java.txt,1,243,is_a,,0.6239,relation_taxonomy_normalization + direction_normalization + duplicate_merge,"is_a: score=0.624, conf=0.792, support=1, cues=!包含,!包括"
char,is_a,基本数据类型,数据类型实体,数据类型实体,0.6100,基本数据类型包括:byte、short、int、long、float、double、char、boolean,上位包含关系,数据类型,java.txt,1,402,is_a,,0.5110,relation_taxonomy_normalization + direction_normalization + duplicate_merge,"is_a: score=0.511, conf=0.610, support=1, cues=!包含,!包括"
double,is_a,基本数据类型,数据类型实体,数据类型实体,0.6360,基本数据类型包括:byte、short、int、long、float、double、char、boolean,上位包含关系,数据类型,java.txt,1,393,is_a,,0.5272,relation_taxonomy_normalization + direction_normalization + duplicate_merge,"is_a: score=0.527, conf=0.636, support=1, cues=!包含,!包括"
extends,is_a,单继承,关键字与修饰符实体,面向对象核心实体,0.8260,"继承使用extends关键字,Java是单继承,一个类只能有一个直接父类",上下位关系,继承与多态,java.txt,1,220,is_a,,0.8014,relation_taxonomy_normalization + direction_normalization + duplicate_merge,"is_a: score=0.801, conf=0.826, support=1, cues=上下位"
extends,is_a,父类,关键字与修饰符实体,数据类型实体,0.7420,"继承使用extends关键字,Java是单继承,一个类只能有一个直接父类",上下位关系,继承与多态,java.txt,1,300,is_a,,0.7493,relation_taxonomy_normalization + direction_normalization + duplicate_merge,"is_a: score=0.749, conf=0.742, support=1, cues=上下位"
finally,used_for,JVM退出,异常处理实体,异常处理实体,0.6900,"finally块通常用于释放资源,无论是否发生异常都会执行(除非JVM退出)",用途关系,异常处理,java.txt,1,335 | 355,is_a | used_for,is_a,0.7392,relation_taxonomy_normalization + direction_normalization + evidence_weighted_relation_voting,"used_for: score=0.739, conf=0.690, support=1, cues=用途,用于,常用于；is_a: score=0.702, conf=0.710, support=1, cues=上下位,!用于"
float,is_a,基本数据类型,数据类型实体,数据类型实体,0.6720,基本数据类型包括:byte、short、int、long、float、double、char、boolean,上位包含关系,数据类型,java.txt,1,370,is_a,,0.5495,relation_taxonomy_normalization + direction_normalization + duplicate_merge,"is_a: score=0.549, conf=0.672, support=1, cues=!包含,!包括"
implements,implemented_by,interface,关键字与修饰符实体,关键字与修饰符实体,0.7740,"接口使用interface关键字,一个类可以实现多个接口(implements)",实现关系,继承与多态,java.txt,1,259,implemented_by,,0.7993,relation_taxonomy_normalization + direction_normalization + duplicate_merge,"implemented_by: score=0.799, conf=0.774, support=1, cues=实现关系,实现,\bimplements\b"
int,is_a,基本数据类型,数据类型实体,数据类型实体,0.7260,基本数据类型包括:byte、short、int、long、float、double、char、boolean,上位包含关系,数据类型,java.txt,1,319,is_a,,0.5830,relation_taxonomy_normalization + direction_normalization + duplicate_merge,"is_a: score=0.583, conf=0.726, support=1, cues=!包含,!包括"
long,is_a,基本数据类型,数据类型实体,数据类型实体,0.7020,基本数据类型包括:byte、short、int、long、float、double、char、boolean,上位包含关系,数据类型,java.txt,1,342,is_a,,0.5681,relation_taxonomy_normalization + direction_normalization + duplicate_merge,"is_a: score=0.568, conf=0.702, support=1, cues=!包含,!包括"
short,is_a,基本数据类型,数据类型实体,数据类型实体,0.7620,基本数据类型包括:byte、short、int、long、float、double、char、boolean,上位包含关系,数据类型,java.txt,1,273,is_a,,0.6053,relation_taxonomy_normalization + direction_normalization + duplicate_merge,"is_a: score=0.605, conf=0.762, support=1, cues=!包含,!包括"
synchronized,has_part,互斥锁,线程与并发实体,线程与并发实体,0.6580,"synchronized关键字:修饰实例方法、静态方法、代码块,实现互斥锁",枚举结构关系,线程与并发,java.txt,1,382,has_part,,0.6932,relation_taxonomy_normalization + direction_normalization + duplicate_merge,"has_part: score=0.693, conf=0.658, support=1, cues=枚举结构"
synchronized,has_part,实例,线程与并发实体,面向对象核心实体,0.7740,"synchronized关键字:修饰实例方法、静态方法、代码块,实现互斥锁",枚举结构关系,线程与并发,java.txt,1,260,has_part,,0.7651,relation_taxonomy_normalization + direction_normalization + duplicate_merge,"has_part: score=0.765, conf=0.774, support=1, cues=枚举结构"
synchronized,has_part,静态方法,线程与并发实体,抽象类与接口实体,0.7440,"synchronized关键字:修饰实例方法、静态方法、代码块,实现互斥锁",枚举结构关系,线程与并发,java.txt,1,295,has_part,,0.7465,relation_taxonomy_normalization + direction_normalization + duplicate_merge,"has_part: score=0.747, conf=0.744, support=1, cues=枚举结构"
volatile,has_part,原子性,线程与并发实体,线程与并发实体,0.6580,"volatile关键字:保证可见性,禁止指令重排序,但不保证原子性",枚举结构关系,线程与并发,java.txt,1,383,has_part,,0.6932,relation_taxonomy_normalization + direction_normalization + duplicate_merge,"has_part: score=0.693, conf=0.658, support=1, cues=枚举结构"
volatile,has_part,可见性,线程与并发实体,线程与并发实体,0.7540,"volatile关键字:保证可见性,禁止指令重排序,但不保证原子性",枚举结构关系,线程与并发,java.txt,1,284,has_part,,0.7527,relation_taxonomy_normalization + direction_normalization + duplicate_merge,"has_part: score=0.753, conf=0.754, support=1, cues=枚举结构"
volatile,has_part,指令重排序,线程与并发实体,线程与并发实体,0.7180,"volatile关键字:保证可见性,禁止指令重排序,但不保证原子性",枚举结构关系,线程与并发,java.txt,1,330,has_part,,0.7304,relation_taxonomy_normalization + direction_normalization + duplicate_merge,"has_part: score=0.730, conf=0.718, support=1, cues=枚举结构"
互斥锁,implemented_by,synchronized,线程与并发实体,线程与并发实体,0.7380,"synchronized关键字:修饰实例方法、静态方法、代码块,实现互斥锁",实现关系,线程与并发,java.txt,1,305,implemented_by,,0.7609,relation_taxonomy_normalization + direction_normalization + duplicate_merge,"implemented_by: score=0.761, conf=0.738, support=1, cues=实现关系,实现"
元注解,used_for,@Documented,领域实体,注解实体,0.6860,元注解(用于注解的注解):@Retention、@Target、@Documented、@Inherited,用途关系,注解,java.txt,1,362,used_for,,0.7207,relation_taxonomy_normalization + direction_normalization + duplicate_merge,"used_for: score=0.721, conf=0.686, support=1, cues=用途,用于"
元注解,used_for,@Inherited,领域实体,注解实体,0.6600,元注解(用于注解的注解):@Retention、@Target、@Documented、@Inherited,用途关系,注解,java.txt,1,381,used_for,,0.7045,relation_taxonomy_normalization + direction_normalization + duplicate_merge,"used_for: score=0.705, conf=0.660, support=1, cues=用途,用于"
元注解,used_for,@Retention,领域实体,注解实体,0.8000,元注解(用于注解的注解):@Retention、@Target、@Documented、@Inherited,用途关系,注解,java.txt,1,239,used_for,,0.7913,relation_taxonomy_normalization + direction_normalization + duplicate_merge,"used_for: score=0.791, conf=0.800, support=1, cues=用途,用于"
元注解,used_for,@Target,领域实体,注解实体,0.7340,元注解(用于注解的注解):@Retention、@Target、@Documented、@Inherited,用途关系,注解,java.txt,1,312,used_for,,0.7504,relation_taxonomy_normalization + direction_normalization + duplicate_merge,"used_for: score=0.750, conf=0.734, support=1, cues=用途,用于"
元注解,used_for,注解,领域实体,领域实体,0.8220,元注解(用于注解的注解):@Retention、@Target、@Documented、@Inherited,用途关系,注解,java.txt,1,221,used_for,,0.8050,relation_taxonomy_normalization + direction_normalization + duplicate_merge,"used_for: score=0.805, conf=0.822, support=1, cues=用途,用于"
具体方法,is_a,abstract,抽象类与接口实体,关键字与修饰符实体,0.7580,"抽象类:使用abstract修饰,可以包含抽象方法和具体方法,不能实例化",上位包含关系,抽象类与接口,java.txt,1,283,is_a,,0.6304,relation_taxonomy_normalization + direction_normalization + duplicate_merge,"is_a: score=0.630, conf=0.758, support=1, cues=!包含"
具体方法,is_a,抽象类,抽象类与接口实体,数据类型实体,0.6920,"抽象类:使用abstract修饰,可以包含抽象方法和具体方法,不能实例化",上位包含关系,抽象类与接口,java.txt,1,352,is_a,,0.5895,relation_taxonomy_normalization + direction_normalization + duplicate_merge,"is_a: score=0.589, conf=0.692, support=1, cues=!包含"
分代收集,is_a,GC,JVM 与内存管理实体,JVM 与内存管理实体,0.6360,"垃圾回收(GC):主要回收堆内存,算法包括标记-清除、复制、标记-整理、分代收集",上位包含关系,JVM基础,java.txt,1,394,is_a,,0.5272,relation_taxonomy_normalization + direction_normalization + duplicate_merge,"is_a: score=0.527, conf=0.636, support=1, cues=!包含,!包括"
分代收集,is_a,垃圾回收,JVM 与内存管理实体,JVM 与内存管理实体,0.6180,"垃圾回收(GC):主要回收堆内存,算法包括标记-清除、复制、标记-整理、分代收集",上位包含关系,JVM基础,java.txt,1,397,is_a,,0.5160,relation_taxonomy_normalization + direction_normalization + duplicate_merge,"is_a: score=0.516, conf=0.618, support=1, cues=!包含,!包括"
垃圾回收,has_part,分代收集,JVM 与内存管理实体,JVM 与内存管理实体,0.5980,"垃圾回收(GC):主要回收堆内存,算法包括标记-清除、复制、标记-整理、分代收集",整体部分关系,JVM基础,java.txt,1,403,has_part,,0.6721,relation_taxonomy_normalization + direction_normalization + duplicate_merge,"has_part: score=0.672, conf=0.598, support=1, cues=整体部分,包括"
垃圾回收,has_part,复制,JVM 与内存管理实体,JVM 与内存管理实体,0.6520,"垃圾回收(GC):主要回收堆内存,算法包括标记-清除、复制、标记-整理、分代收集",整体部分关系,JVM基础,java.txt,1,388,has_part,,0.7056,relation_taxonomy_normalization + direction_normalization + duplicate_merge,"has_part: score=0.706, conf=0.652, support=1, cues=整体部分,包括"
垃圾回收,has_part,标记-整理,JVM 与内存管理实体,JVM 与内存管理实体,0.6340,"垃圾回收(GC):主要回收堆内存,算法包括标记-清除、复制、标记-整理、分代收集",整体部分关系,JVM基础,java.txt,1,395,has_part,,0.6944,relation_taxonomy_normalization + direction_normalization + duplicate_merge,"has_part: score=0.694, conf=0.634, support=1, cues=整体部分,包括"
垃圾回收,has_part,标记-清除,JVM 与内存管理实体,JVM 与内存管理实体,0.6880,"垃圾回收(GC):主要回收堆内存,算法包括标记-清除、复制、标记-整理、分代收集",整体部分关系,JVM基础,java.txt,1,359,has_part,,0.7279,relation_taxonomy_normalization + direction_normalization + duplicate_merge,"has_part: score=0.728, conf=0.688, support=1, cues=整体部分,包括"
基本数据类型,has_part,boolean,数据类型实体,数据类型实体,0.5900,基本数据类型包括:byte、short、int、long、float、double、char、boolean,整体部分关系,数据类型,java.txt,1,404,has_part,,0.6671,relation_taxonomy_normalization + direction_normalization + duplicate_merge,"has_part: score=0.667, conf=0.590, support=1, cues=整体部分,包括"
基本数据类型,has_part,byte,数据类型实体,数据类型实体,0.7720,基本数据类型包括:byte、short、int、long、float、double、char、boolean,枚举结构关系,数据类型,java.txt,1,262,has_part,,0.7800,relation_taxonomy_normalization + direction_normalization + duplicate_merge,"has_part: score=0.780, conf=0.772, support=1, cues=枚举结构,包括"
基本数据类型,has_part,char,数据类型实体,数据类型实体,0.5900,基本数据类型包括:byte、short、int、long、float、double、char、boolean,整体部分关系,数据类型,java.txt,1,405,has_part,,0.6671,relation_taxonomy_normalization + direction_normalization + duplicate_merge,"has_part: score=0.667, conf=0.590, support=1, cues=整体部分,包括"
基本数据类型,has_part,double,数据类型实体,数据类型实体,0.6160,基本数据类型包括:byte、short、int、long、float、double、char、boolean,整体部分关系,数据类型,java.txt,1,399,has_part,,0.6833,relation_taxonomy_normalization + direction_normalization + duplicate_merge,"has_part: score=0.683, conf=0.616, support=1, cues=整体部分,包括"
基本数据类型,has_part,float,数据类型实体,数据类型实体,0.6520,基本数据类型包括:byte、short、int、long、float、double、char、boolean,枚举结构关系,数据类型,java.txt,1,389,has_part,,0.7056,relation_taxonomy_normalization + direction_normalization + duplicate_merge,"has_part: score=0.706, conf=0.652, support=1, cues=枚举结构,包括"
基本数据类型,has_part,int,数据类型实体,数据类型实体,0.7060,基本数据类型包括:byte、short、int、long、float、double、char、boolean,枚举结构关系,数据类型,java.txt,1,340,has_part,,0.7391,relation_taxonomy_normalization + direction_normalization + duplicate_merge,"has_part: score=0.739, conf=0.706, support=1, cues=枚举结构,包括"
基本数据类型,has_part,long,数据类型实体,数据类型实体,0.6820,基本数据类型包括:byte、short、int、long、float、double、char、boolean,枚举结构关系,数据类型,java.txt,1,367,has_part,,0.7242,relation_taxonomy_normalization + direction_normalization + duplicate_merge,"has_part: score=0.724, conf=0.682, support=1, cues=枚举结构,包括"
基本数据类型,has_part,short,数据类型实体,数据类型实体,0.7420,基本数据类型包括:byte、short、int、long、float、double、char、boolean,枚举结构关系,数据类型,java.txt,1,301,has_part,,0.7614,relation_taxonomy_normalization + direction_normalization + duplicate_merge,"has_part: score=0.761, conf=0.742, support=1, cues=枚举结构,包括"
复制,is_a,GC,JVM 与内存管理实体,JVM 与内存管理实体,0.6900,"垃圾回收(GC):主要回收堆内存,算法包括标记-清除、复制、标记-整理、分代收集",上位包含关系,JVM基础,java.txt,1,356,is_a,,0.5606,relation_taxonomy_normalization + direction_normalization + duplicate_merge,"is_a: score=0.561, conf=0.690, support=1, cues=!包含,!包括"
复制,is_a,垃圾回收,JVM 与内存管理实体,JVM 与内存管理实体,0.6720,"垃圾回收(GC):主要回收堆内存,算法包括标记-清除、复制、标记-整理、分代收集",上位包含关系,JVM基础,java.txt,1,371,is_a,,0.5495,relation_taxonomy_normalization + direction_normalization + duplicate_merge,"is_a: score=0.549, conf=0.672, support=1, cues=!包含,!包括"
多态的表现形式,has_part,子类对象,面向对象核心实体,数据类型实体,0.7680,多态的表现形式:父类引用指向子类对象、接口引用指向实现类对象,枚举结构关系,继承与多态,java.txt,1,265,has_part,,0.7614,relation_taxonomy_normalization + direction_normalization + duplicate_merge,"has_part: score=0.761, conf=0.768, support=1, cues=枚举结构"
多态的表现形式,has_part,实现类对象,面向对象核心实体,数据类型实体,0.7020,多态的表现形式:父类引用指向子类对象、接口引用指向实现类对象,枚举结构关系,继承与多态,java.txt,1,343,has_part,,0.7205,relation_taxonomy_normalization + direction_normalization + duplicate_merge,"has_part: score=0.720, conf=0.702, support=1, cues=枚举结构"
多态的表现形式,has_part,接口引用,面向对象核心实体,数据类型实体,0.7380,多态的表现形式:父类引用指向子类对象、接口引用指向实现类对象,枚举结构关系,继承与多态,java.txt,1,306,has_part,,0.7428,relation_taxonomy_normalization + direction_normalization + duplicate_merge,"has_part: score=0.743, conf=0.738, support=1, cues=枚举结构"
多态的表现形式,has_part,父类引用,面向对象核心实体,数据类型实体,0.8040,多态的表现形式:父类引用指向子类对象、接口引用指向实现类对象,枚举结构关系,继承与多态,java.txt,1,227,has_part,,0.7837,relation_taxonomy_normalization + direction_normalization + duplicate_merge,"has_part: score=0.784, conf=0.804, support=1, cues=枚举结构"
实例,is_a,abstract,面向对象核心实体,关键字与修饰符实体,0.7160,"抽象类:使用abstract修饰,可以包含抽象方法和具体方法,不能实例化",上位包含关系,抽象类与接口,java.txt,1,331,is_a,,0.6044,relation_taxonomy_normalization + direction_normalization + duplicate_merge,"is_a: score=0.604, conf=0.716, support=1, cues=!包含"
实例,is_a,抽象类,面向对象核心实体,数据类型实体,0.6500,"抽象类:使用abstract修饰,可以包含抽象方法和具体方法,不能实例化",上位包含关系,抽象类与接口,java.txt,1,391,is_a,,0.5634,relation_taxonomy_normalization + direction_normalization + duplicate_merge,"is_a: score=0.563, conf=0.650, support=1, cues=!包含"
实例变量,is_a,变量,变量与成员实体,变量与成员实体,0.7380,变量分为局部变量、成员变量(实例变量)和静态变量(类变量),上位包含关系,变量与运算符,java.txt,1,307,is_a,,0.6180,relation_taxonomy_normalization + direction_normalization + duplicate_merge,"is_a: score=0.618, conf=0.738, support=1, cues=!包含"
对象,has_part,getClass,面向对象核心实体,领域实体,0.7140,"获取Class对象的方式:类名.class、对象.getClass()、Class.forName(""全限定名"")",枚举结构关系,反射,java.txt,1,333,has_part,,0.7279,relation_taxonomy_normalization + direction_normalization + duplicate_merge,"has_part: score=0.728, conf=0.714, support=1, cues=枚举结构"
对象,has_part,类名.class,面向对象核心实体,数据类型实体,0.7860,"获取Class对象的方式:类名.class、对象.getClass()、Class.forName(""全限定名"")",枚举结构关系,反射,java.txt,1,248,has_part,,0.7726,relation_taxonomy_normalization + direction_normalization + duplicate_merge,"has_part: score=0.773, conf=0.786, support=1, cues=枚举结构"
对象,is_a,实例,面向对象核心实体,面向对象核心实体,0.8420,"类(Class)和对象(Object)的关系:类是对象的模板,对象是类的实例",上下位关系,面向对象基础,java.txt,1,213,is_a,,0.8113,relation_taxonomy_normalization + direction_normalization + duplicate_merge,"is_a: score=0.811, conf=0.842, support=1, cues=上下位"
局部变量,is_a,变量,变量与成员实体,变量与成员实体,0.7980,变量分为局部变量、成员变量(实例变量)和静态变量(类变量),上位包含关系,变量与运算符,java.txt,1,240,is_a,,0.6552,relation_taxonomy_normalization + direction_normalization + duplicate_merge,"is_a: score=0.655, conf=0.798, support=1, cues=!包含"
引用数据类型,has_part,接口,数据类型实体,数据类型实体,0.7600,引用数据类型包括:类、接口、数组、枚举、注解,枚举结构关系,数据类型,java.txt,1,280,has_part,,0.7725,relation_taxonomy_normalization + direction_normalization + duplicate_merge,"has_part: score=0.773, conf=0.760, support=1, cues=枚举结构,包括"
引用数据类型,has_part,数组,数据类型实体,数据类型实体,0.7420,引用数据类型包括:类、接口、数组、枚举、注解,枚举结构关系,数据类型,java.txt,1,302,has_part,,0.7614,relation_taxonomy_normalization + direction_normalization + duplicate_merge,"has_part: score=0.761, conf=0.742, support=1, cues=枚举结构,包括"
引用数据类型,has_part,枚举,数据类型实体,数据类型实体,0.7240,引用数据类型包括:类、接口、数组、枚举、注解,枚举结构关系,数据类型,java.txt,1,323,has_part,,0.7502,relation_taxonomy_normalization + direction_normalization + duplicate_merge,"has_part: score=0.750, conf=0.724, support=1, cues=枚举结构,包括"
引用数据类型,has_part,注解,数据类型实体,领域实体,0.7260,引用数据类型包括:类、接口、数组、枚举、注解,枚举结构关系,数据类型,java.txt,1,320,has_part,,0.7515,relation_taxonomy_normalization + direction_normalization + duplicate_merge,"has_part: score=0.751, conf=0.726, support=1, cues=枚举结构,包括"
循环结构,has_part,do-while,流程控制实体,流程控制实体,0.7240,循环结构:for、while、do-while,枚举结构关系,流程控制,java.txt,1,324,has_part,,0.7341,relation_taxonomy_normalization + direction_normalization + duplicate_merge,"has_part: score=0.734, conf=0.724, support=1, cues=枚举结构"
循环结构,has_part,for,流程控制实体,流程控制实体,0.7840,循环结构:for、while、do-while,枚举结构关系,流程控制,java.txt,1,251,has_part,,0.7713,relation_taxonomy_normalization + direction_normalization + duplicate_merge,"has_part: score=0.771, conf=0.784, support=1, cues=枚举结构"
循环结构,has_part,while,流程控制实体,流程控制实体,0.7600,循环结构:for、while、do-while,枚举结构关系,流程控制,java.txt,1,281,has_part,,0.7564,relation_taxonomy_normalization + direction_normalization + duplicate_merge,"has_part: score=0.756, conf=0.760, support=1, cues=枚举结构"
成员变量,is_a,变量,变量与成员实体,变量与成员实体,0.7680,变量分为局部变量、成员变量(实例变量)和静态变量(类变量),上位包含关系,变量与运算符,java.txt,1,266,is_a,,0.6366,relation_taxonomy_normalization + direction_normalization + duplicate_merge,"is_a: score=0.637, conf=0.768, support=1, cues=!包含"
抽象方法,is_a,abstract,抽象类与接口实体,关键字与修饰符实体,0.7880,"抽象类:使用abstract修饰,可以包含抽象方法和具体方法,不能实例化",上位包含关系,抽象类与接口,java.txt,1,247,is_a,,0.6490,relation_taxonomy_normalization + direction_normalization + duplicate_merge,"is_a: score=0.649, conf=0.788, support=1, cues=!包含"
抽象方法,is_a,抽象类,抽象类与接口实体,数据类型实体,0.7220,"抽象类:使用abstract修饰,可以包含抽象方法和具体方法,不能实例化",上位包含关系,抽象类与接口,java.txt,1,325,is_a,,0.6081,relation_taxonomy_normalization + direction_normalization + duplicate_merge,"is_a: score=0.608, conf=0.722, support=1, cues=!包含"
抽象类,has_part,abstract,数据类型实体,关键字与修饰符实体,0.7920,"抽象类:使用abstract修饰,可以包含抽象方法和具体方法,不能实例化",枚举结构关系,抽象类与接口,java.txt,1,244,has_part,,0.7924,relation_taxonomy_normalization + direction_normalization + duplicate_merge,"has_part: score=0.792, conf=0.792, support=1, cues=枚举结构,包含"
抽象类,has_part,具体方法,数据类型实体,抽象类与接口实体,0.6720,"抽象类:使用abstract修饰,可以包含抽象方法和具体方法,不能实例化",枚举结构关系,抽象类与接口,java.txt,1,372,has_part,,0.7180,relation_taxonomy_normalization + direction_normalization + duplicate_merge,"has_part: score=0.718, conf=0.672, support=1, cues=枚举结构,包含"
抽象类,has_part,实例,数据类型实体,面向对象核心实体,0.6300,"抽象类:使用abstract修饰,可以包含抽象方法和具体方法,不能实例化",整体部分关系,抽象类与接口,java.txt,1,396,has_part,,0.6919,relation_taxonomy_normalization + direction_normalization + duplicate_merge,"has_part: score=0.692, conf=0.630, support=1, cues=整体部分,包含"
抽象类,has_part,抽象方法,数据类型实体,抽象类与接口实体,0.7020,"抽象类:使用abstract修饰,可以包含抽象方法和具体方法,不能实例化",枚举结构关系,抽象类与接口,java.txt,1,344,has_part,,0.7366,relation_taxonomy_normalization + direction_normalization + duplicate_merge,"has_part: score=0.737, conf=0.702, support=1, cues=枚举结构,包含"
接口,has_part,List,数据类型实体,集合框架实体,0.8040,Collection接口的子接口:List(有序可重复)、Set(无序不重复)、Queue(队列),枚举结构关系,集合框架,java.txt,1,228,has_part,,0.7837,relation_taxonomy_normalization + direction_normalization + duplicate_merge,"has_part: score=0.784, conf=0.804, support=1, cues=枚举结构"
接口,has_part,Queue,数据类型实体,集合框架实体,0.6660,Collection接口的子接口:List(有序可重复)、Set(无序不重复)、Queue(队列),枚举结构关系,集合框架,java.txt,1,378,has_part,,0.6982,relation_taxonomy_normalization + direction_normalization + duplicate_merge,"has_part: score=0.698, conf=0.666, support=1, cues=枚举结构"
接口,has_part,ReentrantLock,数据类型实体,线程与并发实体,0.8040,"Lock接口:ReentrantLock,提供更灵活的锁操作(tryLock、lockInterruptibly等)",枚举结构关系,线程与并发,java.txt,1,229,has_part,,0.7837,relation_taxonomy_normalization + direction_normalization + duplicate_merge,"has_part: score=0.784, conf=0.804, support=1, cues=枚举结构"
接口,has_part,Set,数据类型实体,集合框架实体,0.7320,Collection接口的子接口:List(有序可重复)、Set(无序不重复)、Queue(队列),枚举结构关系,集合框架,java.txt,1,313,has_part,,0.7391,relation_taxonomy_normalization + direction_normalization + duplicate_merge,"has_part: score=0.739, conf=0.732, support=1, cues=枚举结构"
接口,has_part,实例变量,数据类型实体,变量与成员实体,0.6660,"抽象类和接口的区别:抽象类可以有状态(成员变量),接口不能有实例变量",枚举结构关系,抽象类与接口,java.txt,1,379,has_part,,0.6982,relation_taxonomy_normalization + direction_normalization + duplicate_merge,"has_part: score=0.698, conf=0.666, support=1, cues=枚举结构"
接口,has_part,成员变量,数据类型实体,变量与成员实体,0.7320,"抽象类和接口的区别:抽象类可以有状态(成员变量),接口不能有实例变量",枚举结构关系,抽象类与接口,java.txt,1,314,has_part,,0.7391,relation_taxonomy_normalization + direction_normalization + duplicate_merge,"has_part: score=0.739, conf=0.732, support=1, cues=枚举结构"
接口,implemented_by,抽象类,数据类型实体,数据类型实体,0.8220,"一个类只能继承一个抽象类,但可以实现多个接口",实现关系,抽象类与接口,java.txt,1,222 | 270,implemented_by | has_part,has_part,0.8130,relation_taxonomy_normalization + direction_normalization + evidence_weighted_relation_voting,"implemented_by: score=0.813, conf=0.822, support=1, cues=实现关系,实现；has_part: score=0.760, conf=0.766, support=1, cues=枚举结构"
接口,is_a,Java,数据类型实体,领域实体,0.7360,"接口:所有方法默认是public abstract(Java 8后可以有默认方法和静态方法),字段默认是public static final",上下位关系,抽象类与接口,java.txt,1,309 | 377,is_a | has_part,has_part,0.7456,relation_taxonomy_normalization + direction_normalization + evidence_weighted_relation_voting,"is_a: score=0.746, conf=0.736, support=1, cues=上下位；has_part: score=0.698, conf=0.666, support=1, cues=枚举结构"
接口,is_a,abstract,数据类型实体,关键字与修饰符实体,0.7900,"接口:所有方法默认是public abstract(Java 8后可以有默认方法和静态方法),字段默认是public static final",上下位关系,抽象类与接口,java.txt,1,246 | 327,is_a | has_part,has_part,0.7790,relation_taxonomy_normalization + direction_normalization + evidence_weighted_relation_voting,"is_a: score=0.779, conf=0.790, support=1, cues=上下位；has_part: score=0.732, conf=0.720, support=1, cues=枚举结构"
接口,is_a,public,数据类型实体,关键字与修饰符实体,0.8320,"接口:所有方法默认是public abstract(Java 8后可以有默认方法和静态方法),字段默认是public static final",上下位关系,抽象类与接口,java.txt,1,218 | 274,is_a | has_part,has_part,0.8051,relation_taxonomy_normalization + direction_normalization + evidence_weighted_relation_voting,"is_a: score=0.805, conf=0.832, support=1, cues=上下位；has_part: score=0.758, conf=0.762, support=1, cues=枚举结构"
接口,is_a,引用数据类型,数据类型实体,数据类型实体,0.7800,引用数据类型包括:类、接口、数组、枚举、注解,上位包含关系,数据类型,java.txt,1,257,is_a,,0.6164,relation_taxonomy_normalization + direction_normalization + duplicate_merge,"is_a: score=0.616, conf=0.780, support=1, cues=!包含,!包括"
接口,is_a,默认方法,数据类型实体,抽象类与接口实体,0.6800,"接口:所有方法默认是public abstract(Java 8后可以有默认方法和静态方法),字段默认是public static final",上下位关系,抽象类与接口,java.txt,1,369,is_a,,0.7108,relation_taxonomy_normalization + direction_normalization + duplicate_merge,"is_a: score=0.711, conf=0.680, support=1, cues=上下位"
数据类型,has_part,基本数据类型,数据类型实体,数据类型实体,0.7840,Java有两种数据类型:基本数据类型和引用数据类型,枚举结构关系,数据类型,java.txt,1,252,has_part,,0.7713,relation_taxonomy_normalization + direction_normalization + duplicate_merge,"has_part: score=0.771, conf=0.784, support=1, cues=枚举结构"
数据类型,has_part,引用数据类型,数据类型实体,数据类型实体,0.7420,Java有两种数据类型:基本数据类型和引用数据类型,枚举结构关系,数据类型,java.txt,1,303,has_part,,0.7453,relation_taxonomy_normalization + direction_normalization + duplicate_merge,"has_part: score=0.745, conf=0.742, support=1, cues=枚举结构"
数组,is_a,引用数据类型,数据类型实体,数据类型实体,0.7620,引用数据类型包括:类、接口、数组、枚举、注解,上位包含关系,数据类型,java.txt,1,275,is_a,,0.6053,relation_taxonomy_normalization + direction_normalization + duplicate_merge,"is_a: score=0.605, conf=0.762, support=1, cues=!包含,!包括"
数组的创建,has_part,int,数据类型实体,数据类型实体,0.7600,"数组的创建:new int[10] 或 {1,2,3}",枚举结构关系,数组,java.txt,1,282,has_part,,0.7564,relation_taxonomy_normalization + direction_normalization + duplicate_merge,"has_part: score=0.756, conf=0.760, support=1, cues=枚举结构"
数组的创建,has_part,new,数据类型实体,关键字与修饰符实体,0.8040,"数组的创建:new int[10] 或 {1,2,3}",枚举结构关系,数组,java.txt,1,230,has_part,,0.7837,relation_taxonomy_normalization + direction_normalization + duplicate_merge,"has_part: score=0.784, conf=0.804, support=1, cues=枚举结构"
条件分支,has_part,if-else,流程控制实体,流程控制实体,0.7840,条件分支:if-else、switch-case,枚举结构关系,流程控制,java.txt,1,253,has_part,,0.7713,relation_taxonomy_normalization + direction_normalization + duplicate_merge,"has_part: score=0.771, conf=0.784, support=1, cues=枚举结构"
条件分支,has_part,switch-case,流程控制实体,流程控制实体,0.7360,条件分支:if-else、switch-case,枚举结构关系,流程控制,java.txt,1,310,has_part,,0.7416,relation_taxonomy_normalization + direction_normalization + duplicate_merge,"has_part: score=0.742, conf=0.736, support=1, cues=枚举结构"
构造方法,used_for,初始化,面向对象核心实体,JVM 与内存管理实体,0.7760,"构造方法:与类同名,没有返回值,用于初始化对象",用途关系,面向对象基础,java.txt,1,258,used_for,,0.7765,relation_taxonomy_normalization + direction_normalization + duplicate_merge,"used_for: score=0.776, conf=0.776, support=1, cues=用途,用于"
构造方法,used_for,对象,面向对象核心实体,面向对象核心实体,0.7380,"构造方法:与类同名,没有返回值,用于初始化对象",用途关系,面向对象基础,java.txt,1,308,used_for,,0.7529,relation_taxonomy_normalization + direction_normalization + duplicate_merge,"used_for: score=0.753, conf=0.738, support=1, cues=用途,用于"
枚举,is_a,引用数据类型,数据类型实体,数据类型实体,0.7440,引用数据类型包括:类、接口、数组、枚举、注解,上位包含关系,数据类型,java.txt,1,296,is_a,,0.5941,relation_taxonomy_normalization + direction_normalization + duplicate_merge,"is_a: score=0.594, conf=0.744, support=1, cues=!包含,!包括"
标记-整理,is_a,GC,JVM 与内存管理实体,JVM 与内存管理实体,0.6720,"垃圾回收(GC):主要回收堆内存,算法包括标记-清除、复制、标记-整理、分代收集",上位包含关系,JVM基础,java.txt,1,373,is_a,,0.5495,relation_taxonomy_normalization + direction_normalization + duplicate_merge,"is_a: score=0.549, conf=0.672, support=1, cues=!包含,!包括"
标记-整理,is_a,垃圾回收,JVM 与内存管理实体,JVM 与内存管理实体,0.6540,"垃圾回收(GC):主要回收堆内存,算法包括标记-清除、复制、标记-整理、分代收集",上位包含关系,JVM基础,java.txt,1,384,is_a,,0.5383,relation_taxonomy_normalization + direction_normalization + duplicate_merge,"is_a: score=0.538, conf=0.654, support=1, cues=!包含,!包括"
标记-清除,is_a,GC,JVM 与内存管理实体,JVM 与内存管理实体,0.7260,"垃圾回收(GC):主要回收堆内存,算法包括标记-清除、复制、标记-整理、分代收集",上位包含关系,JVM基础,java.txt,1,321,is_a,,0.5830,relation_taxonomy_normalization + direction_normalization + duplicate_merge,"is_a: score=0.583, conf=0.726, support=1, cues=!包含,!包括"
标记-清除,is_a,垃圾回收,JVM 与内存管理实体,JVM 与内存管理实体,0.7080,"垃圾回收(GC):主要回收堆内存,算法包括标记-清除、复制、标记-整理、分代收集",上位包含关系,JVM基础,java.txt,1,337,is_a,,0.5718,relation_taxonomy_normalization + direction_normalization + duplicate_merge,"is_a: score=0.572, conf=0.708, support=1, cues=!包含,!包括"
核心类,has_part,Class,数据类型实体,面向对象核心实体,0.8040,核心类:Class、Method、Field、Constructor,枚举结构关系,反射,java.txt,1,231,has_part,,0.7837,relation_taxonomy_normalization + direction_normalization + duplicate_merge,"has_part: score=0.784, conf=0.804, support=1, cues=枚举结构"
核心类,has_part,Constructor,数据类型实体,反射实体,0.6900,核心类:Class、Method、Field、Constructor,枚举结构关系,反射,java.txt,1,357,has_part,,0.7130,relation_taxonomy_normalization + direction_normalization + duplicate_merge,"has_part: score=0.713, conf=0.690, support=1, cues=枚举结构"
核心类,has_part,Field,数据类型实体,反射实体,0.7260,核心类:Class、Method、Field、Constructor,枚举结构关系,反射,java.txt,1,322,has_part,,0.7354,relation_taxonomy_normalization + direction_normalization + duplicate_merge,"has_part: score=0.735, conf=0.726, support=1, cues=枚举结构"
核心类,has_part,Method,数据类型实体,反射实体,0.7680,核心类:Class、Method、Field、Constructor,枚举结构关系,反射,java.txt,1,267,has_part,,0.7614,relation_taxonomy_normalization + direction_normalization + duplicate_merge,"has_part: score=0.761, conf=0.768, support=1, cues=枚举结构"
注解,has_part,@Deprecated,领域实体,注解实体,0.7440,内置注解:@Override、@Deprecated、@SuppressWarnings、@FunctionalInterface,枚举结构关系,注解,java.txt,1,297,has_part,,0.7465,relation_taxonomy_normalization + direction_normalization + duplicate_merge,"has_part: score=0.747, conf=0.744, support=1, cues=枚举结构"
注解,has_part,@Documented,领域实体,注解实体,0.6840,元注解(用于注解的注解):@Retention、@Target、@Documented、@Inherited,枚举结构关系,注解,java.txt,1,363,has_part,,0.6817,relation_taxonomy_normalization + direction_normalization + duplicate_merge,"has_part: score=0.682, conf=0.684, support=1, cues=枚举结构,!用于"
注解,has_part,@Override,领域实体,注解实体,0.8040,内置注解:@Override、@Deprecated、@SuppressWarnings、@FunctionalInterface,枚举结构关系,注解,java.txt,1,232,has_part,,0.7837,relation_taxonomy_normalization + direction_normalization + duplicate_merge,"has_part: score=0.784, conf=0.804, support=1, cues=枚举结构"
注解,has_part,@Retention,领域实体,注解实体,0.7980,元注解(用于注解的注解):@Retention、@Target、@Documented、@Inherited,枚举结构关系,注解,java.txt,1,241,has_part,,0.7524,relation_taxonomy_normalization + direction_normalization + duplicate_merge,"has_part: score=0.752, conf=0.798, support=1, cues=枚举结构,!用于"
注解,has_part,@SuppressWarnings,领域实体,注解实体,0.6720,内置注解:@Override、@Deprecated、@SuppressWarnings、@FunctionalInterface,枚举结构关系,注解,java.txt,1,374,has_part,,0.7019,relation_taxonomy_normalization + direction_normalization + duplicate_merge,"has_part: score=0.702, conf=0.672, support=1, cues=枚举结构"
注解,has_part,@Target,领域实体,注解实体,0.7320,元注解(用于注解的注解):@Retention、@Target、@Documented、@Inherited,枚举结构关系,注解,java.txt,1,315,has_part,,0.7115,relation_taxonomy_normalization + direction_normalization + duplicate_merge,"has_part: score=0.711, conf=0.732, support=1, cues=枚举结构,!用于"
注解,is_a,引用数据类型,领域实体,数据类型实体,0.7460,引用数据类型包括:类、接口、数组、枚举、注解,上位包含关系,数据类型,java.txt,1,294,is_a,,0.5954,relation_taxonomy_normalization + direction_normalization + duplicate_merge,"is_a: score=0.595, conf=0.746, support=1, cues=!包含,!包括"
类加载器,has_part,Bootstrap ClassLoader,数据类型实体,JVM 与内存管理实体,0.8040,"类加载器:Bootstrap ClassLoader、Extension ClassLoader、Application ClassLoader,双亲委派模型",枚举结构关系,JVM基础,java.txt,1,233,has_part,,0.7837,relation_taxonomy_normalization + direction_normalization + duplicate_merge,"has_part: score=0.784, conf=0.804, support=1, cues=枚举结构"
类加载器,has_part,Extension ClassLoader,数据类型实体,JVM 与内存管理实体,0.6720,"类加载器:Bootstrap ClassLoader、Extension ClassLoader、Application ClassLoader,双亲委派模型",枚举结构关系,JVM基础,java.txt,1,375,has_part,,0.7019,relation_taxonomy_normalization + direction_normalization + duplicate_merge,"has_part: score=0.702, conf=0.672, support=1, cues=枚举结构"
类加载机制,has_part,准备,数据类型实体,JVM 与内存管理实体,0.7680,类加载机制:加载、验证、准备、解析、初始化,枚举结构关系,JVM基础,java.txt,1,268,has_part,,0.7614,relation_taxonomy_normalization + direction_normalization + duplicate_merge,"has_part: score=0.761, conf=0.768, support=1, cues=枚举结构"
类加载机制,has_part,初始化,数据类型实体,JVM 与内存管理实体,0.7320,类加载机制:加载、验证、准备、解析、初始化,枚举结构关系,JVM基础,java.txt,1,316,has_part,,0.7391,relation_taxonomy_normalization + direction_normalization + duplicate_merge,"has_part: score=0.739, conf=0.732, support=1, cues=枚举结构"
类加载机制,has_part,加载,数据类型实体,JVM 与内存管理实体,0.8040,类加载机制:加载、验证、准备、解析、初始化,枚举结构关系,JVM基础,java.txt,1,234 | 575,has_part | is_a,is_a,0.7837,relation_taxonomy_normalization + direction_normalization + evidence_weighted_relation_voting,"has_part: score=0.784, conf=0.804, support=1, cues=枚举结构；is_a: score=0.760, conf=0.760, support=1, cues=上下位"
类加载机制,has_part,解析,数据类型实体,JVM 与内存管理实体,0.7500,类加载机制:加载、验证、准备、解析、初始化,枚举结构关系,JVM基础,java.txt,1,289,has_part,,0.7502,relation_taxonomy_normalization + direction_normalization + duplicate_merge,"has_part: score=0.750, conf=0.750, support=1, cues=枚举结构"
类加载机制,has_part,验证,数据类型实体,JVM 与内存管理实体,0.7860,类加载机制:加载、验证、准备、解析、初始化,枚举结构关系,JVM基础,java.txt,1,249,has_part,,0.7726,relation_taxonomy_normalization + direction_normalization + duplicate_merge,"has_part: score=0.773, conf=0.786, support=1, cues=枚举结构"
类变量,is_a,变量,数据类型实体,变量与成员实体,0.6920,变量分为局部变量、成员变量(实例变量)和静态变量(类变量),上位包含关系,变量与运算符,java.txt,1,353,is_a,,0.5895,relation_taxonomy_normalization + direction_normalization + duplicate_merge,"is_a: score=0.589, conf=0.692, support=1, cues=!包含"
类型擦除,has_part,泛型,数据类型实体,领域实体,0.8040,"类型擦除:泛型信息在编译后被移除,运行时没有泛型",枚举结构关系,泛型,java.txt,1,235,has_part,,0.7837,relation_taxonomy_normalization + direction_normalization + duplicate_merge,"has_part: score=0.784, conf=0.804, support=1, cues=枚举结构"
类型擦除,has_part,运行,数据类型实体,线程状态实体,0.7320,"类型擦除:泛型信息在编译后被移除,运行时没有泛型",枚举结构关系,泛型,java.txt,1,317,has_part,,0.7391,relation_taxonomy_normalization + direction_normalization + duplicate_merge,"has_part: score=0.739, conf=0.732, support=1, cues=枚举结构"
线程池,has_part,Executor,线程与并发实体,线程与并发实体,0.7840,"线程池:Executor框架,常用类ThreadPoolExecutor",枚举结构关系,线程与并发,java.txt,1,254,has_part,,0.7713,relation_taxonomy_normalization + direction_normalization + duplicate_merge,"has_part: score=0.771, conf=0.784, support=1, cues=枚举结构"
线程池,has_part,ThreadPoolExecutor,线程与并发实体,线程与并发实体,0.7000,"线程池:Executor框架,常用类ThreadPoolExecutor",枚举结构关系,线程与并发,java.txt,1,346,has_part,,0.7192,relation_taxonomy_normalization + direction_normalization + duplicate_merge,"has_part: score=0.719, conf=0.700, support=1, cues=枚举结构"
线程状态,has_part,就绪,线程与并发实体,线程状态实体,0.7860,线程状态:新建、就绪、运行、阻塞、等待、超时等待、终止,枚举结构关系,线程与并发,java.txt,1,250,has_part,,0.7726,relation_taxonomy_normalization + direction_normalization + duplicate_merge,"has_part: score=0.773, conf=0.786, support=1, cues=枚举结构"
线程状态,has_part,新建,线程与并发实体,线程状态实体,0.8040,线程状态:新建、就绪、运行、阻塞、等待、超时等待、终止,枚举结构关系,线程与并发,java.txt,1,236,has_part,,0.7837,relation_taxonomy_normalization + direction_normalization + duplicate_merge,"has_part: score=0.784, conf=0.804, support=1, cues=枚举结构"
线程状态,has_part,等待,线程与并发实体,线程状态实体,0.7320,线程状态:新建、就绪、运行、阻塞、等待、超时等待、终止,枚举结构关系,线程与并发,java.txt,1,318,has_part,,0.7391,relation_taxonomy_normalization + direction_normalization + duplicate_merge,"has_part: score=0.739, conf=0.732, support=1, cues=枚举结构"
线程状态,has_part,终止,线程与并发实体,线程状态实体,0.6840,线程状态:新建、就绪、运行、阻塞、等待、超时等待、终止,枚举结构关系,线程与并发,java.txt,1,364,has_part,,0.7093,relation_taxonomy_normalization + direction_normalization + duplicate_merge,"has_part: score=0.709, conf=0.684, support=1, cues=枚举结构"
线程状态,has_part,超时等待,线程与并发实体,线程状态实体,0.7140,线程状态:新建、就绪、运行、阻塞、等待、超时等待、终止,枚举结构关系,线程与并发,java.txt,1,334,has_part,,0.7279,relation_taxonomy_normalization + direction_normalization + duplicate_merge,"has_part: score=0.728, conf=0.714, support=1, cues=枚举结构"
线程状态,has_part,运行,线程与并发实体,线程状态实体,0.7680,线程状态:新建、就绪、运行、阻塞、等待、超时等待、终止,枚举结构关系,线程与并发,java.txt,1,269,has_part,,0.7614,relation_taxonomy_normalization + direction_normalization + duplicate_merge,"has_part: score=0.761, conf=0.768, support=1, cues=枚举结构"
线程状态,has_part,阻塞,线程与并发实体,线程状态实体,0.7500,线程状态:新建、就绪、运行、阻塞、等待、超时等待、终止,枚举结构关系,线程与并发,java.txt,1,290,has_part,,0.7502,relation_taxonomy_normalization + direction_normalization + duplicate_merge,"has_part: score=0.750, conf=0.750, support=1, cues=枚举结构"
继承,is_a,单继承,面向对象核心实体,面向对象核心实体,0.7520,"继承使用extends关键字,Java是单继承,一个类只能有一个直接父类",上下位关系,继承与多态,java.txt,1,287,is_a,,0.7555,relation_taxonomy_normalization + direction_normalization + duplicate_merge,"is_a: score=0.755, conf=0.752, support=1, cues=上下位"
继承,is_a,父类,面向对象核心实体,数据类型实体,0.6880,"继承使用extends关键字,Java是单继承,一个类只能有一个直接父类",上下位关系,继承与多态,java.txt,1,360,is_a,,0.7158,relation_taxonomy_normalization + direction_normalization + duplicate_merge,"is_a: score=0.716, conf=0.688, support=1, cues=上下位"
访问控制修饰符,has_part,default,关键字与修饰符实体,关键字与修饰符实体,0.7360,访问控制修饰符:private、default(无修饰符)、protected、public,枚举结构关系,关键字与修饰符,java.txt,1,311,has_part,,0.7416,relation_taxonomy_normalization + direction_normalization + duplicate_merge,"has_part: score=0.742, conf=0.736, support=1, cues=枚举结构"
访问控制修饰符,has_part,private,关键字与修饰符实体,关键字与修饰符实体,0.7840,访问控制修饰符:private、default(无修饰符)、protected、public,枚举结构关系,关键字与修饰符,java.txt,1,255,has_part,,0.7713,relation_taxonomy_normalization + direction_normalization + duplicate_merge,"has_part: score=0.771, conf=0.784, support=1, cues=枚举结构"
访问控制修饰符,has_part,protected,关键字与修饰符实体,关键字与修饰符实体,0.6520,访问控制修饰符:private、default(无修饰符)、protected、public,枚举结构关系,关键字与修饰符,java.txt,1,390,has_part,,0.6895,relation_taxonomy_normalization + direction_normalization + duplicate_merge,"has_part: score=0.689, conf=0.652, support=1, cues=枚举结构"
跳转语句,has_part,break,流程控制实体,流程控制实体,0.7840,跳转语句:break、continue、return,枚举结构关系,流程控制,java.txt,1,256,has_part,,0.7713,relation_taxonomy_normalization + direction_normalization + duplicate_merge,"has_part: score=0.771, conf=0.784, support=1, cues=枚举结构"
跳转语句,has_part,continue,流程控制实体,流程控制实体,0.7480,跳转语句:break、continue、return,枚举结构关系,流程控制,java.txt,1,293,has_part,,0.7490,relation_taxonomy_normalization + direction_normalization + duplicate_merge,"has_part: score=0.749, conf=0.748, support=1, cues=枚举结构"
跳转语句,has_part,return,流程控制实体,流程控制实体,0.6940,跳转语句:break、continue、return,枚举结构关系,流程控制,java.txt,1,351,has_part,,0.7155,relation_taxonomy_normalization + direction_normalization + duplicate_merge,"has_part: score=0.716, conf=0.694, support=1, cues=枚举结构"
静态变量,is_a,变量,变量与成员实体,变量与成员实体,0.7020,变量分为局部变量、成员变量(实例变量)和静态变量(类变量),上位包含关系,变量与运算符,java.txt,1,345,is_a,,0.5957,relation_taxonomy_normalization + direction_normalization + duplicate_merge,"is_a: score=0.596, conf=0.702, support=1, cues=!包含"
Durability,has_part,事务,事务与一致性实体,领域实体,0.7980,"- 持久性(Durability):事务提交后,数据永久保存到数据库,不可回滚",枚举结构关系,事务四大特性ACID:,mysql.txt,1,818,has_part,,0.7800,relation_taxonomy_normalization + direction_normalization + duplicate_merge,"has_part: score=0.780, conf=0.798, support=1, cues=枚举结构"
Durability,has_part,数据库,事务与一致性实体,领域实体,0.7200,"- 持久性(Durability):事务提交后,数据永久保存到数据库,不可回滚",枚举结构关系,事务四大特性ACID:,mysql.txt,1,831,has_part,,0.7316,relation_taxonomy_normalization + direction_normalization + duplicate_merge,"has_part: score=0.732, conf=0.720, support=1, cues=枚举结构"
READ COMMITTED,has_part,不可重复读,事务与一致性实体,事务与一致性实体,0.7300,"- 读已提交(READ COMMITTED):解决脏读,会出现不可重复读、幻读(Oracle默认级别)",枚举结构关系,事务隔离级别(从低到高):,mysql.txt,1,828,has_part,,0.7378,relation_taxonomy_normalization + direction_normalization + duplicate_merge,"has_part: score=0.738, conf=0.730, support=1, cues=枚举结构"
READ COMMITTED,has_part,幻读,事务与一致性实体,事务与一致性实体,0.6940,"- 读已提交(READ COMMITTED):解决脏读,会出现不可重复读、幻读(Oracle默认级别)",枚举结构关系,事务隔离级别(从低到高):,mysql.txt,1,833,has_part,,0.7155,relation_taxonomy_normalization + direction_normalization + duplicate_merge,"has_part: score=0.716, conf=0.694, support=1, cues=枚举结构"
READ COMMITTED,has_part,脏读,事务与一致性实体,事务与一致性实体,0.7660,"- 读已提交(READ COMMITTED):解决脏读,会出现不可重复读、幻读(Oracle默认级别)",枚举结构关系,事务隔离级别(从低到高):,mysql.txt,1,822,has_part,,0.7602,relation_taxonomy_normalization + direction_normalization + duplicate_merge,"has_part: score=0.760, conf=0.766, support=1, cues=枚举结构"
READ UNCOMMITTED,has_part,不可重复读,事务与一致性实体,事务与一致性实体,0.7120,"- 读未提交(READ UNCOMMITTED):最低级别,会出现脏读、不可重复读、幻读",枚举结构关系,事务隔离级别(从低到高):,mysql.txt,1,832,has_part,,0.7267,relation_taxonomy_normalization + direction_normalization + duplicate_merge,"has_part: score=0.727, conf=0.712, support=1, cues=枚举结构"
READ UNCOMMITTED,has_part,幻读,事务与一致性实体,事务与一致性实体,0.6760,"- 读未提交(READ UNCOMMITTED):最低级别,会出现脏读、不可重复读、幻读",枚举结构关系,事务隔离级别(从低到高):,mysql.txt,1,837,has_part,,0.7044,relation_taxonomy_normalization + direction_normalization + duplicate_merge,"has_part: score=0.704, conf=0.676, support=1, cues=枚举结构"
READ UNCOMMITTED,has_part,脏读,事务与一致性实体,事务与一致性实体,0.7300,"- 读未提交(READ UNCOMMITTED):最低级别,会出现脏读、不可重复读、幻读",枚举结构关系,事务隔离级别(从低到高):,mysql.txt,1,829,has_part,,0.7378,relation_taxonomy_normalization + direction_normalization + duplicate_merge,"has_part: score=0.738, conf=0.730, support=1, cues=枚举结构"
REPEATABLE READ,has_part,MySQL,事务与一致性实体,领域实体,0.6900,"- 可重复读(REPEATABLE READ):解决脏读、不可重复读,部分解决幻读(MySQL默认级别)",枚举结构关系,事务隔离级别(从低到高):,mysql.txt,1,834,has_part,,0.7130,relation_taxonomy_normalization + direction_normalization + duplicate_merge,"has_part: score=0.713, conf=0.690, support=1, cues=枚举结构"
REPEATABLE READ,has_part,不可重复读,事务与一致性实体,事务与一致性实体,0.7480,"- 可重复读(REPEATABLE READ):解决脏读、不可重复读,部分解决幻读(MySQL默认级别)",枚举结构关系,事务隔离级别(从低到高):,mysql.txt,1,824,has_part,,0.7490,relation_taxonomy_normalization + direction_normalization + duplicate_merge,"has_part: score=0.749, conf=0.748, support=1, cues=枚举结构"
REPEATABLE READ,has_part,幻读,事务与一致性实体,事务与一致性实体,0.6880,"- 可重复读(REPEATABLE READ):解决脏读、不可重复读,部分解决幻读(MySQL默认级别)",枚举结构关系,事务隔离级别(从低到高):,mysql.txt,1,835,has_part,,0.7118,relation_taxonomy_normalization + direction_normalization + duplicate_merge,"has_part: score=0.712, conf=0.688, support=1, cues=枚举结构"
REPEATABLE READ,has_part,脏读,事务与一致性实体,事务与一致性实体,0.7660,"- 可重复读(REPEATABLE READ):解决脏读、不可重复读,部分解决幻读(MySQL默认级别)",枚举结构关系,事务隔离级别(从低到高):,mysql.txt,1,823,has_part,,0.7602,relation_taxonomy_normalization + direction_normalization + duplicate_merge,"has_part: score=0.760, conf=0.766, support=1, cues=枚举结构"
主库,has_part,binlog,主从复制与高可用实体,主从复制与高可用实体,0.7720,"- 主库:开启binlog二进制日志,记录所有数据修改操作",枚举结构关系,主从复制核心原理:,mysql.txt,1,821,has_part,,0.7639,relation_taxonomy_normalization + direction_normalization + duplicate_merge,"has_part: score=0.764, conf=0.772, support=1, cues=枚举结构"
主库,has_part,二进制日志,主从复制与高可用实体,主从复制与高可用实体,0.7360,"- 主库:开启binlog二进制日志,记录所有数据修改操作",枚举结构关系,主从复制核心原理:,mysql.txt,1,826,has_part,,0.7416,relation_taxonomy_normalization + direction_normalization + duplicate_merge,"has_part: score=0.742, conf=0.736, support=1, cues=枚举结构"
从库,has_part,IO线程,主从复制与高可用实体,主从复制与高可用实体,0.7840,"- 从库:IO线程读取主库binlog,写入relay log",枚举结构关系,主从复制核心原理:,mysql.txt,1,820,has_part,,0.7713,relation_taxonomy_normalization + direction_normalization + duplicate_merge,"has_part: score=0.771, conf=0.784, support=1, cues=枚举结构"
从库,has_part,binlog,主从复制与高可用实体,主从复制与高可用实体,0.7360,"- 从库:IO线程读取主库binlog,写入relay log",枚举结构关系,主从复制核心原理:,mysql.txt,1,827,has_part,,0.7416,relation_taxonomy_normalization + direction_normalization + duplicate_merge,"has_part: score=0.742, conf=0.736, support=1, cues=枚举结构"
从库,has_part,relay log,主从复制与高可用实体,主从复制与高可用实体,0.6820,"- 从库:IO线程读取主库binlog,写入relay log",枚举结构关系,主从复制核心原理:,mysql.txt,1,836,has_part,,0.7081,relation_taxonomy_normalization + direction_normalization + duplicate_merge,"has_part: score=0.708, conf=0.682, support=1, cues=枚举结构"
从库,has_part,主库,主从复制与高可用实体,主从复制与高可用实体,0.7480,"- 从库:IO线程读取主库binlog,写入relay log",枚举结构关系,主从复制核心原理:,mysql.txt,1,825,has_part,,0.7490,relation_taxonomy_normalization + direction_normalization + duplicate_merge,"has_part: score=0.749, conf=0.748, support=1, cues=枚举结构"
幻读,has_part,事务,事务与一致性实体,领域实体,0.7920,"- 幻读:一个事务批量操作数据时,另一个事务插入新数据,导致出现未处理的新数据",枚举结构关系,并发事务带来的问题:,mysql.txt,1,819,has_part,,0.7487,relation_taxonomy_normalization + direction_normalization + duplicate_merge,"has_part: score=0.749, conf=0.792, support=1, cues=枚举结构,!导致"
逻辑备份,has_part,SQL,运维与安全实体,领域实体,0.7260,"- 逻辑备份:mysqldump工具导出SQL语句,适合小数据量",枚举结构关系,数据库备份:,mysql.txt,1,830,has_part,,0.7354,relation_taxonomy_normalization + direction_normalization + duplicate_merge,"has_part: score=0.735, conf=0.726, support=1, cues=枚举结构"
逻辑备份,has_part,mysqldump,运维与安全实体,中间件与工具实体,0.8040,"- 逻辑备份:mysqldump工具导出SQL语句,适合小数据量",枚举结构关系,数据库备份:,mysql.txt,1,817,has_part,,0.7837,relation_taxonomy_normalization + direction_normalization + duplicate_merge,"has_part: score=0.784, conf=0.804, support=1, cues=枚举结构"
CPU,is_a,操作系统,资源与硬件实体,领域实体,0.8200,"由于 CPU 是极其宝贵的资源,操作系统必须决定“谁先运行、运行多久、何时切换”",上下位关系,操作系统的主要功能,os.txt,1,866,is_a,,0.7976,relation_taxonomy_normalization + direction_normalization + duplicate_merge,"is_a: score=0.798, conf=0.820, support=1, cues=上下位"
CPU 利用率,is_a,调度,处理器与调度实体,处理器与调度实体,0.7500,调度的目标通常包括提高 CPU 利用率、增加系统吞吐量、减少周转时间、缩短响应时间和保证公平性,上位包含关系,处理器调度与调度算法,os.txt,1,922,is_a,,0.5978,relation_taxonomy_normalization + direction_normalization + duplicate_merge,"is_a: score=0.598, conf=0.750, support=1, cues=!包含,!包括"
Deadlock,is_a,进程,死锁相关实体,核心抽象实体,0.8500,"死锁(Deadlock)是指多个进程因争夺资源而形成相互等待,从而都无法继续执行的状态",上下位关系,进程同步、互斥与死锁,os.txt,1,854,is_a,,0.8162,relation_taxonomy_normalization + direction_normalization + duplicate_merge,"is_a: score=0.816, conf=0.850, support=1, cues=上下位"
FCFS,is_a,调度,调度算法实体,处理器与调度实体,0.6300,"常见的调度算法包括先来先服务(First Come First Served,FCFS)、短作业优先(Shortest Job First,SJF)、时间片轮转(Round Robin,RR)、优先级调度和多级反馈队列(Multilevel Feedback Queue)等",上位包含关系,处理器调度与调度算法,os.txt,1,1029,is_a,,0.5234,relation_taxonomy_normalization + direction_normalization + duplicate_merge,"is_a: score=0.523, conf=0.630, support=1, cues=!包含,!包括"
First Come First Served,is_a,调度,调度算法实体,处理器与调度实体,0.7700,"常见的调度算法包括先来先服务(First Come First Served,FCFS)、短作业优先(Shortest Job First,SJF)、时间片轮转(Round Robin,RR)、优先级调度和多级反馈队列(Multilevel Feedback Queue)等",上位包含关系,处理器调度与调度算法,os.txt,1,901,is_a,,0.6102,relation_taxonomy_normalization + direction_normalization + duplicate_merge,"is_a: score=0.610, conf=0.770, support=1, cues=!包含,!包括"
Linux,is_a,计算机系统,系统与平台实体,领域实体,0.7960,"从课程学习的角度来看,操作系统并不是单纯介绍某一个具体系统,如 Windows、Linux 或 macOS,而是研究“计算机系统如何高效、安全、可靠地运行”的一般规律",上下位关系,操作系统的概念与地位,os.txt,1,882,is_a,,0.7828,relation_taxonomy_normalization + direction_normalization + duplicate_merge,"is_a: score=0.783, conf=0.796, support=1, cues=上下位"
Linux 进程与线程,implemented_by,模拟进程调度,核心抽象实体,核心抽象实体,0.7920,"通过编写简单 Shell、模拟进程调度、实现页面置换算法、观察 Linux 进程与线程、分析文件系统命令输出等方式,能够把理论知识与真实系统联系起来",实现关系,操作系统课程的学习方法,os.txt,1,885,implemented_by,,0.7944,relation_taxonomy_normalization + direction_normalization + duplicate_merge,"implemented_by: score=0.794, conf=0.792, support=1, cues=实现关系,实现"
OS,is_a,系统软件,领域实体,领域实体,0.7880,"操作系统(Operating System,简称 OS)是计算机系统中最核心的系统软件之一,它位于硬件与应用程序之间,承担资源管理、任务调度、服务提供和用户接口等重要职责",上下位关系,操作系统的概念与地位,os.txt,1,888,is_a,,0.7778,relation_taxonomy_normalization + direction_normalization + duplicate_merge,"is_a: score=0.778, conf=0.788, support=1, cues=上下位"
OS,is_a,计算机系统,领域实体,领域实体,0.8480,"操作系统(Operating System,简称 OS)是计算机系统中最核心的系统软件之一,它位于硬件与应用程序之间,承担资源管理、任务调度、服务提供和用户接口等重要职责",上下位关系,操作系统的概念与地位,os.txt,1,855,is_a,,0.8150,relation_taxonomy_normalization + direction_normalization + duplicate_merge,"is_a: score=0.815, conf=0.848, support=1, cues=上下位"
OS,is_a,资源管理,领域实体,领域实体,0.6600,"操作系统(Operating System,简称 OS)是计算机系统中最核心的系统软件之一,它位于硬件与应用程序之间,承担资源管理、任务调度、服务提供和用户接口等重要职责",上下位关系,操作系统的概念与地位,os.txt,1,1007,is_a,,0.6984,relation_taxonomy_normalization + direction_normalization + duplicate_merge,"is_a: score=0.698, conf=0.660, support=1, cues=上下位"
Operating System,is_a,系统软件,领域实体,领域实体,0.7520,"操作系统(Operating System,简称 OS)是计算机系统中最核心的系统软件之一,它位于硬件与应用程序之间,承担资源管理、任务调度、服务提供和用户接口等重要职责",上下位关系,操作系统的概念与地位,os.txt,1,921,is_a,,0.7555,relation_taxonomy_normalization + direction_normalization + duplicate_merge,"is_a: score=0.755, conf=0.752, support=1, cues=上下位"
Operating System,is_a,计算机系统,领域实体,领域实体,0.8120,"操作系统(Operating System,简称 OS)是计算机系统中最核心的系统软件之一,它位于硬件与应用程序之间,承担资源管理、任务调度、服务提供和用户接口等重要职责",上下位关系,操作系统的概念与地位,os.txt,1,870,is_a,,0.7927,relation_taxonomy_normalization + direction_normalization + duplicate_merge,"is_a: score=0.793, conf=0.812, support=1, cues=上下位"
Paging,is_a,内存,内存管理实体,资源与硬件实体,0.6300,"为了提升内存利用率并简化分配管理,现代操作系统普遍采用非连续分配技术,主要包括分页(Paging)和分段(Segmentation)",上位包含关系,内存管理与虚拟内存,os.txt,1,1030,is_a,,0.5234,relation_taxonomy_normalization + direction_normalization + duplicate_merge,"is_a: score=0.523, conf=0.630, support=1, cues=!包含,!包括"
Paging,is_a,操作系统,内存管理实体,领域实体,0.7160,"为了提升内存利用率并简化分配管理,现代操作系统普遍采用非连续分配技术,主要包括分页(Paging)和分段(Segmentation)",上位包含关系,内存管理与虚拟内存,os.txt,1,955,is_a,,0.5768,relation_taxonomy_normalization + direction_normalization + duplicate_merge,"is_a: score=0.577, conf=0.716, support=1, cues=!包含,!包括"
Paging,is_a,非连续分配,内存管理实体,内存管理实体,0.7500,"为了提升内存利用率并简化分配管理,现代操作系统普遍采用非连续分配技术,主要包括分页(Paging)和分段(Segmentation)",上位包含关系,内存管理与虚拟内存,os.txt,1,923,is_a,,0.5978,relation_taxonomy_normalization + direction_normalization + duplicate_merge,"is_a: score=0.598, conf=0.750, support=1, cues=!包含,!包括"
Process,is_a,操作系统,进程与线程实体,领域实体,0.8680,进程(Process)是操作系统课程中最重要的概念之一,上下位关系,进程与线程,os.txt,1,845,is_a,,0.8274,relation_taxonomy_normalization + direction_normalization + duplicate_merge,"is_a: score=0.827, conf=0.868, support=1, cues=上下位"
Segmentation,is_a,内存,内存管理实体,资源与硬件实体,0.6300,"为了提升内存利用率并简化分配管理,现代操作系统普遍采用非连续分配技术,主要包括分页(Paging)和分段(Segmentation)",上位包含关系,内存管理与虚拟内存,os.txt,1,1031,is_a,,0.5234,relation_taxonomy_normalization + direction_normalization + duplicate_merge,"is_a: score=0.523, conf=0.630, support=1, cues=!包含,!包括"
Segmentation,is_a,操作系统,内存管理实体,领域实体,0.6500,"为了提升内存利用率并简化分配管理,现代操作系统普遍采用非连续分配技术,主要包括分页(Paging)和分段(Segmentation)",上位包含关系,内存管理与虚拟内存,os.txt,1,1016,is_a,,0.5358,relation_taxonomy_normalization + direction_normalization + duplicate_merge,"is_a: score=0.536, conf=0.650, support=1, cues=!包含,!包括"
Segmentation,is_a,非连续分配,内存管理实体,内存管理实体,0.6840,"为了提升内存利用率并简化分配管理,现代操作系统普遍采用非连续分配技术,主要包括分页(Paging)和分段(Segmentation)",上位包含关系,内存管理与虚拟内存,os.txt,1,983,is_a,,0.5569,relation_taxonomy_normalization + direction_normalization + duplicate_merge,"is_a: score=0.557, conf=0.684, support=1, cues=!包含,!包括"
Shortest Job First,is_a,调度,调度算法实体,处理器与调度实体,0.6300,"常见的调度算法包括先来先服务(First Come First Served,FCFS)、短作业优先(Shortest Job First,SJF)、时间片轮转(Round Robin,RR)、优先级调度和多级反馈队列(Multilevel Feedback Queue)等",上位包含关系,处理器调度与调度算法,os.txt,1,1032,is_a,,0.5234,relation_taxonomy_normalization + direction_normalization + duplicate_merge,"is_a: score=0.523, conf=0.630, support=1, cues=!包含,!包括"
Thrashing,alias_of,进程,虚拟内存与页面置换实体,核心抽象实体,0.9400,"课程中还会讨论抖动(Thrashing)现象,即进程频繁换页导致系统大部分时间都用于页面调度而非真正计算,这反映出内存管理与系统性能之间的紧密联系",别名关系,内存管理与虚拟内存,os.txt,1,839,alias_of,,0.8258,relation_taxonomy_normalization + direction_normalization + duplicate_merge,"alias_of: score=0.826, conf=0.940, support=1, cues=别名,!用于,!导致"
Thrashing,used_for,内存,虚拟内存与页面置换实体,资源与硬件实体,0.6600,"课程中还会讨论抖动(Thrashing)现象,即进程频繁换页导致系统大部分时间都用于页面调度而非真正计算,这反映出内存管理与系统性能之间的紧密联系",用途关系,内存管理与虚拟内存,os.txt,1,1008 | 1017,used_for | causes,causes,0.6769,relation_taxonomy_normalization + direction_normalization + evidence_weighted_relation_voting,"used_for: score=0.677, conf=0.660, support=1, cues=用途,用于,!导致；causes: score=0.675, conf=0.650, support=1, cues=因果,导致,!用于；low_margin=0.002"
Thrashing,used_for,页面调度,虚拟内存与页面置换实体,资源与硬件实体,0.7220,"课程中还会讨论抖动(Thrashing)现象,即进程频繁换页导致系统大部分时间都用于页面调度而非真正计算,这反映出内存管理与系统性能之间的紧密联系",用途关系,内存管理与虚拟内存,os.txt,1,949 | 959,used_for | causes,causes,0.7154,relation_taxonomy_normalization + direction_normalization + evidence_weighted_relation_voting,"used_for: score=0.715, conf=0.722, support=1, cues=用途,用于,!导致；causes: score=0.713, conf=0.712, support=1, cues=因果,导致,!用于；low_margin=0.002"
Thread,is_a,CPU,进程与线程实体,资源与硬件实体,0.7540,"线程(Thread)则是比进程更轻量的执行单位,通常被称为 CPU 调度的基本单位",上下位关系,进程与线程,os.txt,1,918,is_a,,0.7567,relation_taxonomy_normalization + direction_normalization + duplicate_merge,"is_a: score=0.757, conf=0.754, support=1, cues=上下位"
Thread,is_a,调度,进程与线程实体,处理器与调度实体,0.7300,"线程(Thread)则是比进程更轻量的执行单位,通常被称为 CPU 调度的基本单位",上下位关系,进程与线程,os.txt,1,941,is_a,,0.7418,relation_taxonomy_normalization + direction_normalization + duplicate_merge,"is_a: score=0.742, conf=0.730, support=1, cues=上下位"
Thread,is_a,进程,进程与线程实体,核心抽象实体,0.8560,"线程(Thread)则是比进程更轻量的执行单位,通常被称为 CPU 调度的基本单位",上下位关系,进程与线程,os.txt,1,851,is_a,,0.8200,relation_taxonomy_normalization + direction_normalization + duplicate_merge,"is_a: score=0.820, conf=0.856, support=1, cues=上下位"
Virtual Memory,is_a,内存,虚拟内存与页面置换实体,资源与硬件实体,0.7360,"虚拟内存(Virtual Memory)是操作系统的一项重要技术,它使程序不必全部装入内存即可运行",上下位关系,内存管理与虚拟内存,os.txt,1,935,is_a,,0.7456,relation_taxonomy_normalization + direction_normalization + duplicate_merge,"is_a: score=0.746, conf=0.736, support=1, cues=上下位"
Virtual Memory,is_a,操作系统,虚拟内存与页面置换实体,领域实体,0.8680,"虚拟内存(Virtual Memory)是操作系统的一项重要技术,它使程序不必全部装入内存即可运行",上下位关系,内存管理与虚拟内存,os.txt,1,846,is_a,,0.8274,relation_taxonomy_normalization + direction_normalization + duplicate_merge,"is_a: score=0.827, conf=0.868, support=1, cues=上下位"
Windows,is_a,计算机系统,系统与平台实体,领域实体,0.7600,"从课程学习的角度来看,操作系统并不是单纯介绍某一个具体系统,如 Windows、Linux 或 macOS,而是研究“计算机系统如何高效、安全、可靠地运行”的一般规律",上下位关系,操作系统的概念与地位,os.txt,1,909,is_a,,0.7604,relation_taxonomy_normalization + direction_normalization + duplicate_merge,"is_a: score=0.760, conf=0.760, support=1, cues=上下位"
macOS,is_a,计算机系统,系统与平台实体,领域实体,0.8440,"从课程学习的角度来看,操作系统并不是单纯介绍某一个具体系统,如 Windows、Linux 或 macOS,而是研究“计算机系统如何高效、安全、可靠地运行”的一般规律",上下位关系,操作系统的概念与地位,os.txt,1,856,is_a,,0.8125,relation_taxonomy_normalization + direction_normalization + duplicate_merge,"is_a: score=0.813, conf=0.844, support=1, cues=上下位"
两级目录,is_a,操作系统,核心抽象实体,领域实体,0.6680,"操作系统通过目录结构组织大量文件,常见的目录结构包括单级目录、两级目录和树形目录",上位包含关系,文件系统,os.txt,1,999,is_a,,0.5470,relation_taxonomy_normalization + direction_normalization + duplicate_merge,"is_a: score=0.547, conf=0.668, support=1, cues=!包含,!包括"
两级目录,is_a,文件,核心抽象实体,核心抽象实体,0.7200,"操作系统通过目录结构组织大量文件,常见的目录结构包括单级目录、两级目录和树形目录",上位包含关系,文件系统,os.txt,1,951,is_a,,0.5792,relation_taxonomy_normalization + direction_normalization + duplicate_merge,"is_a: score=0.579, conf=0.720, support=1, cues=!包含,!包括"
两级目录,is_a,目录,核心抽象实体,核心抽象实体,0.7560,"操作系统通过目录结构组织大量文件,常见的目录结构包括单级目录、两级目录和树形目录",上位包含关系,文件系统,os.txt,1,916,is_a,,0.6016,relation_taxonomy_normalization + direction_normalization + duplicate_merge,"is_a: score=0.602, conf=0.756, support=1, cues=!包含,!包括"
中断处理,is_a,设备管理,处理器与调度实体,功能模块实体,0.7040,设备管理的基础包括设备分类、设备控制器、驱动程序和中断处理,上位包含关系,设备管理与输入输出系统,os.txt,1,967,is_a,,0.5693,relation_taxonomy_normalization + direction_normalization + duplicate_merge,"is_a: score=0.569, conf=0.704, support=1, cues=!包含,!包括"
互斥,is_a,临界区,同步与互斥实体,同步与互斥实体,0.7640,互斥是指在某一时刻只允许一个进程进入临界区访问共享资源,上下位关系,进程同步、互斥与死锁,os.txt,1,907,is_a,,0.7629,relation_taxonomy_normalization + direction_normalization + duplicate_merge,"is_a: score=0.763, conf=0.764, support=1, cues=上下位"
互斥,is_a,共享资源,同步与互斥实体,同步与互斥实体,0.7340,互斥是指在某一时刻只允许一个进程进入临界区访问共享资源,上下位关系,进程同步、互斥与死锁,os.txt,1,937,is_a,,0.7443,relation_taxonomy_normalization + direction_normalization + duplicate_merge,"is_a: score=0.744, conf=0.734, support=1, cues=上下位"
互斥,is_a,进程,同步与互斥实体,核心抽象实体,0.8080,互斥是指在某一时刻只允许一个进程进入临界区访问共享资源,上下位关系,进程同步、互斥与死锁,os.txt,1,873,is_a,,0.7902,relation_taxonomy_normalization + direction_normalization + duplicate_merge,"is_a: score=0.790, conf=0.808, support=1, cues=上下位"
假脱机,used_for,共享,设备管理与I/O实体,核心思想与性质实体,0.7700,"假脱机技术常用于打印系统,使多个任务共享独占型设备",用途关系,设备管理与输入输出系统,os.txt,1,902,used_for,,0.7888,relation_taxonomy_normalization + direction_normalization + duplicate_merge,"used_for: score=0.789, conf=0.770, support=1, cues=用途,用于,常用于"
假脱机,used_for,独占型设备,设备管理与I/O实体,核心思想与性质实体,0.7580,"假脱机技术常用于打印系统,使多个任务共享独占型设备",用途关系,设备管理与输入输出系统,os.txt,1,911,used_for,,0.7814,relation_taxonomy_normalization + direction_normalization + duplicate_merge,"used_for: score=0.781, conf=0.758, support=1, cues=用途,用于,常用于"
先来先服务,is_a,调度,调度算法实体,处理器与调度实体,0.8060,"常见的调度算法包括先来先服务(First Come First Served,FCFS)、短作业优先(Shortest Job First,SJF)、时间片轮转(Round Robin,RR)、优先级调度和多级反馈队列(Multilevel Feedback Queue)等",上位包含关系,处理器调度与调度算法,os.txt,1,876,is_a,,0.6326,relation_taxonomy_normalization + direction_normalization + duplicate_merge,"is_a: score=0.633, conf=0.806, support=1, cues=!包含,!包括"
公平性,is_a,调度,处理器与调度实体,处理器与调度实体,0.6100,调度的目标通常包括提高 CPU 利用率、增加系统吞吐量、减少周转时间、缩短响应时间和保证公平性,上位包含关系,处理器调度与调度算法,os.txt,1,1050,is_a,,0.5110,relation_taxonomy_normalization + direction_normalization + duplicate_merge,"is_a: score=0.511, conf=0.610, support=1, cues=!包含,!包括"
内存,alias_of,虚拟内存,资源与硬件实体,核心抽象实体,0.8800,"与虚拟内存密切相关的是页面置换算法,即当内存已满而仍需调入新页面时,系统应选择哪个旧页面换出",别名关系,内存管理与虚拟内存,os.txt,1,843,alias_of,,0.8438,relation_taxonomy_normalization + direction_normalization + duplicate_merge,"alias_of: score=0.844, conf=0.880, support=1, cues=别名"
内存,alias_of,页面置换算法,资源与硬件实体,资源与硬件实体,0.9320,"与虚拟内存密切相关的是页面置换算法,即当内存已满而仍需调入新页面时,系统应选择哪个旧页面换出",别名关系,内存管理与虚拟内存,os.txt,1,840,alias_of,,0.8761,relation_taxonomy_normalization + direction_normalization + duplicate_merge,"alias_of: score=0.876, conf=0.932, support=1, cues=别名"
内存,has_part,Paging,资源与硬件实体,内存管理实体,0.6100,"为了提升内存利用率并简化分配管理,现代操作系统普遍采用非连续分配技术,主要包括分页(Paging)和分段(Segmentation)",整体部分关系,内存管理与虚拟内存,os.txt,1,1051,has_part,,0.6795,relation_taxonomy_normalization + direction_normalization + duplicate_merge,"has_part: score=0.680, conf=0.610, support=1, cues=整体部分,包括"
内存,has_part,Segmentation,资源与硬件实体,内存管理实体,0.6100,"为了提升内存利用率并简化分配管理,现代操作系统普遍采用非连续分配技术,主要包括分页(Paging)和分段(Segmentation)",整体部分关系,内存管理与虚拟内存,os.txt,1,1052,has_part,,0.6795,relation_taxonomy_normalization + direction_normalization + duplicate_merge,"has_part: score=0.680, conf=0.610, support=1, cues=整体部分,包括"
内存,has_part,分段,资源与硬件实体,内存管理实体,0.6100,"为了提升内存利用率并简化分配管理,现代操作系统普遍采用非连续分配技术,主要包括分页(Paging)和分段(Segmentation)",整体部分关系,内存管理与虚拟内存,os.txt,1,1053,has_part,,0.6795,relation_taxonomy_normalization + direction_normalization + duplicate_merge,"has_part: score=0.680, conf=0.610, support=1, cues=整体部分,包括"
内存,has_part,分页,资源与硬件实体,资源与硬件实体,0.5920,"为了提升内存利用率并简化分配管理,现代操作系统普遍采用非连续分配技术,主要包括分页(Paging)和分段(Segmentation)",整体部分关系,内存管理与虚拟内存,os.txt,1,1065,has_part,,0.6684,relation_taxonomy_normalization + direction_normalization + duplicate_merge,"has_part: score=0.668, conf=0.592, support=1, cues=整体部分,包括"
内存,implemented_by,死锁,资源与硬件实体,同步与互斥实体,0.8240,"它既关注理论问题,例如进程同步为何会产生死锁,也关注工程实现,例如内存如何分页、磁盘如何调度",实现关系,操作系统的概念与地位,os.txt,1,863,implemented_by,,0.8142,relation_taxonomy_normalization + direction_normalization + duplicate_merge,"implemented_by: score=0.814, conf=0.824, support=1, cues=实现关系,实现"
内存,is_a,操作系统,资源与硬件实体,领域实体,0.8620,内存管理是操作系统中技术性很强的一部分,上下位关系,内存管理与虚拟内存,os.txt,1,848,is_a,,0.8237,relation_taxonomy_normalization + direction_normalization + duplicate_merge,"is_a: score=0.824, conf=0.862, support=1, cues=上下位"
内核,is_a,中断处理,领域实体,处理器与调度实体,0.7600,"内核是最核心的部分,负责进程调度、内存管理、中断处理、设备控制等关键操作",上下位关系,操作系统的结构与运行机制,os.txt,1,910,is_a,,0.7604,relation_taxonomy_normalization + direction_normalization + duplicate_merge,"is_a: score=0.760, conf=0.760, support=1, cues=上下位"
内核,is_a,内存,领域实体,资源与硬件实体,0.7900,"内核是最核心的部分,负责进程调度、内存管理、中断处理、设备控制等关键操作",上下位关系,操作系统的结构与运行机制,os.txt,1,886,is_a,,0.7790,relation_taxonomy_normalization + direction_normalization + duplicate_merge,"is_a: score=0.779, conf=0.790, support=1, cues=上下位"
内核,is_a,操作系统,领域实体,领域实体,0.7080,"按照结构设计思想不同,操作系统可以分为整体式结构、层次式结构、微内核结构、模块化结构等",上位包含关系,操作系统的结构与运行机制,os.txt,1,963,is_a,,0.5994,relation_taxonomy_normalization + direction_normalization + duplicate_merge,"is_a: score=0.599, conf=0.708, support=1, cues=!包含"
内核,is_a,进程调度,领域实体,核心抽象实体,0.8200,"内核是最核心的部分,负责进程调度、内存管理、中断处理、设备控制等关键操作",上下位关系,操作系统的结构与运行机制,os.txt,1,867,is_a,,0.7976,relation_taxonomy_normalization + direction_normalization + duplicate_merge,"is_a: score=0.798, conf=0.820, support=1, cues=上下位"
内核态,alias_of,处理器,领域实体,资源与硬件实体,0.9220,"操作系统运行离不开两种处理器状态,即用户态和内核态",别名关系,操作系统的结构与运行机制,os.txt,1,841,alias_of,,0.8699,relation_taxonomy_normalization + direction_normalization + duplicate_merge,"alias_of: score=0.870, conf=0.922, support=1, cues=别名"
内核态,alias_of,操作系统,领域实体,领域实体,0.8420,"操作系统运行离不开两种处理器状态,即用户态和内核态",别名关系,操作系统的结构与运行机制,os.txt,1,858,alias_of,,0.8203,relation_taxonomy_normalization + direction_normalization + duplicate_merge,"alias_of: score=0.820, conf=0.842, support=1, cues=别名"
分段,is_a,内存,内存管理实体,资源与硬件实体,0.6300,"为了提升内存利用率并简化分配管理,现代操作系统普遍采用非连续分配技术,主要包括分页(Paging)和分段(Segmentation)",上位包含关系,内存管理与虚拟内存,os.txt,1,1033,is_a,,0.5234,relation_taxonomy_normalization + direction_normalization + duplicate_merge,"is_a: score=0.523, conf=0.630, support=1, cues=!包含,!包括"
分段,is_a,操作系统,内存管理实体,领域实体,0.6680,"为了提升内存利用率并简化分配管理,现代操作系统普遍采用非连续分配技术,主要包括分页(Paging)和分段(Segmentation)",上位包含关系,内存管理与虚拟内存,os.txt,1,1000,is_a,,0.5470,relation_taxonomy_normalization + direction_normalization + duplicate_merge,"is_a: score=0.547, conf=0.668, support=1, cues=!包含,!包括"
分段,is_a,非连续分配,内存管理实体,内存管理实体,0.7020,"为了提升内存利用率并简化分配管理,现代操作系统普遍采用非连续分配技术,主要包括分页(Paging)和分段(Segmentation)",上位包含关系,内存管理与虚拟内存,os.txt,1,970,is_a,,0.5681,relation_taxonomy_normalization + direction_normalization + duplicate_merge,"is_a: score=0.568, conf=0.702, support=1, cues=!包含,!包括"
分页,implemented_by,死锁,资源与硬件实体,同步与互斥实体,0.8000,"它既关注理论问题,例如进程同步为何会产生死锁,也关注工程实现,例如内存如何分页、磁盘如何调度",实现关系,操作系统的概念与地位,os.txt,1,880,implemented_by,,0.7993,relation_taxonomy_normalization + direction_normalization + duplicate_merge,"implemented_by: score=0.799, conf=0.800, support=1, cues=实现关系,实现"
分页,is_a,内存,资源与硬件实体,资源与硬件实体,0.6120,"为了提升内存利用率并简化分配管理,现代操作系统普遍采用非连续分配技术,主要包括分页(Paging)和分段(Segmentation)",上位包含关系,内存管理与虚拟内存,os.txt,1,1048,is_a,,0.5123,relation_taxonomy_normalization + direction_normalization + duplicate_merge,"is_a: score=0.512, conf=0.612, support=1, cues=!包含,!包括"
分页,is_a,操作系统,资源与硬件实体,领域实体,0.7340,"为了提升内存利用率并简化分配管理,现代操作系统普遍采用非连续分配技术,主要包括分页(Paging)和分段(Segmentation)",上位包含关系,内存管理与虚拟内存,os.txt,1,938,is_a,,0.5879,relation_taxonomy_normalization + direction_normalization + duplicate_merge,"is_a: score=0.588, conf=0.734, support=1, cues=!包含,!包括"
分页,is_a,非连续分配,资源与硬件实体,内存管理实体,0.7880,"为了提升内存利用率并简化分配管理,现代操作系统普遍采用非连续分配技术,主要包括分页(Paging)和分段(Segmentation)",上位包含关系,内存管理与虚拟内存,os.txt,1,889,is_a,,0.6214,relation_taxonomy_normalization + direction_normalization + duplicate_merge,"is_a: score=0.621, conf=0.788, support=1, cues=!包含,!包括"
单级目录,is_a,操作系统,核心抽象实体,领域实体,0.6980,"操作系统通过目录结构组织大量文件,常见的目录结构包括单级目录、两级目录和树形目录",上位包含关系,文件系统,os.txt,1,974,is_a,,0.5656,relation_taxonomy_normalization + direction_normalization + duplicate_merge,"is_a: score=0.566, conf=0.698, support=1, cues=!包含,!包括"
单级目录,is_a,文件,核心抽象实体,核心抽象实体,0.7500,"操作系统通过目录结构组织大量文件,常见的目录结构包括单级目录、两级目录和树形目录",上位包含关系,文件系统,os.txt,1,924,is_a,,0.5978,relation_taxonomy_normalization + direction_normalization + duplicate_merge,"is_a: score=0.598, conf=0.750, support=1, cues=!包含,!包括"
单级目录,is_a,目录,核心抽象实体,核心抽象实体,0.7860,"操作系统通过目录结构组织大量文件,常见的目录结构包括单级目录、两级目录和树形目录",上位包含关系,文件系统,os.txt,1,892,is_a,,0.6202,relation_taxonomy_normalization + direction_normalization + duplicate_merge,"is_a: score=0.620, conf=0.786, support=1, cues=!包含,!包括"
周转时间,is_a,调度,处理器与调度实体,处理器与调度实体,0.6420,调度的目标通常包括提高 CPU 利用率、增加系统吞吐量、减少周转时间、缩短响应时间和保证公平性,上位包含关系,处理器调度与调度算法,os.txt,1,1024,is_a,,0.5309,relation_taxonomy_normalization + direction_normalization + duplicate_merge,"is_a: score=0.531, conf=0.642, support=1, cues=!包含,!包括"
响应时间,is_a,调度,处理器与调度实体,处理器与调度实体,0.6100,调度的目标通常包括提高 CPU 利用率、增加系统吞吐量、减少周转时间、缩短响应时间和保证公平性,上位包含关系,处理器调度与调度算法,os.txt,1,1054,is_a,,0.5110,relation_taxonomy_normalization + direction_normalization + duplicate_merge,"is_a: score=0.511, conf=0.610, support=1, cues=!包含,!包括"
地址映射,is_a,分页,内存管理实体,资源与硬件实体,0.6300,"分页将逻辑地址空间和物理内存都划分为固定大小的页和页框,程序运行时通过页表完成地址映射",上位包含关系,内存管理与虚拟内存,os.txt,1,1034,is_a,,0.5510,relation_taxonomy_normalization + direction_normalization + duplicate_merge,"is_a: score=0.551, conf=0.630, support=1, cues=!包含"
地址映射,is_a,物理内存,内存管理实体,资源与硬件实体,0.6800,"分页将逻辑地址空间和物理内存都划分为固定大小的页和页框,程序运行时通过页表完成地址映射",上位包含关系,内存管理与虚拟内存,os.txt,1,989,is_a,,0.5820,relation_taxonomy_normalization + direction_normalization + duplicate_merge,"is_a: score=0.582, conf=0.680, support=1, cues=!包含"
地址映射,is_a,逻辑地址空间,内存管理实体,核心抽象实体,0.6500,"分页将逻辑地址空间和物理内存都划分为固定大小的页和页框,程序运行时通过页表完成地址映射",上位包含关系,内存管理与虚拟内存,os.txt,1,1018,is_a,,0.5634,relation_taxonomy_normalization + direction_normalization + duplicate_merge,"is_a: score=0.563, conf=0.650, support=1, cues=!包含"
地址空间,is_a,进程,核心抽象实体,核心抽象实体,0.6660,"进程不仅包含程序本身,还包括程序计数器、寄存器内容、地址空间、打开的文件、相关资源和运行状态等信息",上位包含关系,进程与线程,os.txt,1,1002,is_a,,0.5458,relation_taxonomy_normalization + direction_normalization + duplicate_merge,"is_a: score=0.546, conf=0.666, support=1, cues=!包含,!包括"
处理器,alias_of,用户态,资源与硬件实体,核心抽象实体,0.9460,"操作系统运行离不开两种处理器状态,即用户态和内核态",别名关系,操作系统的结构与运行机制,os.txt,1,838,alias_of,,0.8848,relation_taxonomy_normalization + direction_normalization + duplicate_merge,"alias_of: score=0.885, conf=0.946, support=1, cues=别名"
处理器管理,has_part,安全保护,资源与硬件实体,功能模块实体,0.6300,"操作系统的功能通常可以归纳为处理器管理、存储管理、设备管理和文件管理四大部分,同时还包括用户接口、安全保护、网络通信和系统调用等内容",整体部分关系,操作系统的主要功能,os.txt,1,1035,has_part,,0.6919,relation_taxonomy_normalization + direction_normalization + duplicate_merge,"has_part: score=0.692, conf=0.630, support=1, cues=整体部分,包括"
处理器管理,has_part,用户接口,资源与硬件实体,领域实体,0.6600,"操作系统的功能通常可以归纳为处理器管理、存储管理、设备管理和文件管理四大部分,同时还包括用户接口、安全保护、网络通信和系统调用等内容",整体部分关系,操作系统的主要功能,os.txt,1,1009,has_part,,0.7105,relation_taxonomy_normalization + direction_normalization + duplicate_merge,"has_part: score=0.711, conf=0.660, support=1, cues=整体部分,包括"
处理器管理,has_part,系统调用,资源与硬件实体,领域实体,0.6100,"操作系统的功能通常可以归纳为处理器管理、存储管理、设备管理和文件管理四大部分,同时还包括用户接口、安全保护、网络通信和系统调用等内容",整体部分关系,操作系统的主要功能,os.txt,1,1055,has_part,,0.6795,relation_taxonomy_normalization + direction_normalization + duplicate_merge,"has_part: score=0.680, conf=0.610, support=1, cues=整体部分,包括"
处理器管理,has_part,网络通信,资源与硬件实体,功能模块实体,0.6100,"操作系统的功能通常可以归纳为处理器管理、存储管理、设备管理和文件管理四大部分,同时还包括用户接口、安全保护、网络通信和系统调用等内容",整体部分关系,操作系统的主要功能,os.txt,1,1056,has_part,,0.6795,relation_taxonomy_normalization + direction_normalization + duplicate_merge,"has_part: score=0.680, conf=0.610, support=1, cues=整体部分,包括"
处理器管理,is_a,CPU,资源与硬件实体,资源与硬件实体,0.8120,处理器管理的核心任务是让 CPU 合理地服务多个程序,上下位关系,操作系统的主要功能,os.txt,1,871,is_a,,0.7927,relation_taxonomy_normalization + direction_normalization + duplicate_merge,"is_a: score=0.793, conf=0.812, support=1, cues=上下位"
多线程,used_for,图形界面程序,核心抽象实体,发展历程实体,0.7460,"多线程机制有助于提升程序并发能力,尤其适用于图形界面程序、服务器程序和并行计算任务",用途关系,进程与线程,os.txt,1,928,used_for,,0.7740,relation_taxonomy_normalization + direction_normalization + duplicate_merge,"used_for: score=0.774, conf=0.746, support=1, cues=用途,用于,适用于"
多线程,used_for,并行计算任务,核心抽象实体,进程与线程实体,0.6680,"多线程机制有助于提升程序并发能力,尤其适用于图形界面程序、服务器程序和并行计算任务",用途关系,进程与线程,os.txt,1,1001,used_for,,0.7256,relation_taxonomy_normalization + direction_normalization + duplicate_merge,"used_for: score=0.726, conf=0.668, support=1, cues=用途,用于,适用于"
多线程,used_for,服务器程序,核心抽象实体,系统与平台实体,0.7040,"多线程机制有助于提升程序并发能力,尤其适用于图形界面程序、服务器程序和并行计算任务",用途关系,进程与线程,os.txt,1,968,used_for,,0.7479,relation_taxonomy_normalization + direction_normalization + duplicate_merge,"used_for: score=0.748, conf=0.704, support=1, cues=用途,用于,适用于"
多道程序设计,is_a,CPU,发展历程实体,资源与硬件实体,0.6880,"所谓多道程序设计,是指将多个程序同时装入内存,在一个程序因输入输出操作而等待时,CPU 可以切换去执行其他程序,从而减少处理器空闲时间,提高系统吞吐量",上下位关系,操作系统的发展历程,os.txt,1,981,is_a,,0.7158,relation_taxonomy_normalization + direction_normalization + duplicate_merge,"is_a: score=0.716, conf=0.688, support=1, cues=上下位"
多道程序设计,is_a,内存,发展历程实体,资源与硬件实体,0.8080,"所谓多道程序设计,是指将多个程序同时装入内存,在一个程序因输入输出操作而等待时,CPU 可以切换去执行其他程序,从而减少处理器空闲时间,提高系统吞吐量",上下位关系,操作系统的发展历程,os.txt,1,874,is_a,,0.7902,relation_taxonomy_normalization + direction_normalization + duplicate_merge,"is_a: score=0.790, conf=0.808, support=1, cues=上下位"
存储管理,has_part,安全保护,功能模块实体,功能模块实体,0.6400,"操作系统的功能通常可以归纳为处理器管理、存储管理、设备管理和文件管理四大部分,同时还包括用户接口、安全保护、网络通信和系统调用等内容",整体部分关系,操作系统的主要功能,os.txt,1,1025,has_part,,0.6981,relation_taxonomy_normalization + direction_normalization + duplicate_merge,"has_part: score=0.698, conf=0.640, support=1, cues=整体部分,包括"
存储管理,has_part,用户接口,功能模块实体,领域实体,0.6900,"操作系统的功能通常可以归纳为处理器管理、存储管理、设备管理和文件管理四大部分,同时还包括用户接口、安全保护、网络通信和系统调用等内容",整体部分关系,操作系统的主要功能,os.txt,1,976,has_part,,0.7291,relation_taxonomy_normalization + direction_normalization + duplicate_merge,"has_part: score=0.729, conf=0.690, support=1, cues=整体部分,包括"
存储管理,has_part,系统调用,功能模块实体,领域实体,0.6100,"操作系统的功能通常可以归纳为处理器管理、存储管理、设备管理和文件管理四大部分,同时还包括用户接口、安全保护、网络通信和系统调用等内容",整体部分关系,操作系统的主要功能,os.txt,1,1057,has_part,,0.6795,relation_taxonomy_normalization + direction_normalization + duplicate_merge,"has_part: score=0.680, conf=0.610, support=1, cues=整体部分,包括"
存储管理,has_part,网络通信,功能模块实体,功能模块实体,0.6100,"操作系统的功能通常可以归纳为处理器管理、存储管理、设备管理和文件管理四大部分,同时还包括用户接口、安全保护、网络通信和系统调用等内容",整体部分关系,操作系统的主要功能,os.txt,1,1058,has_part,,0.6795,relation_taxonomy_normalization + direction_normalization + duplicate_merge,"has_part: score=0.680, conf=0.610, support=1, cues=整体部分,包括"
安全保护,is_a,处理器管理,功能模块实体,资源与硬件实体,0.6500,"操作系统的功能通常可以归纳为处理器管理、存储管理、设备管理和文件管理四大部分,同时还包括用户接口、安全保护、网络通信和系统调用等内容",上位包含关系,操作系统的主要功能,os.txt,1,1019,is_a,,0.5358,relation_taxonomy_normalization + direction_normalization + duplicate_merge,"is_a: score=0.536, conf=0.650, support=1, cues=!包含,!包括"
安全保护,is_a,存储管理,功能模块实体,功能模块实体,0.6600,"操作系统的功能通常可以归纳为处理器管理、存储管理、设备管理和文件管理四大部分,同时还包括用户接口、安全保护、网络通信和系统调用等内容",上位包含关系,操作系统的主要功能,os.txt,1,1010,is_a,,0.5420,relation_taxonomy_normalization + direction_normalization + duplicate_merge,"is_a: score=0.542, conf=0.660, support=1, cues=!包含,!包括"
安全保护,is_a,操作系统,功能模块实体,领域实体,0.6300,"操作系统的功能通常可以归纳为处理器管理、存储管理、设备管理和文件管理四大部分,同时还包括用户接口、安全保护、网络通信和系统调用等内容",上位包含关系,操作系统的主要功能,os.txt,1,1036,is_a,,0.5234,relation_taxonomy_normalization + direction_normalization + duplicate_merge,"is_a: score=0.523, conf=0.630, support=1, cues=!包含,!包括"
安全保护,is_a,文件管理,功能模块实体,核心抽象实体,0.7400,"操作系统的功能通常可以归纳为处理器管理、存储管理、设备管理和文件管理四大部分,同时还包括用户接口、安全保护、网络通信和系统调用等内容",上位包含关系,操作系统的主要功能,os.txt,1,932,is_a,,0.5916,relation_taxonomy_normalization + direction_normalization + duplicate_merge,"is_a: score=0.592, conf=0.740, support=1, cues=!包含,!包括"
安全保护,is_a,设备管理,功能模块实体,功能模块实体,0.6900,"操作系统的功能通常可以归纳为处理器管理、存储管理、设备管理和文件管理四大部分,同时还包括用户接口、安全保护、网络通信和系统调用等内容",上位包含关系,操作系统的主要功能,os.txt,1,977,is_a,,0.5606,relation_taxonomy_normalization + direction_normalization + duplicate_merge,"is_a: score=0.561, conf=0.690, support=1, cues=!包含,!包括"
安全性判断,is_a,Banker’s Algorithm,死锁相关实体,死锁相关实体,0.7880,"避免则是在分配资源前进行安全性判断,典型方法是银行家算法(Banker’s Algorithm)",上下位关系,进程同步、互斥与死锁,os.txt,1,890,is_a,,0.7778,relation_taxonomy_normalization + direction_normalization + duplicate_merge,"is_a: score=0.778, conf=0.788, support=1, cues=上下位"
安全性判断,is_a,银行家算法,死锁相关实体,死锁相关实体,0.8240,"避免则是在分配资源前进行安全性判断,典型方法是银行家算法(Banker’s Algorithm)",上下位关系,进程同步、互斥与死锁,os.txt,1,864,is_a,,0.8001,relation_taxonomy_normalization + direction_normalization + duplicate_merge,"is_a: score=0.800, conf=0.824, support=1, cues=上下位"
寄存器,is_a,进程,进程与线程实体,核心抽象实体,0.7220,"进程不仅包含程序本身,还包括程序计数器、寄存器内容、地址空间、打开的文件、相关资源和运行状态等信息",上位包含关系,进程与线程,os.txt,1,950,is_a,,0.5805,relation_taxonomy_normalization + direction_normalization + duplicate_merge,"is_a: score=0.580, conf=0.722, support=1, cues=!包含,!包括"
并发,implemented_by,操作系统,核心思想与性质实体,领域实体,0.8540,调度是操作系统实现“多任务并发”的核心机制,实现关系,处理器调度与调度算法,os.txt,1,853,implemented_by,,0.8328,relation_taxonomy_normalization + direction_normalization + duplicate_merge,"implemented_by: score=0.833, conf=0.854, support=1, cues=实现关系,实现"
并发,implemented_by,进程与线程,核心思想与性质实体,核心抽象实体,0.8660,"它通过进程与线程机制实现并发执行,通过调度算法提高处理器利用率,通过同步与互斥保证共享资源访问正确,通过内存管理和虚拟内存扩展系统能力,通过文件系统组织长期数据,通过设备管理协调各种外设工作,并通过权限控制和安全机制维护系统稳定",实现关系,总结,os.txt,1,847,implemented_by,,0.8403,relation_taxonomy_normalization + direction_normalization + duplicate_merge,"implemented_by: score=0.840, conf=0.866, support=1, cues=实现关系,实现"
并发能力,used_for,图形界面程序,进程与线程实体,发展历程实体,0.8240,"多线程机制有助于提升程序并发能力,尤其适用于图形界面程序、服务器程序和并行计算任务",用途关系,进程与线程,os.txt,1,865,used_for,,0.8223,relation_taxonomy_normalization + direction_normalization + duplicate_merge,"used_for: score=0.822, conf=0.824, support=1, cues=用途,用于,适用于"
并发能力,used_for,并行计算任务,进程与线程实体,进程与线程实体,0.7260,"多线程机制有助于提升程序并发能力,尤其适用于图形界面程序、服务器程序和并行计算任务",用途关系,进程与线程,os.txt,1,947,used_for,,0.7616,relation_taxonomy_normalization + direction_normalization + duplicate_merge,"used_for: score=0.762, conf=0.726, support=1, cues=用途,用于,适用于"
并发能力,used_for,服务器程序,进程与线程实体,系统与平台实体,0.7820,"多线程机制有助于提升程序并发能力,尤其适用于图形界面程序、服务器程序和并行计算任务",用途关系,进程与线程,os.txt,1,894,used_for,,0.7963,relation_taxonomy_normalization + direction_normalization + duplicate_merge,"used_for: score=0.796, conf=0.782, support=1, cues=用途,用于,适用于"
打开的文件,is_a,进程,核心抽象实体,核心抽象实体,0.6360,"进程不仅包含程序本身,还包括程序计数器、寄存器内容、地址空间、打开的文件、相关资源和运行状态等信息",上位包含关系,进程与线程,os.txt,1,1028,is_a,,0.5272,relation_taxonomy_normalization + direction_normalization + duplicate_merge,"is_a: score=0.527, conf=0.636, support=1, cues=!包含,!包括"
操作系统,alias_of,用户态,领域实体,核心抽象实体,0.8860,"操作系统运行离不开两种处理器状态,即用户态和内核态",别名关系,操作系统的结构与运行机制,os.txt,1,842,alias_of,,0.8476,relation_taxonomy_normalization + direction_normalization + duplicate_merge,"alias_of: score=0.848, conf=0.886, support=1, cues=别名"
操作系统,depends_on,中断,领域实体,处理器与调度实体,0.8580,"同时,操作系统依赖中断和异常机制响应外部设备和内部错误",依赖关系,操作系统的结构与运行机制,os.txt,1,850,depends_on,,0.8132,relation_taxonomy_normalization + direction_normalization + duplicate_merge,"depends_on: score=0.813, conf=0.858, support=1, cues=依赖"
操作系统,depends_on,外部设备,领域实体,资源与硬件实体,0.8040,"同时,操作系统依赖中断和异常机制响应外部设备和内部错误",依赖关系,操作系统的结构与运行机制,os.txt,1,878,depends_on,,0.7797,relation_taxonomy_normalization + direction_normalization + duplicate_merge,"depends_on: score=0.780, conf=0.804, support=1, cues=依赖"
操作系统,has_part,Paging,领域实体,内存管理实体,0.6960,"为了提升内存利用率并简化分配管理,现代操作系统普遍采用非连续分配技术,主要包括分页(Paging)和分段(Segmentation)",整体部分关系,内存管理与虚拟内存,os.txt,1,975,has_part,,0.7329,relation_taxonomy_normalization + direction_normalization + duplicate_merge,"has_part: score=0.733, conf=0.696, support=1, cues=整体部分,包括"
操作系统,has_part,Segmentation,领域实体,内存管理实体,0.6300,"为了提升内存利用率并简化分配管理,现代操作系统普遍采用非连续分配技术,主要包括分页(Paging)和分段(Segmentation)",整体部分关系,内存管理与虚拟内存,os.txt,1,1037,has_part,,0.6919,relation_taxonomy_normalization + direction_normalization + duplicate_merge,"has_part: score=0.692, conf=0.630, support=1, cues=整体部分,包括"
操作系统,has_part,两级目录,领域实体,核心抽象实体,0.6480,"操作系统通过目录结构组织大量文件,常见的目录结构包括单级目录、两级目录和树形目录",整体部分关系,文件系统,os.txt,1,1021,has_part,,0.7031,relation_taxonomy_normalization + direction_normalization + duplicate_merge,"has_part: score=0.703, conf=0.648, support=1, cues=整体部分,包括"
操作系统,has_part,分段,领域实体,内存管理实体,0.6480,"为了提升内存利用率并简化分配管理,现代操作系统普遍采用非连续分配技术,主要包括分页(Paging)和分段(Segmentation)",整体部分关系,内存管理与虚拟内存,os.txt,1,1022,has_part,,0.7031,relation_taxonomy_normalization + direction_normalization + duplicate_merge,"has_part: score=0.703, conf=0.648, support=1, cues=整体部分,包括"
操作系统,has_part,分页,领域实体,资源与硬件实体,0.7140,"为了提升内存利用率并简化分配管理,现代操作系统普遍采用非连续分配技术,主要包括分页(Paging)和分段(Segmentation)",整体部分关系,内存管理与虚拟内存,os.txt,1,957,has_part,,0.7440,relation_taxonomy_normalization + direction_normalization + duplicate_merge,"has_part: score=0.744, conf=0.714, support=1, cues=整体部分,包括"
操作系统,has_part,单级目录,领域实体,核心抽象实体,0.6780,"操作系统通过目录结构组织大量文件,常见的目录结构包括单级目录、两级目录和树形目录",整体部分关系,文件系统,os.txt,1,992,has_part,,0.7217,relation_taxonomy_normalization + direction_normalization + duplicate_merge,"has_part: score=0.722, conf=0.678, support=1, cues=整体部分,包括"
操作系统,has_part,安全保护,领域实体,功能模块实体,0.6100,"操作系统的功能通常可以归纳为处理器管理、存储管理、设备管理和文件管理四大部分,同时还包括用户接口、安全保护、网络通信和系统调用等内容",整体部分关系,操作系统的主要功能,os.txt,1,1059,has_part,,0.6795,relation_taxonomy_normalization + direction_normalization + duplicate_merge,"has_part: score=0.680, conf=0.610, support=1, cues=整体部分,包括"
操作系统,has_part,树形目录,领域实体,核心抽象实体,0.6180,"操作系统通过目录结构组织大量文件,常见的目录结构包括单级目录、两级目录和树形目录",整体部分关系,文件系统,os.txt,1,1046,has_part,,0.6845,relation_taxonomy_normalization + direction_normalization + duplicate_merge,"has_part: score=0.684, conf=0.618, support=1, cues=整体部分,包括"
操作系统,has_part,用户接口,领域实体,领域实体,0.5900,"操作系统的功能通常可以归纳为处理器管理、存储管理、设备管理和文件管理四大部分,同时还包括用户接口、安全保护、网络通信和系统调用等内容",整体部分关系,操作系统的主要功能,os.txt,1,1066,has_part,,0.6671,relation_taxonomy_normalization + direction_normalization + duplicate_merge,"has_part: score=0.667, conf=0.590, support=1, cues=整体部分,包括"
操作系统,is_a,Linux,领域实体,系统与平台实体,0.7300,"从课程学习的角度来看,操作系统并不是单纯介绍某一个具体系统,如 Windows、Linux 或 macOS,而是研究“计算机系统如何高效、安全、可靠地运行”的一般规律",上下位关系,操作系统的概念与地位,os.txt,1,942,is_a,,0.7418,relation_taxonomy_normalization + direction_normalization + duplicate_merge,"is_a: score=0.742, conf=0.730, support=1, cues=上下位"
操作系统,is_a,Windows,领域实体,系统与平台实体,0.7780,"从课程学习的角度来看,操作系统并不是单纯介绍某一个具体系统,如 Windows、Linux 或 macOS,而是研究“计算机系统如何高效、安全、可靠地运行”的一般规律",上下位关系,操作系统的概念与地位,os.txt,1,897,is_a,,0.7716,relation_taxonomy_normalization + direction_normalization + duplicate_merge,"is_a: score=0.772, conf=0.778, support=1, cues=上下位"
操作系统,is_a,macOS,领域实体,系统与平台实体,0.6820,"从课程学习的角度来看,操作系统并不是单纯介绍某一个具体系统,如 Windows、Linux 或 macOS,而是研究“计算机系统如何高效、安全、可靠地运行”的一般规律",上下位关系,操作系统的概念与地位,os.txt,1,987,is_a,,0.7121,relation_taxonomy_normalization + direction_normalization + duplicate_merge,"is_a: score=0.712, conf=0.682, support=1, cues=上下位"
操作系统,is_a,抽象,领域实体,核心思想与性质实体,0.8080,"而对于程序员和系统设计者而言,操作系统则是一个复杂的资源控制与抽象平台,它屏蔽了底层硬件的细节,为上层软件提供统一、规范、稳定的运行接口",上下位关系,操作系统的概念与地位,os.txt,1,875,is_a,,0.8063,relation_taxonomy_normalization + direction_normalization + duplicate_merge,"is_a: score=0.806, conf=0.808, support=1, cues=上下位,是一个"
操作系统,is_a,文件,领域实体,核心抽象实体,0.7780,"对于普通用户而言,操作系统是“看得见”的使用环境,例如窗口、文件夹、任务栏、终端等",上下位关系,操作系统的概念与地位,os.txt,1,898,is_a,,0.7716,relation_taxonomy_normalization + direction_normalization + duplicate_merge,"is_a: score=0.772, conf=0.778, support=1, cues=上下位"
操作系统,is_a,系统软件,领域实体,领域实体,0.6600,"操作系统(Operating System,简称 OS)是计算机系统中最核心的系统软件之一,它位于硬件与应用程序之间,承担资源管理、任务调度、服务提供和用户接口等重要职责",上下位关系,操作系统的概念与地位,os.txt,1,1011,is_a,,0.6984,relation_taxonomy_normalization + direction_normalization + duplicate_merge,"is_a: score=0.698, conf=0.660, support=1, cues=上下位"
操作系统,is_a,计算机系统,领域实体,领域实体,0.8060,"总体而言,操作系统课程研究的是如何让计算机系统在多任务、多用户、多资源约束下高效、有序、安全地运行",上下位关系,总结,os.txt,1,877,is_a,,0.7890,relation_taxonomy_normalization + direction_normalization + duplicate_merge,"is_a: score=0.789, conf=0.806, support=1, cues=上下位"
文件,has_part,两级目录,核心抽象实体,核心抽象实体,0.7000,"操作系统通过目录结构组织大量文件,常见的目录结构包括单级目录、两级目录和树形目录",整体部分关系,文件系统,os.txt,1,973,has_part,,0.7353,relation_taxonomy_normalization + direction_normalization + duplicate_merge,"has_part: score=0.735, conf=0.700, support=1, cues=整体部分,包括"
文件,has_part,单级目录,核心抽象实体,核心抽象实体,0.7300,"操作系统通过目录结构组织大量文件,常见的目录结构包括单级目录、两级目录和树形目录",整体部分关系,文件系统,os.txt,1,943,has_part,,0.7539,relation_taxonomy_normalization + direction_normalization + duplicate_merge,"has_part: score=0.754, conf=0.730, support=1, cues=整体部分,包括"
文件,has_part,树形目录,核心抽象实体,核心抽象实体,0.6700,"操作系统通过目录结构组织大量文件,常见的目录结构包括单级目录、两级目录和树形目录",整体部分关系,文件系统,os.txt,1,996,has_part,,0.7167,relation_taxonomy_normalization + direction_normalization + duplicate_merge,"has_part: score=0.717, conf=0.670, support=1, cues=整体部分,包括"
文件管理,has_part,安全保护,核心抽象实体,功能模块实体,0.7200,"操作系统的功能通常可以归纳为处理器管理、存储管理、设备管理和文件管理四大部分,同时还包括用户接口、安全保护、网络通信和系统调用等内容",整体部分关系,操作系统的主要功能,os.txt,1,952,has_part,,0.7477,relation_taxonomy_normalization + direction_normalization + duplicate_merge,"has_part: score=0.748, conf=0.720, support=1, cues=整体部分,包括"
文件管理,has_part,用户接口,核心抽象实体,领域实体,0.7500,"操作系统的功能通常可以归纳为处理器管理、存储管理、设备管理和文件管理四大部分,同时还包括用户接口、安全保护、网络通信和系统调用等内容",整体部分关系,操作系统的主要功能,os.txt,1,925,has_part,,0.7663,relation_taxonomy_normalization + direction_normalization + duplicate_merge,"has_part: score=0.766, conf=0.750, support=1, cues=整体部分,包括"
文件管理,has_part,系统调用,核心抽象实体,领域实体,0.6600,"操作系统的功能通常可以归纳为处理器管理、存储管理、设备管理和文件管理四大部分,同时还包括用户接口、安全保护、网络通信和系统调用等内容",整体部分关系,操作系统的主要功能,os.txt,1,1012,has_part,,0.7105,relation_taxonomy_normalization + direction_normalization + duplicate_merge,"has_part: score=0.711, conf=0.660, support=1, cues=整体部分,包括"
文件管理,has_part,网络通信,核心抽象实体,功能模块实体,0.6900,"操作系统的功能通常可以归纳为处理器管理、存储管理、设备管理和文件管理四大部分,同时还包括用户接口、安全保护、网络通信和系统调用等内容",整体部分关系,操作系统的主要功能,os.txt,1,978,has_part,,0.7291,relation_taxonomy_normalization + direction_normalization + duplicate_merge,"has_part: score=0.729, conf=0.690, support=1, cues=整体部分,包括"
文件系统,is_a,操作系统,核心抽象实体,领域实体,0.8260,文件系统是用户感知最直接的操作系统功能之一,上下位关系,文件系统,os.txt,1,861,is_a,,0.8014,relation_taxonomy_normalization + direction_normalization + duplicate_merge,"is_a: score=0.801, conf=0.826, support=1, cues=上下位"
文件系统命令输出,implemented_by,模拟进程调度,核心抽象实体,核心抽象实体,0.7080,"通过编写简单 Shell、模拟进程调度、实现页面置换算法、观察 Linux 进程与线程、分析文件系统命令输出等方式,能够把理论知识与真实系统联系起来",实现关系,操作系统课程的学习方法,os.txt,1,964,implemented_by,,0.7423,relation_taxonomy_normalization + direction_normalization + duplicate_merge,"implemented_by: score=0.742, conf=0.708, support=1, cues=实现关系,实现"
权限,is_a,安全性,文件系统实体,核心思想与性质实体,0.8020,这种权限分离机制是保障系统稳定性和安全性的基础,上下位关系,操作系统的结构与运行机制,os.txt,1,879,is_a,,0.7865,relation_taxonomy_normalization + direction_normalization + duplicate_merge,"is_a: score=0.786, conf=0.802, support=1, cues=上下位"
权限,is_a,稳定性,文件系统实体,核心思想与性质实体,0.8260,这种权限分离机制是保障系统稳定性和安全性的基础,上下位关系,操作系统的结构与运行机制,os.txt,1,862,is_a,,0.8014,relation_taxonomy_normalization + direction_normalization + duplicate_merge,"is_a: score=0.801, conf=0.826, support=1, cues=上下位"
树形目录,is_a,操作系统,核心抽象实体,领域实体,0.6380,"操作系统通过目录结构组织大量文件,常见的目录结构包括单级目录、两级目录和树形目录",上位包含关系,文件系统,os.txt,1,1027,is_a,,0.5284,relation_taxonomy_normalization + direction_normalization + duplicate_merge,"is_a: score=0.528, conf=0.638, support=1, cues=!包含,!包括"
树形目录,is_a,文件,核心抽象实体,核心抽象实体,0.6900,"操作系统通过目录结构组织大量文件,常见的目录结构包括单级目录、两级目录和树形目录",上位包含关系,文件系统,os.txt,1,979,is_a,,0.5606,relation_taxonomy_normalization + direction_normalization + duplicate_merge,"is_a: score=0.561, conf=0.690, support=1, cues=!包含,!包括"
树形目录,is_a,目录,核心抽象实体,核心抽象实体,0.7260,"操作系统通过目录结构组织大量文件,常见的目录结构包括单级目录、两级目录和树形目录",上位包含关系,文件系统,os.txt,1,948,is_a,,0.5830,relation_taxonomy_normalization + direction_normalization + duplicate_merge,"is_a: score=0.583, conf=0.726, support=1, cues=!包含,!包括"
死锁,is_a,进程,同步与互斥实体,核心抽象实体,0.7960,"死锁(Deadlock)是指多个进程因争夺资源而形成相互等待,从而都无法继续执行的状态",上下位关系,进程同步、互斥与死锁,os.txt,1,883,is_a,,0.7828,relation_taxonomy_normalization + direction_normalization + duplicate_merge,"is_a: score=0.783, conf=0.796, support=1, cues=上下位"
用户接口,is_a,处理器管理,领域实体,资源与硬件实体,0.6800,"操作系统的功能通常可以归纳为处理器管理、存储管理、设备管理和文件管理四大部分,同时还包括用户接口、安全保护、网络通信和系统调用等内容",上位包含关系,操作系统的主要功能,os.txt,1,990,is_a,,0.5544,relation_taxonomy_normalization + direction_normalization + duplicate_merge,"is_a: score=0.554, conf=0.680, support=1, cues=!包含,!包括"
用户接口,is_a,存储管理,领域实体,功能模块实体,0.7100,"操作系统的功能通常可以归纳为处理器管理、存储管理、设备管理和文件管理四大部分,同时还包括用户接口、安全保护、网络通信和系统调用等内容",上位包含关系,操作系统的主要功能,os.txt,1,961,is_a,,0.5730,relation_taxonomy_normalization + direction_normalization + duplicate_merge,"is_a: score=0.573, conf=0.710, support=1, cues=!包含,!包括"
用户接口,is_a,操作系统,领域实体,领域实体,0.6100,"操作系统的功能通常可以归纳为处理器管理、存储管理、设备管理和文件管理四大部分,同时还包括用户接口、安全保护、网络通信和系统调用等内容",上位包含关系,操作系统的主要功能,os.txt,1,1060,is_a,,0.5110,relation_taxonomy_normalization + direction_normalization + duplicate_merge,"is_a: score=0.511, conf=0.610, support=1, cues=!包含,!包括"
用户接口,is_a,文件管理,领域实体,核心抽象实体,0.7700,"操作系统的功能通常可以归纳为处理器管理、存储管理、设备管理和文件管理四大部分,同时还包括用户接口、安全保护、网络通信和系统调用等内容",上位包含关系,操作系统的主要功能,os.txt,1,903,is_a,,0.6102,relation_taxonomy_normalization + direction_normalization + duplicate_merge,"is_a: score=0.610, conf=0.770, support=1, cues=!包含,!包括"
用户接口,is_a,设备管理,领域实体,功能模块实体,0.7400,"操作系统的功能通常可以归纳为处理器管理、存储管理、设备管理和文件管理四大部分,同时还包括用户接口、安全保护、网络通信和系统调用等内容",上位包含关系,操作系统的主要功能,os.txt,1,933,is_a,,0.5916,relation_taxonomy_normalization + direction_normalization + duplicate_merge,"is_a: score=0.592, conf=0.740, support=1, cues=!包含,!包括"
目录,has_part,两级目录,核心抽象实体,核心抽象实体,0.7360,"操作系统通过目录结构组织大量文件,常见的目录结构包括单级目录、两级目录和树形目录",整体部分关系,文件系统,os.txt,1,936,has_part,,0.7577,relation_taxonomy_normalization + direction_normalization + duplicate_merge,"has_part: score=0.758, conf=0.736, support=1, cues=整体部分,包括"
目录,has_part,单级目录,核心抽象实体,核心抽象实体,0.7660,"操作系统通过目录结构组织大量文件,常见的目录结构包括单级目录、两级目录和树形目录",整体部分关系,文件系统,os.txt,1,906,has_part,,0.7763,relation_taxonomy_normalization + direction_normalization + duplicate_merge,"has_part: score=0.776, conf=0.766, support=1, cues=整体部分,包括"
目录,has_part,树形目录,核心抽象实体,核心抽象实体,0.7060,"操作系统通过目录结构组织大量文件,常见的目录结构包括单级目录、两级目录和树形目录",整体部分关系,文件系统,os.txt,1,965,has_part,,0.7391,relation_taxonomy_normalization + direction_normalization + duplicate_merge,"has_part: score=0.739, conf=0.706, support=1, cues=整体部分,包括"
相对路径,is_a,文件,文件系统实体,核心抽象实体,0.7820,"路径名则用于唯一定位文件,分为绝对路径和相对路径",上位包含关系,文件系统,os.txt,1,895,is_a,,0.6177,relation_taxonomy_normalization + direction_normalization + duplicate_merge,"is_a: score=0.618, conf=0.782, support=1, cues=!用于,!包含"
相对路径,is_a,路径名,文件系统实体,核心抽象实体,0.7280,"路径名则用于唯一定位文件,分为绝对路径和相对路径",上位包含关系,文件系统,os.txt,1,946,is_a,,0.5842,relation_taxonomy_normalization + direction_normalization + duplicate_merge,"is_a: score=0.584, conf=0.728, support=1, cues=!用于,!包含"
短作业优先,is_a,调度,调度算法实体,处理器与调度实体,0.6300,"常见的调度算法包括先来先服务(First Come First Served,FCFS)、短作业优先(Shortest Job First,SJF)、时间片轮转(Round Robin,RR)、优先级调度和多级反馈队列(Multilevel Feedback Queue)等",上位包含关系,处理器调度与调度算法,os.txt,1,1038,is_a,,0.5234,relation_taxonomy_normalization + direction_normalization + duplicate_merge,"is_a: score=0.523, conf=0.630, support=1, cues=!包含,!包括"
磁盘,implemented_by,死锁,资源与硬件实体,同步与互斥实体,0.7820,"它既关注理论问题,例如进程同步为何会产生死锁,也关注工程实现,例如内存如何分页、磁盘如何调度",实现关系,操作系统的概念与地位,os.txt,1,896,implemented_by,,0.7882,relation_taxonomy_normalization + direction_normalization + duplicate_merge,"implemented_by: score=0.788, conf=0.782, support=1, cues=实现关系,实现"
磁盘,is_a,内存,资源与硬件实体,资源与硬件实体,0.7580,"一个程序静态地存放在磁盘上时只是代码和数据,而当它被加载到内存并开始运行时,就成为进程",上下位关系,进程与线程,os.txt,1,912,is_a,,0.7592,relation_taxonomy_normalization + direction_normalization + duplicate_merge,"is_a: score=0.759, conf=0.758, support=1, cues=上下位"
磁盘,is_a,进程,资源与硬件实体,核心抽象实体,0.7060,"一个程序静态地存放在磁盘上时只是代码和数据,而当它被加载到内存并开始运行时,就成为进程",上下位关系,进程与线程,os.txt,1,966,is_a,,0.7270,relation_taxonomy_normalization + direction_normalization + duplicate_merge,"is_a: score=0.727, conf=0.706, support=1, cues=上下位"
程序计数器,is_a,进程,进程与线程实体,核心抽象实体,0.7580,"进程不仅包含程序本身,还包括程序计数器、寄存器内容、地址空间、打开的文件、相关资源和运行状态等信息",上位包含关系,进程与线程,os.txt,1,913,is_a,,0.6028,relation_taxonomy_normalization + direction_normalization + duplicate_merge,"is_a: score=0.603, conf=0.758, support=1, cues=!包含,!包括"
系统吞吐量,is_a,调度,处理器与调度实体,处理器与调度实体,0.6900,调度的目标通常包括提高 CPU 利用率、增加系统吞吐量、减少周转时间、缩短响应时间和保证公平性,上位包含关系,处理器调度与调度算法,os.txt,1,980,is_a,,0.5606,relation_taxonomy_normalization + direction_normalization + duplicate_merge,"is_a: score=0.561, conf=0.690, support=1, cues=!包含,!包括"
系统调用,is_a,内核态,领域实体,领域实体,0.8300,"系统调用是用户态与内核态交互的主要桥梁,也是课程中的关键知识点",上下位关系,操作系统的主要功能,os.txt,1,859,is_a,,0.8038,relation_taxonomy_normalization + direction_normalization + duplicate_merge,"is_a: score=0.804, conf=0.830, support=1, cues=上下位"
系统调用,is_a,处理器管理,领域实体,资源与硬件实体,0.6300,"操作系统的功能通常可以归纳为处理器管理、存储管理、设备管理和文件管理四大部分,同时还包括用户接口、安全保护、网络通信和系统调用等内容",上位包含关系,操作系统的主要功能,os.txt,1,1039,is_a,,0.5234,relation_taxonomy_normalization + direction_normalization + duplicate_merge,"is_a: score=0.523, conf=0.630, support=1, cues=!包含,!包括"
系统调用,is_a,存储管理,领域实体,功能模块实体,0.6300,"操作系统的功能通常可以归纳为处理器管理、存储管理、设备管理和文件管理四大部分,同时还包括用户接口、安全保护、网络通信和系统调用等内容",上位包含关系,操作系统的主要功能,os.txt,1,1040,is_a,,0.5234,relation_taxonomy_normalization + direction_normalization + duplicate_merge,"is_a: score=0.523, conf=0.630, support=1, cues=!包含,!包括"
系统调用,is_a,文件管理,领域实体,核心抽象实体,0.6800,"操作系统的功能通常可以归纳为处理器管理、存储管理、设备管理和文件管理四大部分,同时还包括用户接口、安全保护、网络通信和系统调用等内容",上位包含关系,操作系统的主要功能,os.txt,1,991,is_a,,0.5544,relation_taxonomy_normalization + direction_normalization + duplicate_merge,"is_a: score=0.554, conf=0.680, support=1, cues=!包含,!包括"
系统调用,is_a,设备管理,领域实体,功能模块实体,0.6500,"操作系统的功能通常可以归纳为处理器管理、存储管理、设备管理和文件管理四大部分,同时还包括用户接口、安全保护、网络通信和系统调用等内容",上位包含关系,操作系统的主要功能,os.txt,1,1020,is_a,,0.5358,relation_taxonomy_normalization + direction_normalization + duplicate_merge,"is_a: score=0.536, conf=0.650, support=1, cues=!包含,!包括"
线程,is_a,CPU,核心抽象实体,资源与硬件实体,0.7120,"线程(Thread)则是比进程更轻量的执行单位,通常被称为 CPU 调度的基本单位",上下位关系,进程与线程,os.txt,1,960,is_a,,0.7307,relation_taxonomy_normalization + direction_normalization + duplicate_merge,"is_a: score=0.731, conf=0.712, support=1, cues=上下位"
线程,is_a,调度,核心抽象实体,处理器与调度实体,0.6880,"线程(Thread)则是比进程更轻量的执行单位,通常被称为 CPU 调度的基本单位",上下位关系,进程与线程,os.txt,1,982,is_a,,0.7158,relation_taxonomy_normalization + direction_normalization + duplicate_merge,"is_a: score=0.716, conf=0.688, support=1, cues=上下位"
线程,is_a,进程,核心抽象实体,核心抽象实体,0.7940,"线程(Thread)则是比进程更轻量的执行单位,通常被称为 CPU 调度的基本单位",上下位关系,进程与线程,os.txt,1,884,is_a,,0.7815,relation_taxonomy_normalization + direction_normalization + duplicate_merge,"is_a: score=0.782, conf=0.794, support=1, cues=上下位"
绝对路径,is_a,文件,文件系统实体,核心抽象实体,0.8120,"路径名则用于唯一定位文件,分为绝对路径和相对路径",上位包含关系,文件系统,os.txt,1,872,is_a,,0.6363,relation_taxonomy_normalization + direction_normalization + duplicate_merge,"is_a: score=0.636, conf=0.812, support=1, cues=!用于,!包含"
绝对路径,is_a,路径名,文件系统实体,核心抽象实体,0.7580,"路径名则用于唯一定位文件,分为绝对路径和相对路径",上位包含关系,文件系统,os.txt,1,914,is_a,,0.6028,relation_taxonomy_normalization + direction_normalization + duplicate_merge,"is_a: score=0.603, conf=0.758, support=1, cues=!用于,!包含"
编译原理,has_part,数据结构,课程与方法相关实体,课程与方法相关实体,0.7760,"操作系统课程通常被视为计算机科学与技术专业的核心课程之一,因为它连接了程序设计、数据结构、计算机组成原理、编译原理、计算机网络等多门课程,是理解计算机整体工作机制的重要桥梁",部分整体关系,操作系统的概念与地位,os.txt,1,900,part_of,,0.7825,relation_taxonomy_normalization + direction_normalization + duplicate_merge,"has_part: score=0.782, conf=0.776, support=1, cues=组成,部分整体"
编译原理,has_part,程序设计,课程与方法相关实体,课程与方法相关实体,0.7460,"操作系统课程通常被视为计算机科学与技术专业的核心课程之一,因为它连接了程序设计、数据结构、计算机组成原理、编译原理、计算机网络等多门课程,是理解计算机整体工作机制的重要桥梁",部分整体关系,操作系统的概念与地位,os.txt,1,930,part_of,,0.7639,relation_taxonomy_normalization + direction_normalization + duplicate_merge,"has_part: score=0.764, conf=0.746, support=1, cues=组成,部分整体"
网络通信,is_a,处理器管理,功能模块实体,资源与硬件实体,0.6300,"操作系统的功能通常可以归纳为处理器管理、存储管理、设备管理和文件管理四大部分,同时还包括用户接口、安全保护、网络通信和系统调用等内容",上位包含关系,操作系统的主要功能,os.txt,1,1041,is_a,,0.5234,relation_taxonomy_normalization + direction_normalization + duplicate_merge,"is_a: score=0.523, conf=0.630, support=1, cues=!包含,!包括"
网络通信,is_a,存储管理,功能模块实体,功能模块实体,0.6300,"操作系统的功能通常可以归纳为处理器管理、存储管理、设备管理和文件管理四大部分,同时还包括用户接口、安全保护、网络通信和系统调用等内容",上位包含关系,操作系统的主要功能,os.txt,1,1042,is_a,,0.5234,relation_taxonomy_normalization + direction_normalization + duplicate_merge,"is_a: score=0.523, conf=0.630, support=1, cues=!包含,!包括"
网络通信,is_a,文件管理,功能模块实体,核心抽象实体,0.7100,"操作系统的功能通常可以归纳为处理器管理、存储管理、设备管理和文件管理四大部分,同时还包括用户接口、安全保护、网络通信和系统调用等内容",上位包含关系,操作系统的主要功能,os.txt,1,962,is_a,,0.5730,relation_taxonomy_normalization + direction_normalization + duplicate_merge,"is_a: score=0.573, conf=0.710, support=1, cues=!包含,!包括"
网络通信,is_a,设备管理,功能模块实体,功能模块实体,0.6600,"操作系统的功能通常可以归纳为处理器管理、存储管理、设备管理和文件管理四大部分,同时还包括用户接口、安全保护、网络通信和系统调用等内容",上位包含关系,操作系统的主要功能,os.txt,1,1013,is_a,,0.5420,relation_taxonomy_normalization + direction_normalization + duplicate_merge,"is_a: score=0.542, conf=0.660, support=1, cues=!包含,!包括"
虚拟内存,is_a,内存,核心抽象实体,资源与硬件实体,0.7900,"与虚拟内存密切相关的是页面置换算法,即当内存已满而仍需调入新页面时,系统应选择哪个旧页面换出",上下位关系,内存管理与虚拟内存,os.txt,1,887,is_a,,0.7790,relation_taxonomy_normalization + direction_normalization + duplicate_merge,"is_a: score=0.779, conf=0.790, support=1, cues=上下位"
虚拟内存,is_a,操作系统,核心抽象实体,领域实体,0.7780,"虚拟内存(Virtual Memory)是操作系统的一项重要技术,它使程序不必全部装入内存即可运行",上下位关系,内存管理与虚拟内存,os.txt,1,899,is_a,,0.7716,relation_taxonomy_normalization + direction_normalization + duplicate_merge,"is_a: score=0.772, conf=0.778, support=1, cues=上下位"
虚拟内存,is_a,页面置换算法,核心抽象实体,资源与硬件实体,0.8440,"与虚拟内存密切相关的是页面置换算法,即当内存已满而仍需调入新页面时,系统应选择哪个旧页面换出",上下位关系,内存管理与虚拟内存,os.txt,1,857,is_a,,0.8125,relation_taxonomy_normalization + direction_normalization + duplicate_merge,"is_a: score=0.813, conf=0.844, support=1, cues=上下位"
计算机系统,has_part,保护,领域实体,安全与保护实体,0.7020,"学习操作系统的价值,不仅在于掌握某些具体算法或概念,更在于理解计算机系统设计中的基本思想:抽象、分层、共享、保护、并发与权衡",枚举结构关系,总结,os.txt,1,971,has_part,,0.7205,relation_taxonomy_normalization + direction_normalization + duplicate_merge,"has_part: score=0.720, conf=0.702, support=1, cues=枚举结构"
计算机系统,has_part,共享,领域实体,核心思想与性质实体,0.7200,"学习操作系统的价值,不仅在于掌握某些具体算法或概念,更在于理解计算机系统设计中的基本思想:抽象、分层、共享、保护、并发与权衡",枚举结构关系,总结,os.txt,1,953,has_part,,0.7316,relation_taxonomy_normalization + direction_normalization + duplicate_merge,"has_part: score=0.732, conf=0.720, support=1, cues=枚举结构"
计算机系统,has_part,并发,领域实体,核心思想与性质实体,0.6840,"学习操作系统的价值,不仅在于掌握某些具体算法或概念,更在于理解计算机系统设计中的基本思想:抽象、分层、共享、保护、并发与权衡",枚举结构关系,总结,os.txt,1,984,has_part,,0.7093,relation_taxonomy_normalization + direction_normalization + duplicate_merge,"has_part: score=0.709, conf=0.684, support=1, cues=枚举结构"
计算机系统,has_part,抽象,领域实体,核心思想与性质实体,0.7560,"学习操作系统的价值,不仅在于掌握某些具体算法或概念,更在于理解计算机系统设计中的基本思想:抽象、分层、共享、保护、并发与权衡",枚举结构关系,总结,os.txt,1,917,has_part,,0.7540,relation_taxonomy_normalization + direction_normalization + duplicate_merge,"has_part: score=0.754, conf=0.756, support=1, cues=枚举结构"
计算机系统,has_part,权衡,领域实体,核心思想与性质实体,0.6660,"学习操作系统的价值,不仅在于掌握某些具体算法或概念,更在于理解计算机系统设计中的基本思想:抽象、分层、共享、保护、并发与权衡",枚举结构关系,总结,os.txt,1,1003,has_part,,0.6982,relation_taxonomy_normalization + direction_normalization + duplicate_merge,"has_part: score=0.698, conf=0.666, support=1, cues=枚举结构"
计算机网络,has_part,数据结构,课程与方法相关实体,课程与方法相关实体,0.7460,"操作系统课程通常被视为计算机科学与技术专业的核心课程之一,因为它连接了程序设计、数据结构、计算机组成原理、编译原理、计算机网络等多门课程,是理解计算机整体工作机制的重要桥梁",部分整体关系,操作系统的概念与地位,os.txt,1,929,part_of,,0.7639,relation_taxonomy_normalization + direction_normalization + duplicate_merge,"has_part: score=0.764, conf=0.746, support=1, cues=组成,部分整体"
计算机网络,has_part,程序设计,课程与方法相关实体,课程与方法相关实体,0.7160,"操作系统课程通常被视为计算机科学与技术专业的核心课程之一,因为它连接了程序设计、数据结构、计算机组成原理、编译原理、计算机网络等多门课程,是理解计算机整体工作机制的重要桥梁",部分整体关系,操作系统的概念与地位,os.txt,1,956,part_of,,0.7453,relation_taxonomy_normalization + direction_normalization + duplicate_merge,"has_part: score=0.745, conf=0.716, support=1, cues=组成,部分整体"
设备控制器,is_a,设备管理,资源与硬件实体,功能模块实体,0.7700,设备管理的基础包括设备分类、设备控制器、驱动程序和中断处理,上位包含关系,设备管理与输入输出系统,os.txt,1,904,is_a,,0.6102,relation_taxonomy_normalization + direction_normalization + duplicate_merge,"is_a: score=0.610, conf=0.770, support=1, cues=!包含,!包括"
设备管理,has_part,中断处理,功能模块实体,处理器与调度实体,0.6840,设备管理的基础包括设备分类、设备控制器、驱动程序和中断处理,整体部分关系,设备管理与输入输出系统,os.txt,1,985,has_part,,0.7254,relation_taxonomy_normalization + direction_normalization + duplicate_merge,"has_part: score=0.725, conf=0.684, support=1, cues=整体部分,包括"
设备管理,has_part,安全保护,功能模块实体,功能模块实体,0.6700,"操作系统的功能通常可以归纳为处理器管理、存储管理、设备管理和文件管理四大部分,同时还包括用户接口、安全保护、网络通信和系统调用等内容",整体部分关系,操作系统的主要功能,os.txt,1,997,has_part,,0.7167,relation_taxonomy_normalization + direction_normalization + duplicate_merge,"has_part: score=0.717, conf=0.670, support=1, cues=整体部分,包括"
设备管理,has_part,用户接口,功能模块实体,领域实体,0.7200,"操作系统的功能通常可以归纳为处理器管理、存储管理、设备管理和文件管理四大部分,同时还包括用户接口、安全保护、网络通信和系统调用等内容",整体部分关系,操作系统的主要功能,os.txt,1,954,has_part,,0.7477,relation_taxonomy_normalization + direction_normalization + duplicate_merge,"has_part: score=0.748, conf=0.720, support=1, cues=整体部分,包括"
设备管理,has_part,系统调用,功能模块实体,领域实体,0.6300,"操作系统的功能通常可以归纳为处理器管理、存储管理、设备管理和文件管理四大部分,同时还包括用户接口、安全保护、网络通信和系统调用等内容",整体部分关系,操作系统的主要功能,os.txt,1,1043,has_part,,0.6919,relation_taxonomy_normalization + direction_normalization + duplicate_merge,"has_part: score=0.692, conf=0.630, support=1, cues=整体部分,包括"
设备管理,has_part,网络通信,功能模块实体,功能模块实体,0.6400,"操作系统的功能通常可以归纳为处理器管理、存储管理、设备管理和文件管理四大部分,同时还包括用户接口、安全保护、网络通信和系统调用等内容",整体部分关系,操作系统的主要功能,os.txt,1,1026,has_part,,0.6981,relation_taxonomy_normalization + direction_normalization + duplicate_merge,"has_part: score=0.698, conf=0.640, support=1, cues=整体部分,包括"
设备管理,has_part,设备控制器,功能模块实体,资源与硬件实体,0.7500,设备管理的基础包括设备分类、设备控制器、驱动程序和中断处理,整体部分关系,设备管理与输入输出系统,os.txt,1,926,has_part,,0.7663,relation_taxonomy_normalization + direction_normalization + duplicate_merge,"has_part: score=0.766, conf=0.750, support=1, cues=整体部分,包括"
设备管理,has_part,驱动程序,功能模块实体,设备管理与I/O实体,0.7140,设备管理的基础包括设备分类、设备控制器、驱动程序和中断处理,整体部分关系,设备管理与输入输出系统,os.txt,1,958,has_part,,0.7440,relation_taxonomy_normalization + direction_normalization + duplicate_merge,"has_part: score=0.744, conf=0.714, support=1, cues=整体部分,包括"
课程中还会讨论抖动,alias_of,进程,虚拟内存与页面置换实体,核心抽象实体,0.8800,"课程中还会讨论抖动(Thrashing)现象,即进程频繁换页导致系统大部分时间都用于页面调度而非真正计算,这反映出内存管理与系统性能之间的紧密联系",别名关系,内存管理与虚拟内存,os.txt,1,844,alias_of,,0.7886,relation_taxonomy_normalization + direction_normalization + duplicate_merge,"alias_of: score=0.789, conf=0.880, support=1, cues=别名,!用于,!导致"
课程中还会讨论抖动,used_for,内存,虚拟内存与页面置换实体,资源与硬件实体,0.6600,"课程中还会讨论抖动(Thrashing)现象,即进程频繁换页导致系统大部分时间都用于页面调度而非真正计算,这反映出内存管理与系统性能之间的紧密联系",用途关系,内存管理与虚拟内存,os.txt,1,1014,used_for,,0.6769,relation_taxonomy_normalization + direction_normalization + duplicate_merge,"used_for: score=0.677, conf=0.660, support=1, cues=用途,用于,!导致"
课程中还会讨论抖动,used_for,页面调度,虚拟内存与页面置换实体,资源与硬件实体,0.6620,"课程中还会讨论抖动(Thrashing)现象,即进程频繁换页导致系统大部分时间都用于页面调度而非真正计算,这反映出内存管理与系统性能之间的紧密联系",用途关系,内存管理与虚拟内存,os.txt,1,1006 | 1015,used_for | causes,causes,0.6782,relation_taxonomy_normalization + direction_normalization + evidence_weighted_relation_voting,"used_for: score=0.678, conf=0.662, support=1, cues=用途,用于,!导致；causes: score=0.676, conf=0.652, support=1, cues=因果,导致,!用于；low_margin=0.002"
调度,has_part,CPU 利用率,处理器与调度实体,处理器与调度实体,0.7300,调度的目标通常包括提高 CPU 利用率、增加系统吞吐量、减少周转时间、缩短响应时间和保证公平性,整体部分关系,处理器调度与调度算法,os.txt,1,944,has_part,,0.7539,relation_taxonomy_normalization + direction_normalization + duplicate_merge,"has_part: score=0.754, conf=0.730, support=1, cues=整体部分,包括"
调度,has_part,FCFS,处理器与调度实体,调度算法实体,0.6100,"常见的调度算法包括先来先服务(First Come First Served,FCFS)、短作业优先(Shortest Job First,SJF)、时间片轮转(Round Robin,RR)、优先级调度和多级反馈队列(Multilevel Feedback Queue)等",整体部分关系,处理器调度与调度算法,os.txt,1,1061,has_part,,0.6795,relation_taxonomy_normalization + direction_normalization + duplicate_merge,"has_part: score=0.680, conf=0.610, support=1, cues=整体部分,包括"
调度,has_part,First Come First Served,处理器与调度实体,调度算法实体,0.7500,"常见的调度算法包括先来先服务(First Come First Served,FCFS)、短作业优先(Shortest Job First,SJF)、时间片轮转(Round Robin,RR)、优先级调度和多级反馈队列(Multilevel Feedback Queue)等",整体部分关系,处理器调度与调度算法,os.txt,1,927,has_part,,0.7663,relation_taxonomy_normalization + direction_normalization + duplicate_merge,"has_part: score=0.766, conf=0.750, support=1, cues=整体部分,包括"
调度,has_part,Shortest Job First,处理器与调度实体,调度算法实体,0.6100,"常见的调度算法包括先来先服务(First Come First Served,FCFS)、短作业优先(Shortest Job First,SJF)、时间片轮转(Round Robin,RR)、优先级调度和多级反馈队列(Multilevel Feedback Queue)等",整体部分关系,处理器调度与调度算法,os.txt,1,1062,has_part,,0.6795,relation_taxonomy_normalization + direction_normalization + duplicate_merge,"has_part: score=0.680, conf=0.610, support=1, cues=整体部分,包括"
调度,has_part,先来先服务,处理器与调度实体,调度算法实体,0.7860,"常见的调度算法包括先来先服务(First Come First Served,FCFS)、短作业优先(Shortest Job First,SJF)、时间片轮转(Round Robin,RR)、优先级调度和多级反馈队列(Multilevel Feedback Queue)等",整体部分关系,处理器调度与调度算法,os.txt,1,893,has_part,,0.7887,relation_taxonomy_normalization + direction_normalization + duplicate_merge,"has_part: score=0.789, conf=0.786, support=1, cues=整体部分,包括"
调度,has_part,公平性,处理器与调度实体,处理器与调度实体,0.5900,调度的目标通常包括提高 CPU 利用率、增加系统吞吐量、减少周转时间、缩短响应时间和保证公平性,整体部分关系,处理器调度与调度算法,os.txt,1,1067,has_part,,0.6671,relation_taxonomy_normalization + direction_normalization + duplicate_merge,"has_part: score=0.667, conf=0.590, support=1, cues=整体部分,包括"
调度,has_part,周转时间,处理器与调度实体,处理器与调度实体,0.6220,调度的目标通常包括提高 CPU 利用率、增加系统吞吐量、减少周转时间、缩短响应时间和保证公平性,整体部分关系,处理器调度与调度算法,os.txt,1,1045,has_part,,0.6870,relation_taxonomy_normalization + direction_normalization + duplicate_merge,"has_part: score=0.687, conf=0.622, support=1, cues=整体部分,包括"
调度,has_part,响应时间,处理器与调度实体,处理器与调度实体,0.5900,调度的目标通常包括提高 CPU 利用率、增加系统吞吐量、减少周转时间、缩短响应时间和保证公平性,整体部分关系,处理器调度与调度算法,os.txt,1,1068,has_part,,0.6671,relation_taxonomy_normalization + direction_normalization + duplicate_merge,"has_part: score=0.667, conf=0.590, support=1, cues=整体部分,包括"
调度,has_part,短作业优先,处理器与调度实体,调度算法实体,0.6100,"常见的调度算法包括先来先服务(First Come First Served,FCFS)、短作业优先(Shortest Job First,SJF)、时间片轮转(Round Robin,RR)、优先级调度和多级反馈队列(Multilevel Feedback Queue)等",整体部分关系,处理器调度与调度算法,os.txt,1,1063,has_part,,0.6795,relation_taxonomy_normalization + direction_normalization + duplicate_merge,"has_part: score=0.680, conf=0.610, support=1, cues=整体部分,包括"
调度,has_part,系统吞吐量,处理器与调度实体,处理器与调度实体,0.6700,调度的目标通常包括提高 CPU 利用率、增加系统吞吐量、减少周转时间、缩短响应时间和保证公平性,整体部分关系,处理器调度与调度算法,os.txt,1,998,has_part,,0.7167,relation_taxonomy_normalization + direction_normalization + duplicate_merge,"has_part: score=0.717, conf=0.670, support=1, cues=整体部分,包括"
调度,is_a,并发,处理器与调度实体,核心思想与性质实体,0.8140,调度是操作系统实现“多任务并发”的核心机制,上下位关系,处理器调度与调度算法,os.txt,1,869,is_a,,0.7939,relation_taxonomy_normalization + direction_normalization + duplicate_merge,"is_a: score=0.794, conf=0.814, support=1, cues=上下位"
路径名,used_for,文件,核心抽象实体,核心抽象实体,0.7980,"路径名则用于唯一定位文件,分为绝对路径和相对路径",用途关系,文件系统,os.txt,1,881,used_for,,0.7901,relation_taxonomy_normalization + direction_normalization + duplicate_merge,"used_for: score=0.790, conf=0.798, support=1, cues=用途,用于"
路径名,used_for,相对路径,核心抽象实体,文件系统实体,0.7580,"路径名则用于唯一定位文件,分为绝对路径和相对路径",用途关系,文件系统,os.txt,1,915,used_for,,0.7653,relation_taxonomy_normalization + direction_normalization + duplicate_merge,"used_for: score=0.765, conf=0.758, support=1, cues=用途,用于"
路径名,used_for,绝对路径,核心抽象实体,文件系统实体,0.7880,"路径名则用于唯一定位文件,分为绝对路径和相对路径",用途关系,文件系统,os.txt,1,891,used_for,,0.7839,relation_taxonomy_normalization + direction_normalization + duplicate_merge,"used_for: score=0.784, conf=0.788, support=1, cues=用途,用于"
运行状态,is_a,进程,进程与线程实体,核心抽象实体,0.6300,"进程不仅包含程序本身,还包括程序计数器、寄存器内容、地址空间、打开的文件、相关资源和运行状态等信息",上位包含关系,进程与线程,os.txt,1,1044,is_a,,0.5234,relation_taxonomy_normalization + direction_normalization + duplicate_merge,"is_a: score=0.523, conf=0.630, support=1, cues=!包含,!包括"
进程,has_part,地址空间,核心抽象实体,核心抽象实体,0.6460,"进程不仅包含程序本身,还包括程序计数器、寄存器内容、地址空间、打开的文件、相关资源和运行状态等信息",整体部分关系,进程与线程,os.txt,1,1023,has_part,,0.7180,relation_taxonomy_normalization + direction_normalization + duplicate_merge,"has_part: score=0.718, conf=0.646, support=1, cues=整体部分,包含,包括"
进程,has_part,寄存器,核心抽象实体,进程与线程实体,0.7020,"进程不仅包含程序本身,还包括程序计数器、寄存器内容、地址空间、打开的文件、相关资源和运行状态等信息",整体部分关系,进程与线程,os.txt,1,972,has_part,,0.7527,relation_taxonomy_normalization + direction_normalization + duplicate_merge,"has_part: score=0.753, conf=0.702, support=1, cues=整体部分,包含,包括"
进程,has_part,打开的文件,核心抽象实体,核心抽象实体,0.6160,"进程不仅包含程序本身,还包括程序计数器、寄存器内容、地址空间、打开的文件、相关资源和运行状态等信息",整体部分关系,进程与线程,os.txt,1,1047,has_part,,0.6994,relation_taxonomy_normalization + direction_normalization + duplicate_merge,"has_part: score=0.699, conf=0.616, support=1, cues=整体部分,包含,包括"
进程,has_part,程序计数器,核心抽象实体,进程与线程实体,0.7380,"进程不仅包含程序本身,还包括程序计数器、寄存器内容、地址空间、打开的文件、相关资源和运行状态等信息",整体部分关系,进程与线程,os.txt,1,934,has_part,,0.7750,relation_taxonomy_normalization + direction_normalization + duplicate_merge,"has_part: score=0.775, conf=0.738, support=1, cues=整体部分,包含,包括"
进程,has_part,运行状态,核心抽象实体,进程与线程实体,0.6100,"进程不仅包含程序本身,还包括程序计数器、寄存器内容、地址空间、打开的文件、相关资源和运行状态等信息",整体部分关系,进程与线程,os.txt,1,1064,has_part,,0.6956,relation_taxonomy_normalization + direction_normalization + duplicate_merge,"has_part: score=0.696, conf=0.610, support=1, cues=整体部分,包含,包括"
进程,is_a,操作系统,核心抽象实体,领域实体,0.8200,进程(Process)是操作系统课程中最重要的概念之一,上下位关系,进程与线程,os.txt,1,868,is_a,,0.7976,relation_taxonomy_normalization + direction_normalization + duplicate_merge,"is_a: score=0.798, conf=0.820, support=1, cues=上下位"
进程,is_a,调度,核心抽象实体,处理器与调度实体,0.7540,"简单来说,进程是程序的一次执行过程,是系统进行资源分配和调度的基本单位",上下位关系,进程与线程,os.txt,1,919,is_a,,0.7567,relation_taxonomy_normalization + direction_normalization + duplicate_merge,"is_a: score=0.757, conf=0.754, support=1, cues=上下位"
进程,used_for,内存,核心抽象实体,资源与硬件实体,0.6740,"课程中还会讨论抖动(Thrashing)现象,即进程频繁换页导致系统大部分时间都用于页面调度而非真正计算,这反映出内存管理与系统性能之间的紧密联系",用途关系,内存管理与虚拟内存,os.txt,1,993 | 1004,used_for | causes,causes,0.6856,relation_taxonomy_normalization + direction_normalization + evidence_weighted_relation_voting,"used_for: score=0.686, conf=0.674, support=1, cues=用途,用于,!导致；causes: score=0.683, conf=0.664, support=1, cues=因果,导致,!用于；low_margin=0.002"
进程,used_for,页面调度,核心抽象实体,资源与硬件实体,0.7640,"课程中还会讨论抖动(Thrashing)现象,即进程频繁换页导致系统大部分时间都用于页面调度而非真正计算,这反映出内存管理与系统性能之间的紧密联系",用途关系,内存管理与虚拟内存,os.txt,1,908 | 920,used_for | causes,causes,0.7414,relation_taxonomy_normalization + direction_normalization + evidence_weighted_relation_voting,"used_for: score=0.741, conf=0.764, support=1, cues=用途,用于,!导致；causes: score=0.739, conf=0.754, support=1, cues=因果,导致,!用于；low_margin=0.002"
进程同步,is_a,操作系统,核心抽象实体,领域实体,0.8560,"因此,进程同步与互斥是操作系统课程中的重点与难点",上下位关系,进程同步、互斥与死锁,os.txt,1,852,is_a,,0.8200,relation_taxonomy_normalization + direction_normalization + duplicate_merge,"is_a: score=0.820, conf=0.856, support=1, cues=上下位"
非连续分配,has_part,Paging,内存管理实体,内存管理实体,0.7300,"为了提升内存利用率并简化分配管理,现代操作系统普遍采用非连续分配技术,主要包括分页(Paging)和分段(Segmentation)",整体部分关系,内存管理与虚拟内存,os.txt,1,945,has_part,,0.7539,relation_taxonomy_normalization + direction_normalization + duplicate_merge,"has_part: score=0.754, conf=0.730, support=1, cues=整体部分,包括"
非连续分配,has_part,Segmentation,内存管理实体,内存管理实体,0.6640,"为了提升内存利用率并简化分配管理,现代操作系统普遍采用非连续分配技术,主要包括分页(Paging)和分段(Segmentation)",整体部分关系,内存管理与虚拟内存,os.txt,1,1005,has_part,,0.7130,relation_taxonomy_normalization + direction_normalization + duplicate_merge,"has_part: score=0.713, conf=0.664, support=1, cues=整体部分,包括"
非连续分配,has_part,分段,内存管理实体,内存管理实体,0.6820,"为了提升内存利用率并简化分配管理,现代操作系统普遍采用非连续分配技术,主要包括分页(Paging)和分段(Segmentation)",整体部分关系,内存管理与虚拟内存,os.txt,1,988,has_part,,0.7242,relation_taxonomy_normalization + direction_normalization + duplicate_merge,"has_part: score=0.724, conf=0.682, support=1, cues=整体部分,包括"
非连续分配,has_part,分页,内存管理实体,资源与硬件实体,0.7680,"为了提升内存利用率并简化分配管理,现代操作系统普遍采用非连续分配技术,主要包括分页(Paging)和分段(Segmentation)",整体部分关系,内存管理与虚拟内存,os.txt,1,905,has_part,,0.7775,relation_taxonomy_normalization + direction_normalization + duplicate_merge,"has_part: score=0.777, conf=0.768, support=1, cues=整体部分,包括"
页框,is_a,分页,资源与硬件实体,资源与硬件实体,0.6720,"分页将逻辑地址空间和物理内存都划分为固定大小的页和页框,程序运行时通过页表完成地址映射",上位包含关系,内存管理与虚拟内存,os.txt,1,995,is_a,,0.5771,relation_taxonomy_normalization + direction_normalization + duplicate_merge,"is_a: score=0.577, conf=0.672, support=1, cues=!包含"
页框,is_a,物理内存,资源与硬件实体,资源与硬件实体,0.7440,"分页将逻辑地址空间和物理内存都划分为固定大小的页和页框,程序运行时通过页表完成地址映射",上位包含关系,内存管理与虚拟内存,os.txt,1,931,is_a,,0.6217,relation_taxonomy_normalization + direction_normalization + duplicate_merge,"is_a: score=0.622, conf=0.744, support=1, cues=!包含"
页框,is_a,逻辑地址空间,资源与硬件实体,核心抽象实体,0.7340,"分页将逻辑地址空间和物理内存都划分为固定大小的页和页框,程序运行时通过页表完成地址映射",上位包含关系,内存管理与虚拟内存,os.txt,1,939,is_a,,0.6155,relation_taxonomy_normalization + direction_normalization + duplicate_merge,"is_a: score=0.616, conf=0.734, support=1, cues=!包含"
页表,is_a,分页,资源与硬件实体,资源与硬件实体,0.6120,"分页将逻辑地址空间和物理内存都划分为固定大小的页和页框,程序运行时通过页表完成地址映射",上位包含关系,内存管理与虚拟内存,os.txt,1,1049,is_a,,0.5399,relation_taxonomy_normalization + direction_normalization + duplicate_merge,"is_a: score=0.540, conf=0.612, support=1, cues=!包含"
页表,is_a,物理内存,资源与硬件实体,资源与硬件实体,0.6840,"分页将逻辑地址空间和物理内存都划分为固定大小的页和页框,程序运行时通过页表完成地址映射",上位包含关系,内存管理与虚拟内存,os.txt,1,986,is_a,,0.5845,relation_taxonomy_normalization + direction_normalization + duplicate_merge,"is_a: score=0.585, conf=0.684, support=1, cues=!包含"
页表,is_a,逻辑地址空间,资源与硬件实体,核心抽象实体,0.6740,"分页将逻辑地址空间和物理内存都划分为固定大小的页和页框,程序运行时通过页表完成地址映射",上位包含关系,内存管理与虚拟内存,os.txt,1,994,is_a,,0.5783,relation_taxonomy_normalization + direction_normalization + duplicate_merge,"is_a: score=0.578, conf=0.674, support=1, cues=!包含"
页面置换算法,implemented_by,简单 Shell,资源与硬件实体,课程与方法相关实体,0.8300,"通过编写简单 Shell、模拟进程调度、实现页面置换算法、观察 Linux 进程与线程、分析文件系统命令输出等方式,能够把理论知识与真实系统联系起来",实现关系,操作系统课程的学习方法,os.txt,1,860,implemented_by,,0.8179,relation_taxonomy_normalization + direction_normalization + duplicate_merge,"implemented_by: score=0.818, conf=0.830, support=1, cues=实现关系,实现"
驱动程序,is_a,I/O 请求,设备管理与I/O实体,设备管理与I/O实体,0.7040,"驱动程序是连接操作系统与具体硬件的桥梁,它把操作系统的通用 I/O 请求转换为特定设备可识别的控制命令",上下位关系,设备管理与输入输出系统,os.txt,1,969,is_a,,0.7257,relation_taxonomy_normalization + direction_normalization + duplicate_merge,"is_a: score=0.726, conf=0.704, support=1, cues=上下位"
驱动程序,is_a,操作系统,设备管理与I/O实体,领域实体,0.8620,"驱动程序是连接操作系统与具体硬件的桥梁,它把操作系统的通用 I/O 请求转换为特定设备可识别的控制命令",上下位关系,设备管理与输入输出系统,os.txt,1,849,is_a,,0.8237,relation_taxonomy_normalization + direction_normalization + duplicate_merge,"is_a: score=0.824, conf=0.862, support=1, cues=上下位"
驱动程序,is_a,设备管理,设备管理与I/O实体,功能模块实体,0.7340,设备管理的基础包括设备分类、设备控制器、驱动程序和中断处理,上位包含关系,设备管理与输入输出系统,os.txt,1,940,is_a,,0.5879,relation_taxonomy_normalization + direction_normalization + duplicate_merge,"is_a: score=0.588, conf=0.734, support=1, cues=!包含,!包括"
