input_file,input_row_id,original_head,original_relation,original_tail,canonical_head,canonical_relation,canonical_tail,kept_relation,decision,canonicalization_actions,candidate_relations,winner_score,runner_up_score,score_margin,basis,evidence
all_relations.csv,0,HTTPS,depends_on,SSL/TLS,HTTPS,depends_on,SSL/TLS,depends_on,kept,,depends_on,0.8219,,,"depends_on: score=0.822, conf=0.846, support=1, cues=依赖,基于","HTTPS 基于 SSL/TLS 加密,防窃听、篡改、冒充"
all_relations.csv,1,HTTP/3,depends_on,QUIC,HTTP/3,depends_on,QUIC,depends_on,kept,,depends_on,0.8095,,,"depends_on: score=0.809, conf=0.826, support=1, cues=依赖,基于",HTTP/3(基于 QUIC):新一代网页传输
all_relations.csv,2,Proxy Protocol,used_for,TCP,Proxy Protocol,used_for,TCP,used_for,kept,,used_for,0.8186,,,"used_for: score=0.819, conf=0.818, support=1, cues=用途,用于,适用于","传输层:TCP Options 字段、Proxy Protocol,适用于所有 TCP 协议,需双方改造"
all_relations.csv,3,DHCP,has_part,客户端,DHCP,has_part,客户端,has_part,kept,,has_part,0.7837,,,"has_part: score=0.784, conf=0.804, support=1, cues=枚举结构","DHCP:客户端无 IP,无法建立 TCP 连接,且需广播"
all_relations.csv,4,DNS,has_part,域名解析,DNS,has_part,域名解析,has_part,kept,,has_part,0.7561,,,"has_part: score=0.756, conf=0.804, support=1, cues=枚举结构,!基于","DNS:域名解析(默认 UDP,大包 / 区域传送用 TCP)"
all_relations.csv,5,HTTP/2,has_part,传输层,HTTP/2,has_part,传输层,has_part,kept,,has_part,0.7837,,,"has_part: score=0.784, conf=0.804, support=1, cues=枚举结构","HTTP/2:传输层阻塞,TCP 要求按序交付,单个丢包阻塞整个连接的所有流"
all_relations.csv,6,Host,has_part,服务器,Host,has_part,服务器,has_part,kept,,has_part,0.7837,,,"has_part: score=0.784, conf=0.804, support=1, cues=枚举结构",Host:服务器域名与端口
all_relations.csv,7,TCP,has_part,可靠传输,TCP,has_part,可靠传输,has_part,kept,,has_part,0.7837,,,"has_part: score=0.784, conf=0.804, support=1, cues=枚举结构","TCP:可靠传输,通过序列号、确认应答 ACK、超时重传、流量控制、拥塞控制,保证数据无差错、不丢失、不重复、按序到达"
all_relations.csv,8,TCP,has_part,有状态,TCP,has_part,有状态,has_part,kept,,has_part,0.7837,,,"has_part: score=0.784, conf=0.804, support=1, cues=枚举结构","TCP:有状态,两端需维护连接状态(序列号、窗口大小、已发送 / 已确认数据等)"
all_relations.csv,9,TCP,has_part,面向字节流,TCP,has_part,面向字节流,has_part,kept,,has_part,0.7837,,,"has_part: score=0.784, conf=0.804, support=1, cues=枚举结构","TCP:面向字节流,将数据视为无结构字节流,可拆分 / 合并数据"
all_relations.csv,10,TCP,has_part,面向连接,TCP,has_part,面向连接,has_part,kept,,has_part,0.7837,,,"has_part: score=0.784, conf=0.804, support=1, cues=枚举结构","TCP:面向连接,传输前必须通过三次握手建立连接,传输后通过四次挥手释放连接"
all_relations.csv,11,UDP,has_part,面向报文,UDP,has_part,面向报文,has_part,kept,,has_part,0.7837,,,"has_part: score=0.784, conf=0.804, support=1, cues=枚举结构","UDP:面向报文,保留应用层数据边界,不拆分、不合并数据块"
all_relations.csv,12,传输层,has_part,TCP,传输层,has_part,TCP,has_part,kept,,has_part | used_for,0.7837,0.7206,0.0631,"has_part: score=0.784, conf=0.804, support=1, cues=枚举结构；used_for: score=0.721, conf=0.660, support=1, cues=用途,用于,适用于",传输层:TCP、UDP、SCTP
all_relations.csv,13,传输层,has_part,TCP Options,传输层,has_part,TCP Options,has_part,kept,,has_part,0.7285,,,"has_part: score=0.729, conf=0.804, support=1, cues=枚举结构,!用于,!适用于","传输层:TCP Options 字段、Proxy Protocol,适用于所有 TCP 协议,需双方改造"
all_relations.csv,14,应用层,has_part,HTTP,应用层,has_part,HTTP,has_part,kept,,has_part | used_for,0.7837,0.7380,0.0457,"has_part: score=0.784, conf=0.804, support=1, cues=枚举结构；used_for: score=0.738, conf=0.662, support=1, cues=用途,用于,适用于,\bfor\b",应用层:HTTP、HTTPS、FTP、SMTP、POP3、IMAP、Telnet、SSH、DNS、RTP、RTCP、DHCP、SNMP、NTP
all_relations.csv,15,应用层,has_part,X-Forwarded-For,应用层,has_part,X-Forwarded-For,has_part,kept,,has_part,0.7285,,,"has_part: score=0.729, conf=0.804, support=1, cues=枚举结构,!用于,!适用于","应用层:X-Forwarded-For 请求头,简单但易伪造,仅适用于 HTTP/SMTP"
all_relations.csv,16,故障排查,has_part,PING,故障排查,has_part,PING,has_part,kept,,has_part,0.7837,,,"has_part: score=0.784, conf=0.804, support=1, cues=枚举结构",网络故障排查:PING 测连通性、tracert 测路由、nslookup 测 DNS、arp 查 MAC等
all_relations.csv,17,网络层,has_part,IPv4,网络层,has_part,IPv4,has_part,kept,,has_part,0.7837,,,"has_part: score=0.784, conf=0.804, support=1, cues=枚举结构",网络层:IPv4、IPv6、ARP、ICMP、IGMP、NAT、OSPF、RIP、BGP
all_relations.csv,18,网络接口层,has_part,以太网,网络接口层,has_part,以太网,has_part,kept,,has_part,0.7837,,,"has_part: score=0.784, conf=0.804, support=1, cues=枚举结构",网络接口层:以太网、Wi-Fi、PPP、MAC 协议
all_relations.csv,19,HTTPS,depends_on,加密,HTTPS,depends_on,加密,depends_on,kept,,depends_on,0.7921,,,"depends_on: score=0.792, conf=0.798, support=1, cues=依赖,基于","HTTPS 基于 SSL/TLS 加密,防窃听、篡改、冒充"
all_relations.csv,20,数据链路层,has_part,比特流,数据链路层,has_part,比特流,has_part,kept,,has_part,0.7800,,,"has_part: score=0.780, conf=0.798, support=1, cues=枚举结构","数据链路层:将比特流封装成帧,负责帧编码、差错纠正、物理寻址(MAC 地址),控制相邻节点间的数据传输"
all_relations.csv,21,BGP,used_for,自治系统,BGP,used_for,自治系统,used_for,kept,,used_for,0.7876,,,"used_for: score=0.788, conf=0.794, support=1, cues=用途,用于","BGP:边界网关协议,用于跨自治系统的路由交换"
all_relations.csv,22,URL,is_a,URI,URL,is_a,URI,is_a,kept,,is_a,0.7815,,,"is_a: score=0.782, conf=0.794, support=1, cues=上下位","URL:统一资源定位符,是 URI 的子集,既标识又定位资源(指明访问路径)"
all_relations.csv,23,UDP,has_part,单播,UDP,has_part,单播,has_part,kept,,has_part,0.7763,,,"has_part: score=0.776, conf=0.792, support=1, cues=枚举结构",UDP:支持单播、一对多多播、一对所有广播
all_relations.csv,24,传输层,has_part,OSI,传输层,has_part,OSI,has_part,kept,,has_part,0.7763,,,"has_part: score=0.776, conf=0.792, support=1, cues=枚举结构","传输层:与 OSI 传输层一致,提供端到端传输服务"
all_relations.csv,25,四次挥手,has_part,报文,四次挥手,has_part,报文,has_part,kept,,has_part,0.7763,,,"has_part: score=0.776, conf=0.792, support=1, cues=枚举结构",TCP 三次握手 / 四次挥手细节:报文标志位(SYN/ACK/FIN)、状态转换、超时处理、2MSL 等待原因
all_relations.csv,26,多路复用,has_part,TCP,多路复用,has_part,TCP,has_part,kept,,has_part,0.7763,,,"has_part: score=0.776, conf=0.792, support=1, cues=枚举结构","多路复用:单 TCP 连接并发传输多请求,解决应用层队头阻塞"
all_relations.csv,27,网络层,has_part,OSI,网络层,has_part,OSI,has_part,kept,,has_part,0.7763,,,"has_part: score=0.776, conf=0.792, support=1, cues=枚举结构","网络层:与 OSI 网络层一致,负责路由寻址"
all_relations.csv,28,网络层,has_part,路由与寻址,网络层,has_part,路由与寻址,has_part,kept,,has_part,0.7763,,,"has_part: score=0.776, conf=0.792, support=1, cues=枚举结构","网络层:负责路由与寻址,决定数据在网络中的传输路径,实现跨网络的数据包转发"
all_relations.csv,29,Host,has_part,域名,Host,has_part,域名,has_part,kept,,has_part,0.7726,,,"has_part: score=0.773, conf=0.786, support=1, cues=枚举结构",Host:服务器域名与端口
all_relations.csv,30,应用层,has_part,OSI,应用层,has_part,OSI,has_part,kept,,has_part,0.7726,,,"has_part: score=0.773, conf=0.786, support=1, cues=枚举结构","应用层:对应 OSI 的应用层 + 表示层 + 会话层,实现具体的应用功能"
all_relations.csv,31,网络接口层,has_part,OSI,网络接口层,has_part,OSI,has_part,kept,,has_part,0.7726,,,"has_part: score=0.773, conf=0.786, support=1, cues=枚举结构","网络接口层:对应 OSI 的数据链路层 + 物理层,负责物理传输与帧封装"
all_relations.csv,32,头部压缩,has_part,QPACK,头部压缩,has_part,QPACK,has_part,kept,,has_part,0.7713,,,"has_part: score=0.771, conf=0.784, support=1, cues=枚举结构","头部压缩:QPACK 算法,比 HPACK 更高效"
all_relations.csv,33,传输层,has_part,UDP,传输层,has_part,UDP,has_part,kept,,has_part,0.7688,,,"has_part: score=0.769, conf=0.780, support=1, cues=枚举结构",传输层:TCP、UDP、SCTP
all_relations.csv,34,网络接口层,has_part,Wi-Fi,网络接口层,has_part,Wi-Fi,has_part,kept,,has_part,0.7688,,,"has_part: score=0.769, conf=0.780, support=1, cues=枚举结构",网络接口层:以太网、Wi-Fi、PPP、MAC 协议
all_relations.csv,35,ARP,has_part,广播,ARP,has_part,广播,has_part,kept,,has_part,0.7651,,,"has_part: score=0.765, conf=0.774, support=1, cues=枚举结构",ARP 工作流程:广播请求、单播响应、ARP 缓存
all_relations.csv,36,应用层,has_part,HTTPS,应用层,has_part,HTTPS,has_part,kept,,has_part,0.7651,,,"has_part: score=0.765, conf=0.774, support=1, cues=枚举结构",应用层:HTTP、HTTPS、FTP、SMTP、POP3、IMAP、Telnet、SSH、DNS、RTP、RTCP、DHCP、SNMP、NTP
all_relations.csv,37,网络层,has_part,IPv6,网络层,has_part,IPv6,has_part,kept,,has_part,0.7651,,,"has_part: score=0.765, conf=0.774, support=1, cues=枚举结构",网络层:IPv4、IPv6、ARP、ICMP、IGMP、NAT、OSPF、RIP、BGP
all_relations.csv,38,缓存机制,has_part,If-Modified-Since,缓存机制,has_part,If-Modified-Since,has_part,kept,,has_part,0.7614,,,"has_part: score=0.761, conf=0.768, support=1, cues=枚举结构",缓存机制简陋:仅支持 If-Modified-Since、Expires
all_relations.csv,39,TCP,has_part,序列号,TCP,has_part,序列号,has_part,kept,,has_part,0.7577,,,"has_part: score=0.758, conf=0.762, support=1, cues=枚举结构","TCP:可靠传输,通过序列号、确认应答 ACK、超时重传、流量控制、拥塞控制,保证数据无差错、不丢失、不重复、按序到达"
all_relations.csv,40,UDP,has_part,应用层,UDP,has_part,应用层,has_part,kept,,has_part,0.7577,,,"has_part: score=0.758, conf=0.762, support=1, cues=枚举结构","UDP:面向报文,保留应用层数据边界,不拆分、不合并数据块"
all_relations.csv,41,X-Forwarded-For,used_for,HTTP,X-Forwarded-For,used_for,HTTP,used_for,kept,,used_for,0.7975,,,"used_for: score=0.797, conf=0.758, support=1, cues=用途,用于,适用于,\bfor\b","应用层:X-Forwarded-For 请求头,简单但易伪造,仅适用于 HTTP/SMTP"
all_relations.csv,42,UDP,has_part,多播,UDP,has_part,多播,has_part,kept,,has_part,0.7540,,,"has_part: score=0.754, conf=0.756, support=1, cues=枚举结构",UDP:支持单播、一对多多播、一对所有广播
all_relations.csv,43,传输层,has_part,SCTP,传输层,has_part,SCTP,has_part,kept,,has_part,0.7540,,,"has_part: score=0.754, conf=0.756, support=1, cues=枚举结构",传输层:TCP、UDP、SCTP
all_relations.csv,44,四次挥手,has_part,SYN,四次挥手,has_part,SYN,has_part,kept,,has_part,0.7540,,,"has_part: score=0.754, conf=0.756, support=1, cues=枚举结构",TCP 三次握手 / 四次挥手细节:报文标志位(SYN/ACK/FIN)、状态转换、超时处理、2MSL 等待原因
all_relations.csv,45,QUIC,has_part,RTT,QUIC,has_part,RTT,has_part,kept,,has_part,0.7502,,,"has_part: score=0.750, conf=0.750, support=1, cues=枚举结构",QUIC 协议核心优势:0-RTT、连接迁移、流间无阻塞、内置加密
all_relations.csv,46,公网 IP,implemented_by,私有 IP,公网 IP,implemented_by,私有 IP,implemented_by,kept,,implemented_by,0.7683,,,"implemented_by: score=0.768, conf=0.750, support=1, cues=实现关系,实现","作用:将内网私有 IP映射为公网公有 IP,实现多设备共享一个公网 IP 上网"
all_relations.csv,47,HTTP/2,has_part,TCP,HTTP/2,has_part,TCP,has_part,kept,,has_part,0.7490,,,"has_part: score=0.749, conf=0.748, support=1, cues=枚举结构","HTTP/2:传输层阻塞,TCP 要求按序交付,单个丢包阻塞整个连接的所有流"
all_relations.csv,48,加密,is_a,表示层,加密,is_a,表示层,is_a,kept,,is_a,0.5954,,,"is_a: score=0.595, conf=0.746, support=1, cues=!包含,!包括","表示层:负责数据处理,包括编解码、加密解密、压缩解压缩,保证数据能被正确识别"
all_relations.csv,49,ARP,has_part,单播,ARP,has_part,单播,has_part,kept,,has_part,0.7465,,,"has_part: score=0.747, conf=0.744, support=1, cues=枚举结构",ARP 工作流程:广播请求、单播响应、ARP 缓存
all_relations.csv,50,故障排查,has_part,tracert,故障排查,has_part,tracert,has_part,kept,,has_part,0.7465,,,"has_part: score=0.747, conf=0.744, support=1, cues=枚举结构",网络故障排查:PING 测连通性、tracert 测路由、nslookup 测 DNS、arp 查 MAC等
all_relations.csv,51,网络层,has_part,ARP,网络层,has_part,ARP,has_part,kept,,has_part,0.7465,,,"has_part: score=0.747, conf=0.744, support=1, cues=枚举结构",网络层:IPv4、IPv6、ARP、ICMP、IGMP、NAT、OSPF、RIP、BGP
all_relations.csv,52,网络接口层,has_part,PPP,网络接口层,has_part,PPP,has_part,kept,,has_part,0.7465,,,"has_part: score=0.747, conf=0.744, support=1, cues=枚举结构",网络接口层:以太网、Wi-Fi、PPP、MAC 协议
all_relations.csv,53,TCP,has_part,确认应答 ACK,TCP,has_part,确认应答 ACK,has_part,kept,,has_part,0.7428,,,"has_part: score=0.743, conf=0.738, support=1, cues=枚举结构","TCP:可靠传输,通过序列号、确认应答 ACK、超时重传、流量控制、拥塞控制,保证数据无差错、不丢失、不重复、按序到达"
all_relations.csv,54,应用层,has_part,FTP,应用层,has_part,FTP,has_part,kept,,has_part,0.7428,,,"has_part: score=0.743, conf=0.738, support=1, cues=枚举结构",应用层:HTTP、HTTPS、FTP、SMTP、POP3、IMAP、Telnet、SSH、DNS、RTP、RTCP、DHCP、SNMP、NTP
all_relations.csv,55,DNS,has_part,UDP,DNS,has_part,UDP,has_part,kept,,has_part,0.7140,,,"has_part: score=0.714, conf=0.736, support=1, cues=枚举结构,!基于","DNS:域名解析(默认 UDP,大包 / 区域传送用 TCP)"
all_relations.csv,56,网络接口层,has_part,数据链路层,网络接口层,has_part,数据链路层,has_part,kept,,has_part,0.7416,,,"has_part: score=0.742, conf=0.736, support=1, cues=枚举结构","网络接口层:对应 OSI 的数据链路层 + 物理层,负责物理传输与帧封装"
all_relations.csv,57,TCP,has_part,三次握手,TCP,has_part,三次握手,has_part,kept,,has_part,0.7391,,,"has_part: score=0.739, conf=0.732, support=1, cues=枚举结构","TCP:面向连接,传输前必须通过三次握手建立连接,传输后通过四次挥手释放连接"
all_relations.csv,58,四次挥手,has_part,ACK,四次挥手,has_part,ACK,has_part,kept,,has_part,0.7391,,,"has_part: score=0.739, conf=0.732, support=1, cues=枚举结构",TCP 三次握手 / 四次挥手细节:报文标志位(SYN/ACK/FIN)、状态转换、超时处理、2MSL 等待原因
all_relations.csv,59,X-Forwarded-For,used_for,SMTP,X-Forwarded-For,used_for,SMTP,used_for,kept,,used_for,0.7789,,,"used_for: score=0.779, conf=0.728, support=1, cues=用途,用于,适用于,\bfor\b","应用层:X-Forwarded-For 请求头,简单但易伪造,仅适用于 HTTP/SMTP"
all_relations.csv,60,QUIC,has_part,连接迁移,QUIC,has_part,连接迁移,has_part,kept,,has_part,0.7354,,,"has_part: score=0.735, conf=0.726, support=1, cues=枚举结构",QUIC 协议核心优势:0-RTT、连接迁移、流间无阻塞、内置加密
all_relations.csv,61,表示层,has_part,加密,表示层,has_part,加密,has_part,kept,,has_part,0.7515,,,"has_part: score=0.751, conf=0.726, support=1, cues=整体部分,包括","表示层:负责数据处理,包括编解码、加密解密、压缩解压缩,保证数据能被正确识别"
all_relations.csv,62,TCP,has_part,字节流,TCP,has_part,字节流,has_part,kept,,has_part,0.7316,,,"has_part: score=0.732, conf=0.720, support=1, cues=枚举结构","TCP:面向字节流,将数据视为无结构字节流,可拆分 / 合并数据"
all_relations.csv,63,网络层,has_part,ICMP,网络层,has_part,ICMP,has_part,kept,,has_part,0.7316,,,"has_part: score=0.732, conf=0.720, support=1, cues=枚举结构",网络层:IPv4、IPv6、ARP、ICMP、IGMP、NAT、OSPF、RIP、BGP
all_relations.csv,64,网络接口层,has_part,MAC 协议,网络接口层,has_part,MAC 协议,has_part,kept,,has_part,0.7316,,,"has_part: score=0.732, conf=0.720, support=1, cues=枚举结构",网络接口层:以太网、Wi-Fi、PPP、MAC 协议
all_relations.csv,65,头部压缩,has_part,HPACK,头部压缩,has_part,HPACK,has_part,kept,,has_part,0.7304,,,"has_part: score=0.730, conf=0.718, support=1, cues=枚举结构","头部压缩:QPACK 算法,比 HPACK 更高效"
all_relations.csv,66,ARP,has_part,ARP 缓存,ARP,has_part,ARP 缓存,has_part,kept,,has_part,0.7279,,,"has_part: score=0.728, conf=0.714, support=1, cues=枚举结构",ARP 工作流程:广播请求、单播响应、ARP 缓存
all_relations.csv,67,UDP,has_part,广播,UDP,has_part,广播,has_part,kept,,has_part,0.7279,,,"has_part: score=0.728, conf=0.714, support=1, cues=枚举结构",UDP:支持单播、一对多多播、一对所有广播
all_relations.csv,68,传输层,has_part,Proxy Protocol,传输层,has_part,Proxy Protocol,has_part,kept,,has_part,0.6727,,,"has_part: score=0.673, conf=0.714, support=1, cues=枚举结构,!用于,!适用于","传输层:TCP Options 字段、Proxy Protocol,适用于所有 TCP 协议,需双方改造"
all_relations.csv,69,应用层,has_part,SMTP,应用层,has_part,SMTP,used_for,relation_conflict_resolved,,used_for | has_part,0.7367,0.7279,0.0088,"used_for: score=0.737, conf=0.660, support=1, cues=用途,用于,适用于,\bfor\b；has_part: score=0.728, conf=0.714, support=1, cues=枚举结构；low_margin=0.009",应用层:HTTP、HTTPS、FTP、SMTP、POP3、IMAP、Telnet、SSH、DNS、RTP、RTCP、DHCP、SNMP、NTP
all_relations.csv,70,数据链路层,has_part,差错纠正,数据链路层,has_part,差错纠正,has_part,kept,,has_part,0.7279,,,"has_part: score=0.728, conf=0.714, support=1, cues=枚举结构","数据链路层:将比特流封装成帧,负责帧编码、差错纠正、物理寻址(MAC 地址),控制相邻节点间的数据传输"
all_relations.csv,71,TCP Options,used_for,TCP,TCP Options,used_for,TCP,used_for,kept,,used_for,0.7516,,,"used_for: score=0.752, conf=0.710, support=1, cues=用途,用于,适用于","传输层:TCP Options 字段、Proxy Protocol,适用于所有 TCP 协议,需双方改造"
all_relations.csv,72,四次挥手,has_part,FIN,四次挥手,has_part,FIN,has_part,kept,,has_part,0.7242,,,"has_part: score=0.724, conf=0.708, support=1, cues=枚举结构",TCP 三次握手 / 四次挥手细节:报文标志位(SYN/ACK/FIN)、状态转换、超时处理、2MSL 等待原因
all_relations.csv,73,DHCP,has_part,TCP,DHCP,has_part,TCP,has_part,kept,,has_part,0.7230,,,"has_part: score=0.723, conf=0.706, support=1, cues=枚举结构","DHCP:客户端无 IP,无法建立 TCP 连接,且需广播"
all_relations.csv,74,应用层,has_part,表示层,应用层,has_part,表示层,has_part,kept,,has_part,0.7192,,,"has_part: score=0.719, conf=0.700, support=1, cues=枚举结构","应用层:对应 OSI 的应用层 + 表示层 + 会话层,实现具体的应用功能"
all_relations.csv,75,多路复用,has_part,应用层,多路复用,has_part,应用层,has_part,kept,,has_part,0.7168,,,"has_part: score=0.717, conf=0.696, support=1, cues=枚举结构","多路复用:单 TCP 连接并发传输多请求,解决应用层队头阻塞"
all_relations.csv,76,网络层,has_part,IGMP,网络层,has_part,IGMP,has_part,kept,,has_part,0.7130,,,"has_part: score=0.713, conf=0.690, support=1, cues=枚举结构",网络层:IPv4、IPv6、ARP、ICMP、IGMP、NAT、OSPF、RIP、BGP
all_relations.csv,77,网络接口层,has_part,物理层,网络接口层,has_part,物理层,has_part,kept,,has_part,0.7118,,,"has_part: score=0.712, conf=0.688, support=1, cues=枚举结构","网络接口层:对应 OSI 的数据链路层 + 物理层,负责物理传输与帧封装"
all_relations.csv,78,TCP,has_part,超时重传,TCP,has_part,超时重传,has_part,kept,,has_part,0.7093,,,"has_part: score=0.709, conf=0.684, support=1, cues=枚举结构","TCP:可靠传输,通过序列号、确认应答 ACK、超时重传、流量控制、拥塞控制,保证数据无差错、不丢失、不重复、按序到达"
all_relations.csv,79,应用层,has_part,POP3,应用层,has_part,POP3,has_part,kept,,has_part,0.7093,,,"has_part: score=0.709, conf=0.684, support=1, cues=枚举结构",应用层:HTTP、HTTPS、FTP、SMTP、POP3、IMAP、Telnet、SSH、DNS、RTP、RTCP、DHCP、SNMP、NTP
all_relations.csv,80,数据链路层,has_part,物理寻址,数据链路层,has_part,物理寻址,has_part,kept,,has_part,0.7093,,,"has_part: score=0.709, conf=0.684, support=1, cues=枚举结构","数据链路层:将比特流封装成帧,负责帧编码、差错纠正、物理寻址(MAC 地址),控制相邻节点间的数据传输"
all_relations.csv,81,多路复用,has_part,队头阻塞,多路复用,has_part,队头阻塞,has_part,kept,,has_part,0.7056,,,"has_part: score=0.706, conf=0.678, support=1, cues=枚举结构","多路复用:单 TCP 连接并发传输多请求,解决应用层队头阻塞"
all_relations.csv,82,DHCP,has_part,广播,DHCP,has_part,广播,has_part,kept,,has_part,0.7019,,,"has_part: score=0.702, conf=0.672, support=1, cues=枚举结构","DHCP:客户端无 IP,无法建立 TCP 连接,且需广播"
all_relations.csv,83,故障排查,has_part,nslookup,故障排查,has_part,nslookup,has_part,kept,,has_part,0.7019,,,"has_part: score=0.702, conf=0.672, support=1, cues=枚举结构",网络故障排查:PING 测连通性、tracert 测路由、nslookup 测 DNS、arp 查 MAC等
all_relations.csv,84,应用层,has_part,会话层,应用层,has_part,会话层,has_part,kept,,has_part,0.6969,,,"has_part: score=0.697, conf=0.664, support=1, cues=枚举结构","应用层:对应 OSI 的应用层 + 表示层 + 会话层,实现具体的应用功能"
all_relations.csv,85,应用层,used_for,HTTP,应用层,used_for,HTTP,has_part,relation_conflict_resolved,,has_part | used_for,0.7837,0.7380,0.0457,"has_part: score=0.784, conf=0.804, support=1, cues=枚举结构；used_for: score=0.738, conf=0.662, support=1, cues=用途,用于,适用于,\bfor\b","应用层:X-Forwarded-For 请求头,简单但易伪造,仅适用于 HTTP/SMTP"
all_relations.csv,86,传输层,used_for,TCP,传输层,used_for,TCP,has_part,relation_conflict_resolved,,has_part | used_for,0.7837,0.7206,0.0631,"has_part: score=0.784, conf=0.804, support=1, cues=枚举结构；used_for: score=0.721, conf=0.660, support=1, cues=用途,用于,适用于","传输层:TCP Options 字段、Proxy Protocol,适用于所有 TCP 协议,需双方改造"
all_relations.csv,87,应用层,used_for,SMTP,应用层,used_for,SMTP,used_for,kept,,used_for | has_part,0.7367,0.7279,0.0088,"used_for: score=0.737, conf=0.660, support=1, cues=用途,用于,适用于,\bfor\b；has_part: score=0.728, conf=0.714, support=1, cues=枚举结构；low_margin=0.009","应用层:X-Forwarded-For 请求头,简单但易伪造,仅适用于 HTTP/SMTP"
all_relations.csv,88,根 DNS 服务器,has_part,服务器,根 DNS 服务器,has_part,服务器,has_part,kept,,has_part,0.6932,,,"has_part: score=0.693, conf=0.658, support=1, cues=枚举结构","根 DNS 服务器:13 组 IP,对应全球 1700 + 台服务器,提供顶级域服务器 IP"
all_relations.csv,89,DNS,has_part,TCP,DNS,has_part,TCP,has_part,kept,,has_part,0.6582,,,"has_part: score=0.658, conf=0.646, support=1, cues=枚举结构,!基于","DNS:域名解析(默认 UDP,大包 / 区域传送用 TCP)"
all_relations.csv,90,布隆过滤器,is_a,空间效率较高,布隆过滤器,is_a,空间效率较高,is_a,kept,,is_a,0.8122,,,"is_a: score=0.812, conf=0.862, support=1, cues=上下位,是一种,!用于","布隆过滤器是一种空间效率较高的概率型数据结构,用于判断元素是否存在于集合中,但存在一定的误判率"
all_relations.csv,91,数组,is_a,顺序存储结构,数组,is_a,顺序存储结构,is_a,kept,,is_a,0.8398,,,"is_a: score=0.840, conf=0.862, support=1, cues=上下位,是一种","数组是一种顺序存储结构,其特点是支持随机访问,但插入和删除操作效率较低"
all_relations.csv,92,链表,is_a,链式存储结构,链表,is_a,链式存储结构,is_a,kept,,is_a,0.8122,,,"is_a: score=0.812, conf=0.862, support=1, cues=上下位,是一种,!包含","链表是一种链式存储结构,每个节点包含数据域和指针域,适合频繁插入和删除的场景"
all_relations.csv,93,队列,is_a,先进先出,队列,is_a,先进先出,is_a,kept,,is_a,0.8122,,,"is_a: score=0.812, conf=0.862, support=1, cues=上下位,是一种,!用于","队列是一种先进先出(FIFO)的数据结构,常用于任务调度和缓冲区管理"
all_relations.csv,94,优先队列,implemented_by,广度优先搜索,优先队列,implemented_by,广度优先搜索,implemented_by,kept,,implemented_by,0.8052,,,"implemented_by: score=0.805, conf=0.854, support=1, cues=实现关系,实现,!用于","例如,栈用于括号匹配问题,队列用于广度优先搜索,堆用于实现优先队列,图用于建模网络关系,哈希表用于缓存系统"
all_relations.csv,95,哈希表,is_a,哈希函数,哈希表,is_a,哈希函数,depends_on,relation_conflict_resolved,,depends_on | is_a,0.7905,0.7771,0.0134,"depends_on: score=0.791, conf=0.840, support=1, cues=依赖,基于,!用于；is_a: score=0.777, conf=0.850, support=1, cues=上下位,是一种,!用于,!基于；low_margin=0.013","哈希表是一种基于哈希函数的数据结构,用于实现高效的查找操作"
all_relations.csv,96,哈希表,used_for,缓存系统,哈希表,used_for,缓存系统,used_for,kept,,used_for,0.8211,,,"used_for: score=0.821, conf=0.848, support=1, cues=用途,用于","例如,栈用于括号匹配问题,队列用于广度优先搜索,堆用于实现优先队列,图用于建模网络关系,哈希表用于缓存系统"
all_relations.csv,97,队列,used_for,广度优先搜索,队列,used_for,广度优先搜索,used_for,kept,,used_for,0.8211,,,"used_for: score=0.821, conf=0.848, support=1, cues=用途,用于","例如,栈用于括号匹配问题,队列用于广度优先搜索,堆用于实现优先队列,图用于建模网络关系,哈希表用于缓存系统"
all_relations.csv,98,查找,implemented_by,数据结构,查找,implemented_by,数据结构,implemented_by,kept,,implemented_by,0.7702,,,"implemented_by: score=0.770, conf=0.842, support=1, cues=实现关系,实现,!用于,!基于","哈希表是一种基于哈希函数的数据结构,用于实现高效的查找操作"
all_relations.csv,99,哈希表,depends_on,哈希函数,哈希表,depends_on,哈希函数,depends_on,kept,,depends_on | is_a,0.7905,0.7771,0.0134,"depends_on: score=0.791, conf=0.840, support=1, cues=依赖,基于,!用于；is_a: score=0.777, conf=0.850, support=1, cues=上下位,是一种,!用于,!基于；low_margin=0.013","哈希表是一种基于哈希函数的数据结构,用于实现高效的查找操作"
all_relations.csv,100,顺序存储结构,is_a,随机访问,顺序存储结构,is_a,随机访问,is_a,kept,,is_a,0.8249,,,"is_a: score=0.825, conf=0.838, support=1, cues=上下位,是一种","数组是一种顺序存储结构,其特点是支持随机访问,但插入和删除操作效率较低"
all_relations.csv,101,优先队列,used_for,建模网络关系,优先队列,used_for,建模网络关系,used_for,kept,,used_for,0.8137,,,"used_for: score=0.814, conf=0.836, support=1, cues=用途,用于","例如,栈用于括号匹配问题,队列用于广度优先搜索,堆用于实现优先队列,图用于建模网络关系,哈希表用于缓存系统"
all_relations.csv,102,数据结构,used_for,任务调度,数据结构,used_for,任务调度,used_for,kept,,used_for,0.8298,,,"used_for: score=0.830, conf=0.836, support=1, cues=用途,用于,常用于","队列是一种先进先出(FIFO)的数据结构,常用于任务调度和缓冲区管理"
all_relations.csv,103,数据结构,used_for,函数调用,数据结构,used_for,函数调用,used_for,kept,,used_for,0.8298,,,"used_for: score=0.830, conf=0.836, support=1, cues=用途,用于,常用于","栈是一种后进先出(LIFO)的数据结构,常用于函数调用和表达式求值"
all_relations.csv,104,队列,is_a,FIFO,队列,is_a,FIFO,is_a,kept,,is_a,0.7936,,,"is_a: score=0.794, conf=0.832, support=1, cues=上下位,是一种,!用于","队列是一种先进先出(FIFO)的数据结构,常用于任务调度和缓冲区管理"
all_relations.csv,105,括号匹配问题,used_for,广度优先搜索,括号匹配问题,used_for,广度优先搜索,used_for,kept,,used_for,0.8099,,,"used_for: score=0.810, conf=0.830, support=1, cues=用途,用于","例如,栈用于括号匹配问题,队列用于广度优先搜索,堆用于实现优先队列,图用于建模网络关系,哈希表用于缓存系统"
all_relations.csv,106,广度优先搜索,used_for,优先队列,广度优先搜索,used_for,优先队列,used_for,kept,,used_for,0.8062,,,"used_for: score=0.806, conf=0.824, support=1, cues=用途,用于","例如,栈用于括号匹配问题,队列用于广度优先搜索,堆用于实现优先队列,图用于建模网络关系,哈希表用于缓存系统"
all_relations.csv,107,哈希表,is_a,数据结构,哈希表,is_a,数据结构,depends_on,relation_conflict_resolved,,depends_on | is_a,0.7719,0.7585,0.0134,"depends_on: score=0.772, conf=0.810, support=1, cues=依赖,基于,!用于；is_a: score=0.759, conf=0.820, support=1, cues=上下位,是一种,!用于,!基于；low_margin=0.013","哈希表是一种基于哈希函数的数据结构,用于实现高效的查找操作"
all_relations.csv,108,布隆过滤器,is_a,概率型数据结构,布隆过滤器,is_a,概率型数据结构,is_a,kept,,is_a,0.7861,,,"is_a: score=0.786, conf=0.820, support=1, cues=上下位,是一种,!用于","布隆过滤器是一种空间效率较高的概率型数据结构,用于判断元素是否存在于集合中,但存在一定的误判率"
all_relations.csv,109,线性结构,is_a,一对一关系,线性结构,is_a,一对一关系,is_a,kept,,is_a,0.7700,,,"is_a: score=0.770, conf=0.820, support=1, cues=上下位,!包括","线性结构是指数据元素之间存在一对一关系的结构,主要包括数组、链表、栈和队列"
all_relations.csv,110,非线性结构,is_a,一对多关系,非线性结构,is_a,一对多关系,is_a,kept,,is_a,0.7700,,,"is_a: score=0.770, conf=0.820, support=1, cues=上下位,!包括","非线性结构是指数据元素之间存在一对多关系的结构,主要包括树和图"
all_relations.csv,111,最小堆,used_for,优先队列,最小堆,used_for,优先队列,used_for,kept,,used_for,0.8174,,,"used_for: score=0.817, conf=0.816, support=1, cues=用途,用于,常用于","堆是一种特殊的完全二叉树,分为最大堆和最小堆,常用于优先队列的实现"
all_relations.csv,112,数据结构,used_for,查找,数据结构,used_for,查找,used_for,kept,,used_for,0.7712,,,"used_for: score=0.771, conf=0.812, support=1, cues=用途,用于,!基于","哈希表是一种基于哈希函数的数据结构,用于实现高效的查找操作"
all_relations.csv,113,最大堆,is_a,完全二叉树,最大堆,is_a,完全二叉树,is_a,kept,,is_a,0.7375,,,"is_a: score=0.737, conf=0.812, support=1, cues=是一种,!用于,!包含","堆是一种特殊的完全二叉树,分为最大堆和最小堆,常用于优先队列的实现"
all_relations.csv,114,哈希表,depends_on,数据结构,哈希表,depends_on,数据结构,depends_on,kept,,depends_on | is_a,0.7719,0.7585,0.0134,"depends_on: score=0.772, conf=0.810, support=1, cues=依赖,基于,!用于；is_a: score=0.759, conf=0.820, support=1, cues=上下位,是一种,!用于,!基于；low_margin=0.013","哈希表是一种基于哈希函数的数据结构,用于实现高效的查找操作"
all_relations.csv,115,二叉树,is_a,节点,二叉树,is_a,节点,is_a,kept,,is_a,0.8063,,,"is_a: score=0.806, conf=0.808, support=1, cues=上下位,是一种","二叉树是一种特殊的树结构,每个节点最多有两个子节点"
all_relations.csv,116,链表,is_a,节点,链表,is_a,节点,is_a,kept,,is_a,0.7787,,,"is_a: score=0.779, conf=0.808, support=1, cues=上下位,是一种,!包含","链表是一种链式存储结构,每个节点包含数据域和指针域,适合频繁插入和删除的场景"
all_relations.csv,117,数据结构,used_for,缓冲区管理,数据结构,used_for,缓冲区管理,used_for,kept,,used_for,0.8112,,,"used_for: score=0.811, conf=0.806, support=1, cues=用途,用于,常用于","队列是一种先进先出(FIFO)的数据结构,常用于任务调度和缓冲区管理"
all_relations.csv,118,数据结构,used_for,表达式求值,数据结构,used_for,表达式求值,used_for,kept,,used_for,0.8112,,,"used_for: score=0.811, conf=0.806, support=1, cues=用途,用于,常用于","栈是一种后进先出(LIFO)的数据结构,常用于函数调用和表达式求值"
all_relations.csv,119,建模网络关系,used_for,缓存系统,建模网络关系,used_for,缓存系统,used_for,kept,,used_for,0.7938,,,"used_for: score=0.794, conf=0.804, support=1, cues=用途,用于","例如,栈用于括号匹配问题,队列用于广度优先搜索,堆用于实现优先队列,图用于建模网络关系,哈希表用于缓存系统"
all_relations.csv,120,顺序存储结构,is_a,插入,顺序存储结构,is_a,插入,is_a,kept,,is_a,0.8026,,,"is_a: score=0.803, conf=0.802, support=1, cues=上下位,是一种","数组是一种顺序存储结构,其特点是支持随机访问,但插入和删除操作效率较低"
all_relations.csv,121,FIFO,used_for,任务调度,FIFO,used_for,任务调度,used_for,kept,,used_for,0.8074,,,"used_for: score=0.807, conf=0.800, support=1, cues=用途,用于,常用于","队列是一种先进先出(FIFO)的数据结构,常用于任务调度和缓冲区管理"
all_relations.csv,122,LIFO,used_for,函数调用,LIFO,used_for,函数调用,used_for,kept,,used_for,0.8074,,,"used_for: score=0.807, conf=0.800, support=1, cues=用途,用于,常用于","栈是一种后进先出(LIFO)的数据结构,常用于函数调用和表达式求值"
all_relations.csv,123,队列,is_a,数据结构,队列,is_a,数据结构,is_a,kept,,is_a,0.7713,,,"is_a: score=0.771, conf=0.796, support=1, cues=上下位,是一种,!用于","队列是一种先进先出(FIFO)的数据结构,常用于任务调度和缓冲区管理"
all_relations.csv,124,最大堆,used_for,优先队列,最大堆,used_for,优先队列,used_for,kept,,used_for,0.8025,,,"used_for: score=0.802, conf=0.792, support=1, cues=用途,用于,常用于","堆是一种特殊的完全二叉树,分为最大堆和最小堆,常用于优先队列的实现"
all_relations.csv,125,最小堆,is_a,完全二叉树,最小堆,is_a,完全二叉树,is_a,kept,,is_a,0.7226,,,"is_a: score=0.723, conf=0.788, support=1, cues=是一种,!用于,!包含","堆是一种特殊的完全二叉树,分为最大堆和最小堆,常用于优先队列的实现"
all_relations.csv,126,非线性结构,is_a,数据结构,非线性结构,is_a,数据结构,is_a,kept,,is_a,0.6214,,,"is_a: score=0.621, conf=0.788, support=1, cues=!包含,!包括",常见的数据结构包括线性结构和非线性结构两大类
all_relations.csv,127,优先队列,implemented_by,队列,优先队列,implemented_by,队列,implemented_by,kept,,implemented_by,0.7631,,,"implemented_by: score=0.763, conf=0.786, support=1, cues=实现关系,实现,!用于","例如,栈用于括号匹配问题,队列用于广度优先搜索,堆用于实现优先队列,图用于建模网络关系,哈希表用于缓存系统"
all_relations.csv,128,数组,is_a,随机访问,数组,is_a,随机访问,is_a,kept,,is_a,0.7914,,,"is_a: score=0.791, conf=0.784, support=1, cues=上下位,是一种","数组是一种顺序存储结构,其特点是支持随机访问,但插入和删除操作效率较低"
all_relations.csv,129,链表,is_a,数据域,链表,is_a,数据域,is_a,kept,,is_a | has_part,0.7638,0.7440,0.0198,"is_a: score=0.764, conf=0.784, support=1, cues=上下位,是一种,!包含；has_part: score=0.744, conf=0.714, support=1, cues=整体部分,包含","链表是一种链式存储结构,每个节点包含数据域和指针域,适合频繁插入和删除的场景"
all_relations.csv,130,顺序存储结构,is_a,删除,顺序存储结构,is_a,删除,is_a,kept,,is_a,0.7914,,,"is_a: score=0.791, conf=0.784, support=1, cues=上下位,是一种","数组是一种顺序存储结构,其特点是支持随机访问,但插入和删除操作效率较低"
all_relations.csv,131,哈希函数,used_for,查找,哈希函数,used_for,查找,used_for,kept,,used_for,0.7526,,,"used_for: score=0.753, conf=0.782, support=1, cues=用途,用于,!基于","哈希表是一种基于哈希函数的数据结构,用于实现高效的查找操作"
all_relations.csv,132,链地址法,is_a,哈希冲突,链地址法,is_a,哈希冲突,is_a,kept,,is_a,0.6177,,,"is_a: score=0.618, conf=0.782, support=1, cues=!包含,!包括","为了解决哈希冲突,常用的方法包括链地址法和开放寻址法"
all_relations.csv,133,完全二叉树,used_for,优先队列,完全二叉树,used_for,优先队列,used_for,kept,,used_for,0.7926,,,"used_for: score=0.793, conf=0.776, support=1, cues=用途,用于,常用于","堆是一种特殊的完全二叉树,分为最大堆和最小堆,常用于优先队列的实现"
all_relations.csv,134,广度优先搜索,used_for,建模网络关系,广度优先搜索,used_for,建模网络关系,used_for,kept,,used_for,0.7765,,,"used_for: score=0.776, conf=0.776, support=1, cues=用途,用于","例如,栈用于括号匹配问题,队列用于广度优先搜索,堆用于实现优先队列,图用于建模网络关系,哈希表用于缓存系统"
all_relations.csv,135,优先队列,used_for,哈希表,优先队列,used_for,哈希表,used_for,kept,,used_for,0.7752,,,"used_for: score=0.775, conf=0.774, support=1, cues=用途,用于","例如,栈用于括号匹配问题,队列用于广度优先搜索,堆用于实现优先队列,图用于建模网络关系,哈希表用于缓存系统"
all_relations.csv,136,指针域,is_a,节点,指针域,is_a,节点,is_a,kept,,is_a,0.7415,,,"is_a: score=0.742, conf=0.774, support=1, cues=是一种,!包含","链表是一种链式存储结构,每个节点包含数据域和指针域,适合频繁插入和删除的场景"
all_relations.csv,137,FIFO,used_for,缓冲区管理,FIFO,used_for,缓冲区管理,used_for,kept,,used_for,0.7888,,,"used_for: score=0.789, conf=0.770, support=1, cues=用途,用于,常用于","队列是一种先进先出(FIFO)的数据结构,常用于任务调度和缓冲区管理"
all_relations.csv,138,LIFO,used_for,表达式求值,LIFO,used_for,表达式求值,used_for,kept,,used_for,0.7888,,,"used_for: score=0.789, conf=0.770, support=1, cues=用途,用于,常用于","栈是一种后进先出(LIFO)的数据结构,常用于函数调用和表达式求值"
all_relations.csv,139,先进先出,used_for,任务调度,先进先出,used_for,任务调度,used_for,kept,,used_for,0.7888,,,"used_for: score=0.789, conf=0.770, support=1, cues=用途,用于,常用于","队列是一种先进先出(FIFO)的数据结构,常用于任务调度和缓冲区管理"
all_relations.csv,140,后进先出,used_for,函数调用,后进先出,used_for,函数调用,used_for,kept,,used_for,0.7888,,,"used_for: score=0.789, conf=0.770, support=1, cues=用途,用于,常用于","栈是一种后进先出(LIFO)的数据结构,常用于函数调用和表达式求值"
all_relations.csv,141,数据域,is_a,链式存储结构,数据域,is_a,链式存储结构,is_a,kept,,is_a,0.7378,,,"is_a: score=0.738, conf=0.768, support=1, cues=是一种,!包含","链表是一种链式存储结构,每个节点包含数据域和指针域,适合频繁插入和删除的场景"
all_relations.csv,142,数据结构,has_part,非线性结构,数据结构,has_part,非线性结构,has_part,kept,,has_part,0.7775,,,"has_part: score=0.777, conf=0.768, support=1, cues=整体部分,包括",常见的数据结构包括线性结构和非线性结构两大类
all_relations.csv,143,优先队列,used_for,缓存系统,优先队列,used_for,缓存系统,used_for,kept,,used_for,0.7690,,,"used_for: score=0.769, conf=0.764, support=1, cues=用途,用于","例如,栈用于括号匹配问题,队列用于广度优先搜索,堆用于实现优先队列,图用于建模网络关系,哈希表用于缓存系统"
all_relations.csv,144,一对一关系,has_part,数组,一对一关系,has_part,数组,has_part,kept,,has_part,0.7738,,,"has_part: score=0.774, conf=0.762, support=1, cues=整体部分,包括","线性结构是指数据元素之间存在一对一关系的结构,主要包括数组、链表、栈和队列"
all_relations.csv,145,哈希冲突,has_part,链地址法,哈希冲突,has_part,链地址法,has_part,kept,,has_part,0.7738,,,"has_part: score=0.774, conf=0.762, support=1, cues=整体部分,包括","为了解决哈希冲突,常用的方法包括链地址法和开放寻址法"
all_relations.csv,146,链表,is_a,指针域,链表,is_a,指针域,is_a,kept,,is_a | has_part,0.7489,0.7291,0.0198,"is_a: score=0.749, conf=0.760, support=1, cues=上下位,是一种,!包含；has_part: score=0.729, conf=0.690, support=1, cues=整体部分,包含","链表是一种链式存储结构,每个节点包含数据域和指针域,适合频繁插入和删除的场景"
all_relations.csv,147,括号匹配问题,used_for,优先队列,括号匹配问题,used_for,优先队列,used_for,kept,,used_for,0.7653,,,"used_for: score=0.765, conf=0.758, support=1, cues=用途,用于","例如,栈用于括号匹配问题,队列用于广度优先搜索,堆用于实现优先队列,图用于建模网络关系,哈希表用于缓存系统"
all_relations.csv,148,队列,used_for,优先队列,队列,used_for,优先队列,used_for,kept,,used_for,0.7641,,,"used_for: score=0.764, conf=0.756, support=1, cues=用途,用于","例如,栈用于括号匹配问题,队列用于广度优先搜索,堆用于实现优先队列,图用于建模网络关系,哈希表用于缓存系统"
all_relations.csv,149,节点,has_part,指针域,节点,has_part,指针域,has_part,kept,,has_part,0.7688,,,"has_part: score=0.769, conf=0.754, support=1, cues=整体部分,包含","链表是一种链式存储结构,每个节点包含数据域和指针域,适合频繁插入和删除的场景"
all_relations.csv,150,开放寻址法,is_a,哈希冲突,开放寻址法,is_a,哈希冲突,is_a,kept,,is_a,0.5991,,,"is_a: score=0.599, conf=0.752, support=1, cues=!包含,!包括","为了解决哈希冲突,常用的方法包括链地址法和开放寻址法"
all_relations.csv,151,哈希表,is_a,查找,哈希表,is_a,查找,depends_on,relation_conflict_resolved,,depends_on | used_for | is_a,0.7273,0.7191,0.0082,"depends_on: score=0.727, conf=0.738, support=1, cues=依赖,基于,!用于；used_for: score=0.719, conf=0.728, support=1, cues=用途,用于,!基于；is_a: score=0.714, conf=0.748, support=1, cues=上下位,是一种,!用于,!基于；low_margin=0.008","哈希表是一种基于哈希函数的数据结构,用于实现高效的查找操作"
all_relations.csv,152,数组,is_a,插入,数组,is_a,插入,is_a,kept,,is_a,0.7691,,,"is_a: score=0.769, conf=0.748, support=1, cues=上下位,是一种","数组是一种顺序存储结构,其特点是支持随机访问,但插入和删除操作效率较低"
all_relations.csv,153,链式存储结构,has_part,数据域,链式存储结构,has_part,数据域,has_part,kept,,has_part,0.7651,,,"has_part: score=0.765, conf=0.748, support=1, cues=整体部分,包含","链表是一种链式存储结构,每个节点包含数据域和指针域,适合频繁插入和删除的场景"
all_relations.csv,154,队列,is_a,任务调度,队列,is_a,任务调度,used_for,relation_conflict_resolved,,used_for | is_a,0.7628,0.7415,0.0213,"used_for: score=0.763, conf=0.728, support=1, cues=用途,用于,常用于；is_a: score=0.741, conf=0.748, support=1, cues=上下位,是一种,!用于","队列是一种先进先出(FIFO)的数据结构,常用于任务调度和缓冲区管理"
all_relations.csv,155,优先队列,is_a,完全二叉树,优先队列,is_a,完全二叉树,is_a,kept,,is_a,0.6966,,,"is_a: score=0.697, conf=0.746, support=1, cues=是一种,!用于,!包含","堆是一种特殊的完全二叉树,分为最大堆和最小堆,常用于优先队列的实现"
all_relations.csv,156,插入,is_a,节点,插入,is_a,节点,is_a,kept,,is_a,0.7242,,,"is_a: score=0.724, conf=0.746, support=1, cues=是一种,!包含","链表是一种链式存储结构,每个节点包含数据域和指针域,适合频繁插入和删除的场景"
all_relations.csv,157,一对一关系,has_part,链表,一对一关系,has_part,链表,has_part,kept,,has_part,0.7626,,,"has_part: score=0.763, conf=0.744, support=1, cues=整体部分,包括","线性结构是指数据元素之间存在一对一关系的结构,主要包括数组、链表、栈和队列"
all_relations.csv,158,指针域,is_a,链式存储结构,指针域,is_a,链式存储结构,is_a,kept,,is_a,0.7229,,,"is_a: score=0.723, conf=0.744, support=1, cues=是一种,!包含","链表是一种链式存储结构,每个节点包含数据域和指针域,适合频繁插入和删除的场景"
all_relations.csv,159,线性结构,is_a,数组,线性结构,is_a,数组,is_a,kept,,is_a | has_part,0.7217,0.7180,0.0037,"is_a: score=0.722, conf=0.742, support=1, cues=上下位,!包括；has_part: score=0.718, conf=0.672, support=1, cues=整体部分,包括；low_margin=0.004","线性结构是指数据元素之间存在一对一关系的结构,主要包括数组、链表、栈和队列"
all_relations.csv,160,先进先出,used_for,缓冲区管理,先进先出,used_for,缓冲区管理,used_for,kept,,used_for,0.7702,,,"used_for: score=0.770, conf=0.740, support=1, cues=用途,用于,常用于","队列是一种先进先出(FIFO)的数据结构,常用于任务调度和缓冲区管理"
all_relations.csv,161,后进先出,used_for,表达式求值,后进先出,used_for,表达式求值,used_for,kept,,used_for,0.7702,,,"used_for: score=0.770, conf=0.740, support=1, cues=用途,用于,常用于","栈是一种后进先出(LIFO)的数据结构,常用于函数调用和表达式求值"
all_relations.csv,162,哈希表,depends_on,查找,哈希表,depends_on,查找,depends_on,kept,,depends_on | used_for | is_a,0.7273,0.7191,0.0082,"depends_on: score=0.727, conf=0.738, support=1, cues=依赖,基于,!用于；used_for: score=0.719, conf=0.728, support=1, cues=用途,用于,!基于；is_a: score=0.714, conf=0.748, support=1, cues=上下位,是一种,!用于,!基于；low_margin=0.008","哈希表是一种基于哈希函数的数据结构,用于实现高效的查找操作"
all_relations.csv,163,广度优先搜索,used_for,哈希表,广度优先搜索,used_for,哈希表,used_for,kept,,used_for,0.7504,,,"used_for: score=0.750, conf=0.734, support=1, cues=用途,用于","例如,栈用于括号匹配问题,队列用于广度优先搜索,堆用于实现优先队列,图用于建模网络关系,哈希表用于缓存系统"
all_relations.csv,164,数据域,is_a,链表,数据域,is_a,链表,is_a,kept,,is_a,0.7167,,,"is_a: score=0.717, conf=0.734, support=1, cues=是一种,!包含","链表是一种链式存储结构,每个节点包含数据域和指针域,适合频繁插入和删除的场景"
all_relations.csv,165,哈希冲突,has_part,开放寻址法,哈希冲突,has_part,开放寻址法,has_part,kept,,has_part,0.7552,,,"has_part: score=0.755, conf=0.732, support=1, cues=整体部分,包括","为了解决哈希冲突,常用的方法包括链地址法和开放寻址法"
all_relations.csv,166,数组,is_a,删除,数组,is_a,删除,is_a,kept,,is_a,0.7579,,,"is_a: score=0.758, conf=0.730, support=1, cues=上下位,是一种","数组是一种顺序存储结构,其特点是支持随机访问,但插入和删除操作效率较低"
all_relations.csv,167,删除,is_a,节点,删除,is_a,节点,is_a,kept,,is_a,0.7130,,,"is_a: score=0.713, conf=0.728, support=1, cues=是一种,!包含","链表是一种链式存储结构,每个节点包含数据域和指针域,适合频繁插入和删除的场景"
all_relations.csv,168,哈希表,used_for,查找,哈希表,used_for,查找,depends_on,relation_conflict_resolved,,depends_on | used_for | is_a,0.7273,0.7191,0.0082,"depends_on: score=0.727, conf=0.738, support=1, cues=依赖,基于,!用于；used_for: score=0.719, conf=0.728, support=1, cues=用途,用于,!基于；is_a: score=0.714, conf=0.748, support=1, cues=上下位,是一种,!用于,!基于；low_margin=0.008","哈希表是一种基于哈希函数的数据结构,用于实现高效的查找操作"
all_relations.csv,169,概率型数据结构,is_a,误判率,概率型数据结构,is_a,误判率,used_for,relation_conflict_resolved,,used_for | is_a,0.7343,0.7291,0.0052,"used_for: score=0.734, conf=0.708, support=1, cues=用途,用于；is_a: score=0.729, conf=0.728, support=1, cues=上下位,是一种,!用于；low_margin=0.005","布隆过滤器是一种空间效率较高的概率型数据结构,用于判断元素是否存在于集合中,但存在一定的误判率"
all_relations.csv,170,队列,used_for,任务调度,队列,used_for,任务调度,used_for,kept,,used_for | is_a,0.7628,0.7415,0.0213,"used_for: score=0.763, conf=0.728, support=1, cues=用途,用于,常用于；is_a: score=0.741, conf=0.748, support=1, cues=上下位,是一种,!用于","队列是一种先进先出(FIFO)的数据结构,常用于任务调度和缓冲区管理"
all_relations.csv,171,队列,used_for,建模网络关系,队列,used_for,建模网络关系,used_for,kept,,used_for,0.7467,,,"used_for: score=0.747, conf=0.728, support=1, cues=用途,用于","例如,栈用于括号匹配问题,队列用于广度优先搜索,堆用于实现优先队列,图用于建模网络关系,哈希表用于缓存系统"
all_relations.csv,172,节点,has_part,插入,节点,has_part,插入,has_part,kept,,has_part,0.7515,,,"has_part: score=0.751, conf=0.726, support=1, cues=整体部分,包含","链表是一种链式存储结构,每个节点包含数据域和指针域,适合频繁插入和删除的场景"
all_relations.csv,173,线性结构,is_a,链表,线性结构,is_a,链表,is_a,kept,,is_a | has_part,0.7105,0.7068,0.0037,"is_a: score=0.711, conf=0.724, support=1, cues=上下位,!包括；has_part: score=0.707, conf=0.654, support=1, cues=整体部分,包括；low_margin=0.004","线性结构是指数据元素之间存在一对一关系的结构,主要包括数组、链表、栈和队列"
all_relations.csv,174,链式存储结构,has_part,指针域,链式存储结构,has_part,指针域,has_part,kept,,has_part,0.7502,,,"has_part: score=0.750, conf=0.724, support=1, cues=整体部分,包含","链表是一种链式存储结构,每个节点包含数据域和指针域,适合频繁插入和删除的场景"
all_relations.csv,175,队列,is_a,缓冲区管理,队列,is_a,缓冲区管理,used_for,relation_conflict_resolved,,used_for | is_a,0.7442,0.7229,0.0213,"used_for: score=0.744, conf=0.698, support=1, cues=用途,用于,常用于；is_a: score=0.723, conf=0.718, support=1, cues=上下位,是一种,!用于","队列是一种先进先出(FIFO)的数据结构,常用于任务调度和缓冲区管理"
all_relations.csv,176,插入,is_a,链式存储结构,插入,is_a,链式存储结构,is_a,kept,,is_a,0.7056,,,"is_a: score=0.706, conf=0.716, support=1, cues=是一种,!包含","链表是一种链式存储结构,每个节点包含数据域和指针域,适合频繁插入和删除的场景"
all_relations.csv,177,一对一关系,has_part,队列,一对一关系,has_part,队列,has_part,kept,,has_part,0.7440,,,"has_part: score=0.744, conf=0.714, support=1, cues=整体部分,包括","线性结构是指数据元素之间存在一对一关系的结构,主要包括数组、链表、栈和队列"
all_relations.csv,178,链表,has_part,数据域,链表,has_part,数据域,is_a,relation_conflict_resolved,,is_a | has_part,0.7638,0.7440,0.0198,"is_a: score=0.764, conf=0.784, support=1, cues=上下位,是一种,!包含；has_part: score=0.744, conf=0.714, support=1, cues=整体部分,包含","链表是一种链式存储结构,每个节点包含数据域和指针域,适合频繁插入和删除的场景"
all_relations.csv,179,链表,is_a,插入,链表,is_a,插入,is_a,kept,,is_a | has_part,0.7192,0.6994,0.0198,"is_a: score=0.719, conf=0.712, support=1, cues=上下位,是一种,!包含；has_part: score=0.699, conf=0.642, support=1, cues=整体部分,包含","链表是一种链式存储结构,每个节点包含数据域和指针域,适合频繁插入和删除的场景"
all_relations.csv,180,指针域,is_a,链表,指针域,is_a,链表,is_a,kept,,is_a,0.7018,,,"is_a: score=0.702, conf=0.710, support=1, cues=是一种,!包含","链表是一种链式存储结构,每个节点包含数据域和指针域,适合频繁插入和删除的场景"
all_relations.csv,181,概率型数据结构,used_for,误判率,概率型数据结构,used_for,误判率,used_for,kept,,used_for | is_a,0.7343,0.7291,0.0052,"used_for: score=0.734, conf=0.708, support=1, cues=用途,用于；is_a: score=0.729, conf=0.728, support=1, cues=上下位,是一种,!用于；low_margin=0.005","布隆过滤器是一种空间效率较高的概率型数据结构,用于判断元素是否存在于集合中,但存在一定的误判率"
all_relations.csv,182,节点,has_part,删除,节点,has_part,删除,has_part,kept,,has_part,0.7403,,,"has_part: score=0.740, conf=0.708, support=1, cues=整体部分,包含","链表是一种链式存储结构,每个节点包含数据域和指针域,适合频繁插入和删除的场景"
all_relations.csv,183,广度优先搜索,used_for,缓存系统,广度优先搜索,used_for,缓存系统,used_for,kept,,used_for,0.7318,,,"used_for: score=0.732, conf=0.704, support=1, cues=用途,用于","例如,栈用于括号匹配问题,队列用于广度优先搜索,堆用于实现优先队列,图用于建模网络关系,哈希表用于缓存系统"
all_relations.csv,184,删除,is_a,链式存储结构,删除,is_a,链式存储结构,is_a,kept,,is_a,0.6944,,,"is_a: score=0.694, conf=0.698, support=1, cues=是一种,!包含","链表是一种链式存储结构,每个节点包含数据域和指针域,适合频繁插入和删除的场景"
all_relations.csv,185,队列,used_for,缓冲区管理,队列,used_for,缓冲区管理,used_for,kept,,used_for | is_a,0.7442,0.7229,0.0213,"used_for: score=0.744, conf=0.698, support=1, cues=用途,用于,常用于；is_a: score=0.723, conf=0.718, support=1, cues=上下位,是一种,!用于","队列是一种先进先出(FIFO)的数据结构,常用于任务调度和缓冲区管理"
all_relations.csv,186,哈希表,implemented_by,队列,哈希表,implemented_by,队列,implemented_by,kept,,implemented_by,0.7073,,,"implemented_by: score=0.707, conf=0.696, support=1, cues=实现关系,实现,!用于","例如,栈用于括号匹配问题,队列用于广度优先搜索,堆用于实现优先队列,图用于建模网络关系,哈希表用于缓存系统"
all_relations.csv,187,链式存储结构,has_part,插入,链式存储结构,has_part,插入,has_part,kept,,has_part,0.7329,,,"has_part: score=0.733, conf=0.696, support=1, cues=整体部分,包含","链表是一种链式存储结构,每个节点包含数据域和指针域,适合频繁插入和删除的场景"
all_relations.csv,188,线性结构,is_a,队列,线性结构,is_a,队列,is_a,kept,,is_a | has_part,0.6919,0.6882,0.0037,"is_a: score=0.692, conf=0.694, support=1, cues=上下位,!包括；has_part: score=0.688, conf=0.624, support=1, cues=整体部分,包括；low_margin=0.004","线性结构是指数据元素之间存在一对一关系的结构,主要包括数组、链表、栈和队列"
all_relations.csv,189,链表,is_a,删除,链表,is_a,删除,is_a,kept,,is_a | has_part,0.7080,0.6882,0.0198,"is_a: score=0.708, conf=0.694, support=1, cues=上下位,是一种,!包含；has_part: score=0.688, conf=0.624, support=1, cues=整体部分,包含","链表是一种链式存储结构,每个节点包含数据域和指针域,适合频繁插入和删除的场景"
all_relations.csv,190,数组,is_a,线性结构,数组,is_a,线性结构,is_a,kept,,is_a,0.5619,,,"is_a: score=0.562, conf=0.692, support=1, cues=!包含,!包括","线性结构是指数据元素之间存在一对一关系的结构,主要包括数组、链表、栈和队列"
all_relations.csv,191,括号匹配问题,used_for,建模网络关系,括号匹配问题,used_for,建模网络关系,used_for,kept,,used_for,0.7231,,,"used_for: score=0.723, conf=0.690, support=1, cues=用途,用于","例如,栈用于括号匹配问题,队列用于广度优先搜索,堆用于实现优先队列,图用于建模网络关系,哈希表用于缓存系统"
all_relations.csv,192,链表,has_part,指针域,链表,has_part,指针域,is_a,relation_conflict_resolved,,is_a | has_part,0.7489,0.7291,0.0198,"is_a: score=0.749, conf=0.760, support=1, cues=上下位,是一种,!包含；has_part: score=0.729, conf=0.690, support=1, cues=整体部分,包含","链表是一种链式存储结构,每个节点包含数据域和指针域,适合频繁插入和删除的场景"
all_relations.csv,193,空间效率较高,is_a,误判率,空间效率较高,is_a,误判率,used_for,relation_conflict_resolved,,used_for | is_a,0.7045,0.6993,0.0052,"used_for: score=0.705, conf=0.660, support=1, cues=用途,用于；is_a: score=0.699, conf=0.680, support=1, cues=上下位,是一种,!用于；low_margin=0.005","布隆过滤器是一种空间效率较高的概率型数据结构,用于判断元素是否存在于集合中,但存在一定的误判率"
all_relations.csv,194,链式存储结构,has_part,删除,链式存储结构,has_part,删除,has_part,kept,,has_part,0.7217,,,"has_part: score=0.722, conf=0.678, support=1, cues=整体部分,包含","链表是一种链式存储结构,每个节点包含数据域和指针域,适合频繁插入和删除的场景"
all_relations.csv,195,链表,is_a,线性结构,链表,is_a,线性结构,is_a,kept,,is_a,0.5507,,,"is_a: score=0.551, conf=0.674, support=1, cues=!包含,!包括","线性结构是指数据元素之间存在一对一关系的结构,主要包括数组、链表、栈和队列"
all_relations.csv,196,线性结构,has_part,数组,线性结构,has_part,数组,is_a,relation_conflict_resolved,,is_a | has_part,0.7217,0.7180,0.0037,"is_a: score=0.722, conf=0.742, support=1, cues=上下位,!包括；has_part: score=0.718, conf=0.672, support=1, cues=整体部分,包括；low_margin=0.004","线性结构是指数据元素之间存在一对一关系的结构,主要包括数组、链表、栈和队列"
all_relations.csv,197,缓存系统,implemented_by,括号匹配问题,缓存系统,implemented_by,括号匹配问题,implemented_by,kept,,implemented_by,0.6911,,,"implemented_by: score=0.691, conf=0.670, support=1, cues=实现关系,实现,!用于","例如,栈用于括号匹配问题,队列用于广度优先搜索,堆用于实现优先队列,图用于建模网络关系,哈希表用于缓存系统"
all_relations.csv,198,括号匹配问题,used_for,哈希表,括号匹配问题,used_for,哈希表,used_for,kept,,used_for,0.7095,,,"used_for: score=0.709, conf=0.668, support=1, cues=用途,用于","例如,栈用于括号匹配问题,队列用于广度优先搜索,堆用于实现优先队列,图用于建模网络关系,哈希表用于缓存系统"
all_relations.csv,199,队列,used_for,哈希表,队列,used_for,哈希表,used_for,kept,,used_for,0.7083,,,"used_for: score=0.708, conf=0.666, support=1, cues=用途,用于","例如,栈用于括号匹配问题,队列用于广度优先搜索,堆用于实现优先队列,图用于建模网络关系,哈希表用于缓存系统"
all_relations.csv,200,插入,is_a,链表,插入,is_a,链表,is_a,kept,,is_a,0.6721,,,"is_a: score=0.672, conf=0.662, support=1, cues=是一种,!包含","链表是一种链式存储结构,每个节点包含数据域和指针域,适合频繁插入和删除的场景"
all_relations.csv,201,布隆过滤器,used_for,误判率,布隆过滤器,used_for,误判率,used_for,kept,,used_for,0.7045,,,"used_for: score=0.705, conf=0.660, support=1, cues=用途,用于","布隆过滤器是一种空间效率较高的概率型数据结构,用于判断元素是否存在于集合中,但存在一定的误判率"
all_relations.csv,202,空间效率较高,used_for,误判率,空间效率较高,used_for,误判率,used_for,kept,,used_for | is_a,0.7045,0.6993,0.0052,"used_for: score=0.705, conf=0.660, support=1, cues=用途,用于；is_a: score=0.699, conf=0.680, support=1, cues=上下位,是一种,!用于；low_margin=0.005","布隆过滤器是一种空间效率较高的概率型数据结构,用于判断元素是否存在于集合中,但存在一定的误判率"
all_relations.csv,203,队列,used_for,缓存系统,队列,used_for,缓存系统,used_for,kept,,used_for,0.7045,,,"used_for: score=0.705, conf=0.660, support=1, cues=用途,用于","例如,栈用于括号匹配问题,队列用于广度优先搜索,堆用于实现优先队列,图用于建模网络关系,哈希表用于缓存系统"
all_relations.csv,204,线性结构,has_part,链表,线性结构,has_part,链表,is_a,relation_conflict_resolved,,is_a | has_part,0.7105,0.7068,0.0037,"is_a: score=0.711, conf=0.724, support=1, cues=上下位,!包括；has_part: score=0.707, conf=0.654, support=1, cues=整体部分,包括；low_margin=0.004","线性结构是指数据元素之间存在一对一关系的结构,主要包括数组、链表、栈和队列"
all_relations.csv,205,删除,is_a,链表,删除,is_a,链表,is_a,kept,,is_a,0.6609,,,"is_a: score=0.661, conf=0.644, support=1, cues=是一种,!包含","链表是一种链式存储结构,每个节点包含数据域和指针域,适合频繁插入和删除的场景"
all_relations.csv,206,队列,is_a,线性结构,队列,is_a,线性结构,is_a,kept,,is_a,0.5321,,,"is_a: score=0.532, conf=0.644, support=1, cues=!包含,!包括","线性结构是指数据元素之间存在一对一关系的结构,主要包括数组、链表、栈和队列"
all_relations.csv,207,链表,has_part,插入,链表,has_part,插入,is_a,relation_conflict_resolved,,is_a | has_part,0.7192,0.6994,0.0198,"is_a: score=0.719, conf=0.712, support=1, cues=上下位,是一种,!包含；has_part: score=0.699, conf=0.642, support=1, cues=整体部分,包含","链表是一种链式存储结构,每个节点包含数据域和指针域,适合频繁插入和删除的场景"
all_relations.csv,208,括号匹配问题,used_for,缓存系统,括号匹配问题,used_for,缓存系统,used_for,kept,,used_for,0.6921,,,"used_for: score=0.692, conf=0.640, support=1, cues=用途,用于","例如,栈用于括号匹配问题,队列用于广度优先搜索,堆用于实现优先队列,图用于建模网络关系,哈希表用于缓存系统"
all_relations.csv,209,线性结构,has_part,队列,线性结构,has_part,队列,is_a,relation_conflict_resolved,,is_a | has_part,0.6919,0.6882,0.0037,"is_a: score=0.692, conf=0.694, support=1, cues=上下位,!包括；has_part: score=0.688, conf=0.624, support=1, cues=整体部分,包括；low_margin=0.004","线性结构是指数据元素之间存在一对一关系的结构,主要包括数组、链表、栈和队列"
all_relations.csv,210,链表,has_part,删除,链表,has_part,删除,is_a,relation_conflict_resolved,,is_a | has_part,0.7080,0.6882,0.0198,"is_a: score=0.708, conf=0.694, support=1, cues=上下位,是一种,!包含；has_part: score=0.688, conf=0.624, support=1, cues=整体部分,包含","链表是一种链式存储结构,每个节点包含数据域和指针域,适合频繁插入和删除的场景"
all_relations.csv,211,Throwable,is_a,父类,Throwable,is_a,父类,is_a,kept,,is_a,0.8237,,,"is_a: score=0.824, conf=0.862, support=1, cues=上下位","Throwable是顶级父类,下面分为Error(严重错误,不可处理)和Exception(可处理)"
all_relations.csv,212,Runnable,implemented_by,Thread,Runnable,implemented_by,Thread,implemented_by,kept,,implemented_by,0.8279,,,"implemented_by: score=0.828, conf=0.846, support=1, cues=实现关系,实现",创建线程的方式:继承Thread类、实现Runnable接口、实现Callable接口(配合FutureTask)
all_relations.csv,213,对象,is_a,实例,对象,is_a,实例,is_a,kept,,is_a,0.8113,,,"is_a: score=0.811, conf=0.842, support=1, cues=上下位","类(Class)和对象(Object)的关系:类是对象的模板,对象是类的实例"
all_relations.csv,214,ArrayList,implemented_by,List,ArrayList,implemented_by,List,implemented_by,kept,,implemented_by,0.8402,,,"implemented_by: score=0.840, conf=0.840, support=1, cues=实现关系,实现类,实现","List的实现类:ArrayList(数组结构,查询快增删慢)、LinkedList(链表结构,增删快查询慢)、Vector(线程安全,较少用)"
all_relations.csv,215,Callable,implemented_by,Runnable,Callable,implemented_by,Runnable,implemented_by,kept,,implemented_by,0.8241,,,"implemented_by: score=0.824, conf=0.840, support=1, cues=实现关系,实现",创建线程的方式:继承Thread类、实现Runnable接口、实现Callable接口(配合FutureTask)
all_relations.csv,216,HashMap,implemented_by,Map,HashMap,implemented_by,Map,implemented_by,kept,,implemented_by,0.8402,,,"implemented_by: score=0.840, conf=0.840, support=1, cues=实现关系,实现类,实现","Map的实现类:HashMap(无序,允许null键值)、Hashtable(线程安全,不允许null)、TreeMap(有序)、LinkedHashMap(保持插入顺序)"
all_relations.csv,217,HashSet,implemented_by,Set,HashSet,implemented_by,Set,implemented_by,kept,,implemented_by,0.8126,,,"implemented_by: score=0.813, conf=0.840, support=1, cues=实现关系,实现类,实现,!基于","Set的实现类:HashSet(无序,基于HashMap)、LinkedHashSet(有序)、TreeSet(排序,基于红黑树)"
all_relations.csv,218,接口,is_a,public,接口,is_a,public,is_a,kept,,is_a | has_part,0.8051,0.7577,0.0474,"is_a: score=0.805, conf=0.832, support=1, cues=上下位；has_part: score=0.758, conf=0.762, support=1, cues=枚举结构","接口:所有方法默认是public abstract(Java 8后可以有默认方法和静态方法),字段默认是public static final"
all_relations.csv,219,Runnable,implemented_by,继承,Runnable,implemented_by,继承,implemented_by,kept,,implemented_by,0.8179,,,"implemented_by: score=0.818, conf=0.830, support=1, cues=实现关系,实现",创建线程的方式:继承Thread类、实现Runnable接口、实现Callable接口(配合FutureTask)
all_relations.csv,220,extends,is_a,单继承,extends,is_a,单继承,is_a,kept,,is_a,0.8014,,,"is_a: score=0.801, conf=0.826, support=1, cues=上下位","继承使用extends关键字,Java是单继承,一个类只能有一个直接父类"
all_relations.csv,221,元注解,used_for,注解,元注解,used_for,注解,used_for,kept,,used_for,0.8050,,,"used_for: score=0.805, conf=0.822, support=1, cues=用途,用于",元注解(用于注解的注解):@Retention、@Target、@Documented、@Inherited
all_relations.csv,222,接口,implemented_by,抽象类,接口,implemented_by,抽象类,implemented_by,kept,,implemented_by | has_part,0.8130,0.7602,0.0528,"implemented_by: score=0.813, conf=0.822, support=1, cues=实现关系,实现；has_part: score=0.760, conf=0.766, support=1, cues=枚举结构","一个类只能继承一个抽象类,但可以实现多个接口"
all_relations.csv,223,Object,is_a,对象,Object,is_a,对象,is_a,kept,,is_a | has_part,0.7964,0.7490,0.0474,"is_a: score=0.796, conf=0.818, support=1, cues=上下位；has_part: score=0.749, conf=0.748, support=1, cues=枚举结构","类(Class)和对象(Object)的关系:类是对象的模板,对象是类的实例"
all_relations.csv,224,String,is_a,immutable,String,is_a,immutable,is_a,kept,,is_a,0.7964,,,"is_a: score=0.796, conf=0.818, support=1, cues=上下位","String类是不可变的(immutable),任何修改都会产生新对象"
all_relations.csv,225,HashSet,depends_on,HashMap,HashSet,depends_on,HashMap,depends_on,kept,,depends_on,0.8020,,,"depends_on: score=0.802, conf=0.814, support=1, cues=依赖,基于","Set的实现类:HashSet(无序,基于HashMap)、LinkedHashSet(有序)、TreeSet(排序,基于红黑树)"
all_relations.csv,226,TreeSet,depends_on,红黑树,TreeSet,depends_on,红黑树,depends_on,kept,,depends_on,0.8020,,,"depends_on: score=0.802, conf=0.814, support=1, cues=依赖,基于","Set的实现类:HashSet(无序,基于HashMap)、LinkedHashSet(有序)、TreeSet(排序,基于红黑树)"
all_relations.csv,227,多态的表现形式,has_part,父类引用,多态的表现形式,has_part,父类引用,has_part,kept,,has_part,0.7837,,,"has_part: score=0.784, conf=0.804, support=1, cues=枚举结构",多态的表现形式:父类引用指向子类对象、接口引用指向实现类对象
all_relations.csv,228,接口,has_part,List,接口,has_part,List,has_part,kept,,has_part,0.7837,,,"has_part: score=0.784, conf=0.804, support=1, cues=枚举结构",Collection接口的子接口:List(有序可重复)、Set(无序不重复)、Queue(队列)
all_relations.csv,229,接口,has_part,ReentrantLock,接口,has_part,ReentrantLock,has_part,kept,,has_part,0.7837,,,"has_part: score=0.784, conf=0.804, support=1, cues=枚举结构","Lock接口:ReentrantLock,提供更灵活的锁操作(tryLock、lockInterruptibly等)"
all_relations.csv,230,数组的创建,has_part,new,数组的创建,has_part,new,has_part,kept,,has_part,0.7837,,,"has_part: score=0.784, conf=0.804, support=1, cues=枚举结构","数组的创建:new int[10] 或 {1,2,3}"
all_relations.csv,231,核心类,has_part,Class,核心类,has_part,Class,has_part,kept,,has_part,0.7837,,,"has_part: score=0.784, conf=0.804, support=1, cues=枚举结构",核心类:Class、Method、Field、Constructor
all_relations.csv,232,注解,has_part,@Override,注解,has_part,@Override,has_part,kept,,has_part,0.7837,,,"has_part: score=0.784, conf=0.804, support=1, cues=枚举结构",内置注解:@Override、@Deprecated、@SuppressWarnings、@FunctionalInterface
all_relations.csv,233,类加载器,has_part,Bootstrap ClassLoader,类加载器,has_part,Bootstrap ClassLoader,has_part,kept,,has_part,0.7837,,,"has_part: score=0.784, conf=0.804, support=1, cues=枚举结构","类加载器:Bootstrap ClassLoader、Extension ClassLoader、Application ClassLoader,双亲委派模型"
all_relations.csv,234,类加载机制,has_part,加载,类加载机制,has_part,加载,has_part,kept,,has_part | is_a,0.7837,0.7604,0.0233,"has_part: score=0.784, conf=0.804, support=1, cues=枚举结构；is_a: score=0.760, conf=0.760, support=1, cues=上下位",类加载机制:加载、验证、准备、解析、初始化
all_relations.csv,235,类型擦除,has_part,泛型,类型擦除,has_part,泛型,has_part,kept,,has_part,0.7837,,,"has_part: score=0.784, conf=0.804, support=1, cues=枚举结构","类型擦除:泛型信息在编译后被移除,运行时没有泛型"
all_relations.csv,236,线程状态,has_part,新建,线程状态,has_part,新建,has_part,kept,,has_part,0.7837,,,"has_part: score=0.784, conf=0.804, support=1, cues=枚举结构",线程状态:新建、就绪、运行、阻塞、等待、超时等待、终止
all_relations.csv,237,Error,is_a,父类,Error,is_a,父类,is_a,kept,,is_a,0.6564,,,"is_a: score=0.656, conf=0.800, support=1, cues=!包含","Throwable是顶级父类,下面分为Error(严重错误,不可处理)和Exception(可处理)"
all_relations.csv,238,Throwable,is_a,Error,Throwable,is_a,Error,is_a,kept,,is_a,0.7852,,,"is_a: score=0.785, conf=0.800, support=1, cues=上下位","Throwable是顶级父类,下面分为Error(严重错误,不可处理)和Exception(可处理)"
all_relations.csv,239,元注解,used_for,@Retention,元注解,used_for,@Retention,used_for,kept,,used_for,0.7913,,,"used_for: score=0.791, conf=0.800, support=1, cues=用途,用于",元注解(用于注解的注解):@Retention、@Target、@Documented、@Inherited
all_relations.csv,240,局部变量,is_a,变量,局部变量,is_a,变量,is_a,kept,,is_a,0.6552,,,"is_a: score=0.655, conf=0.798, support=1, cues=!包含",变量分为局部变量、成员变量(实例变量)和静态变量(类变量)
all_relations.csv,241,注解,has_part,@Retention,注解,has_part,@Retention,has_part,kept,,has_part,0.7524,,,"has_part: score=0.752, conf=0.798, support=1, cues=枚举结构,!用于",元注解(用于注解的注解):@Retention、@Target、@Documented、@Inherited
all_relations.csv,242,Checked Exception,is_a,Exception,Checked Exception,is_a,Exception,is_a,kept,,is_a,0.6515,,,"is_a: score=0.651, conf=0.792, support=1, cues=!包含","Exception分为:Checked Exception(编译时异常,必须处理)和Unchecked Exception(运行时异常,不强制处理)"
all_relations.csv,243,byte,is_a,基本数据类型,byte,is_a,基本数据类型,is_a,kept,,is_a,0.6239,,,"is_a: score=0.624, conf=0.792, support=1, cues=!包含,!包括",基本数据类型包括:byte、short、int、long、float、double、char、boolean
all_relations.csv,244,抽象类,has_part,abstract,抽象类,has_part,abstract,has_part,kept,,has_part,0.7924,,,"has_part: score=0.792, conf=0.792, support=1, cues=枚举结构,包含","抽象类:使用abstract修饰,可以包含抽象方法和具体方法,不能实例化"
all_relations.csv,245,Java,is_a,父类,Java,is_a,父类,is_a,kept,,is_a,0.7790,,,"is_a: score=0.779, conf=0.790, support=1, cues=上下位","继承使用extends关键字,Java是单继承,一个类只能有一个直接父类"
all_relations.csv,246,接口,is_a,abstract,接口,is_a,abstract,is_a,kept,,is_a | has_part,0.7790,0.7316,0.0474,"is_a: score=0.779, conf=0.790, support=1, cues=上下位；has_part: score=0.732, conf=0.720, support=1, cues=枚举结构","接口:所有方法默认是public abstract(Java 8后可以有默认方法和静态方法),字段默认是public static final"
all_relations.csv,247,抽象方法,is_a,abstract,抽象方法,is_a,abstract,is_a,kept,,is_a,0.6490,,,"is_a: score=0.649, conf=0.788, support=1, cues=!包含","抽象类:使用abstract修饰,可以包含抽象方法和具体方法,不能实例化"
all_relations.csv,248,对象,has_part,类名.class,对象,has_part,类名.class,has_part,kept,,has_part,0.7726,,,"has_part: score=0.773, conf=0.786, support=1, cues=枚举结构","获取Class对象的方式:类名.class、对象.getClass()、Class.forName(""全限定名"")"
all_relations.csv,249,类加载机制,has_part,验证,类加载机制,has_part,验证,has_part,kept,,has_part,0.7726,,,"has_part: score=0.773, conf=0.786, support=1, cues=枚举结构",类加载机制:加载、验证、准备、解析、初始化
all_relations.csv,250,线程状态,has_part,就绪,线程状态,has_part,就绪,has_part,kept,,has_part,0.7726,,,"has_part: score=0.773, conf=0.786, support=1, cues=枚举结构",线程状态:新建、就绪、运行、阻塞、等待、超时等待、终止
all_relations.csv,251,循环结构,has_part,for,循环结构,has_part,for,has_part,kept,,has_part,0.7713,,,"has_part: score=0.771, conf=0.784, support=1, cues=枚举结构",循环结构:for、while、do-while
all_relations.csv,252,数据类型,has_part,基本数据类型,数据类型,has_part,基本数据类型,has_part,kept,,has_part,0.7713,,,"has_part: score=0.771, conf=0.784, support=1, cues=枚举结构",Java有两种数据类型:基本数据类型和引用数据类型
all_relations.csv,253,条件分支,has_part,if-else,条件分支,has_part,if-else,has_part,kept,,has_part,0.7713,,,"has_part: score=0.771, conf=0.784, support=1, cues=枚举结构",条件分支:if-else、switch-case
all_relations.csv,254,线程池,has_part,Executor,线程池,has_part,Executor,has_part,kept,,has_part,0.7713,,,"has_part: score=0.771, conf=0.784, support=1, cues=枚举结构","线程池:Executor框架,常用类ThreadPoolExecutor"
all_relations.csv,255,访问控制修饰符,has_part,private,访问控制修饰符,has_part,private,has_part,kept,,has_part,0.7713,,,"has_part: score=0.771, conf=0.784, support=1, cues=枚举结构",访问控制修饰符:private、default(无修饰符)、protected、public
all_relations.csv,256,跳转语句,has_part,break,跳转语句,has_part,break,has_part,kept,,has_part,0.7713,,,"has_part: score=0.771, conf=0.784, support=1, cues=枚举结构",跳转语句:break、continue、return
all_relations.csv,257,接口,is_a,引用数据类型,接口,is_a,引用数据类型,is_a,kept,,is_a,0.6164,,,"is_a: score=0.616, conf=0.780, support=1, cues=!包含,!包括",引用数据类型包括:类、接口、数组、枚举、注解
all_relations.csv,258,构造方法,used_for,初始化,构造方法,used_for,初始化,used_for,kept,,used_for,0.7765,,,"used_for: score=0.776, conf=0.776, support=1, cues=用途,用于","构造方法:与类同名,没有返回值,用于初始化对象"
all_relations.csv,259,implements,implemented_by,interface,implements,implemented_by,interface,implemented_by,kept,,implemented_by,0.7993,,,"implemented_by: score=0.799, conf=0.774, support=1, cues=实现关系,实现,\bimplements\b","接口使用interface关键字,一个类可以实现多个接口(implements)"
all_relations.csv,260,synchronized,has_part,实例,synchronized,has_part,实例,has_part,kept,,has_part,0.7651,,,"has_part: score=0.765, conf=0.774, support=1, cues=枚举结构","synchronized关键字:修饰实例方法、静态方法、代码块,实现互斥锁"
all_relations.csv,261,Exception,has_part,Checked Exception,Exception,has_part,Checked Exception,has_part,kept,,has_part,0.7800,,,"has_part: score=0.780, conf=0.772, support=1, cues=枚举结构,分为","Exception分为:Checked Exception(编译时异常,必须处理)和Unchecked Exception(运行时异常,不强制处理)"
all_relations.csv,262,基本数据类型,has_part,byte,基本数据类型,has_part,byte,has_part,kept,,has_part,0.7800,,,"has_part: score=0.780, conf=0.772, support=1, cues=枚举结构,包括",基本数据类型包括:byte、short、int、long、float、double、char、boolean
all_relations.csv,263,Callable,implemented_by,Thread,Callable,implemented_by,Thread,implemented_by,kept,,implemented_by,0.7795,,,"implemented_by: score=0.779, conf=0.768, support=1, cues=实现关系,实现",创建线程的方式:继承Thread类、实现Runnable接口、实现Callable接口(配合FutureTask)
all_relations.csv,264,abstract,has_part,抽象方法,abstract,has_part,抽象方法,has_part,kept,,has_part,0.7775,,,"has_part: score=0.777, conf=0.768, support=1, cues=整体部分,包含","抽象类:使用abstract修饰,可以包含抽象方法和具体方法,不能实例化"
all_relations.csv,265,多态的表现形式,has_part,子类对象,多态的表现形式,has_part,子类对象,has_part,kept,,has_part,0.7614,,,"has_part: score=0.761, conf=0.768, support=1, cues=枚举结构",多态的表现形式:父类引用指向子类对象、接口引用指向实现类对象
all_relations.csv,266,成员变量,is_a,变量,成员变量,is_a,变量,is_a,kept,,is_a,0.6366,,,"is_a: score=0.637, conf=0.768, support=1, cues=!包含",变量分为局部变量、成员变量(实例变量)和静态变量(类变量)
all_relations.csv,267,核心类,has_part,Method,核心类,has_part,Method,has_part,kept,,has_part,0.7614,,,"has_part: score=0.761, conf=0.768, support=1, cues=枚举结构",核心类:Class、Method、Field、Constructor
all_relations.csv,268,类加载机制,has_part,准备,类加载机制,has_part,准备,has_part,kept,,has_part,0.7614,,,"has_part: score=0.761, conf=0.768, support=1, cues=枚举结构",类加载机制:加载、验证、准备、解析、初始化
all_relations.csv,269,线程状态,has_part,运行,线程状态,has_part,运行,has_part,kept,,has_part,0.7614,,,"has_part: score=0.761, conf=0.768, support=1, cues=枚举结构",线程状态:新建、就绪、运行、阻塞、等待、超时等待、终止
all_relations.csv,270,接口,has_part,抽象类,接口,has_part,抽象类,implemented_by,relation_conflict_resolved,,implemented_by | has_part,0.8130,0.7602,0.0528,"implemented_by: score=0.813, conf=0.822, support=1, cues=实现关系,实现；has_part: score=0.760, conf=0.766, support=1, cues=枚举结构","抽象类和接口的区别:抽象类可以有状态(成员变量),接口不能有实例变量"
all_relations.csv,271,FutureTask,implemented_by,Runnable,FutureTask,implemented_by,Runnable,implemented_by,kept,,implemented_by,0.7758,,,"implemented_by: score=0.776, conf=0.762, support=1, cues=实现关系,实现",创建线程的方式:继承Thread类、实现Runnable接口、实现Callable接口(配合FutureTask)
all_relations.csv,272,HashMap,implemented_by,Set,HashMap,implemented_by,Set,implemented_by,kept,,implemented_by,0.7643,,,"implemented_by: score=0.764, conf=0.762, support=1, cues=实现关系,实现类,实现,!基于","Set的实现类:HashSet(无序,基于HashMap)、LinkedHashSet(有序)、TreeSet(排序,基于红黑树)"
all_relations.csv,273,short,is_a,基本数据类型,short,is_a,基本数据类型,is_a,kept,,is_a,0.6053,,,"is_a: score=0.605, conf=0.762, support=1, cues=!包含,!包括",基本数据类型包括:byte、short、int、long、float、double、char、boolean
all_relations.csv,274,接口,has_part,public,接口,has_part,public,is_a,relation_conflict_resolved,,is_a | has_part,0.8051,0.7577,0.0474,"is_a: score=0.805, conf=0.832, support=1, cues=上下位；has_part: score=0.758, conf=0.762, support=1, cues=枚举结构","接口:所有方法默认是public abstract(Java 8后可以有默认方法和静态方法),字段默认是public static final"
all_relations.csv,275,数组,is_a,引用数据类型,数组,is_a,引用数据类型,is_a,kept,,is_a,0.6053,,,"is_a: score=0.605, conf=0.762, support=1, cues=!包含,!包括",引用数据类型包括:类、接口、数组、枚举、注解
all_relations.csv,276,HashSet,depends_on,LinkedHashSet,HashSet,depends_on,LinkedHashSet,depends_on,kept,,depends_on,0.7685,,,"depends_on: score=0.769, conf=0.760, support=1, cues=依赖,基于","Set的实现类:HashSet(无序,基于HashMap)、LinkedHashSet(有序)、TreeSet(排序,基于红黑树)"
all_relations.csv,277,List,has_part,ArrayList,List,has_part,ArrayList,has_part,kept,,has_part,0.7564,,,"has_part: score=0.756, conf=0.760, support=1, cues=枚举结构","List的实现类:ArrayList(数组结构,查询快增删慢)、LinkedList(链表结构,增删快查询慢)、Vector(线程安全,较少用)"
all_relations.csv,278,Map,has_part,HashMap,Map,has_part,HashMap,has_part,kept,,has_part,0.7564,,,"has_part: score=0.756, conf=0.760, support=1, cues=枚举结构","Map的实现类:HashMap(无序,允许null键值)、Hashtable(线程安全,不允许null)、TreeMap(有序)、LinkedHashMap(保持插入顺序)"
all_relations.csv,279,Set,has_part,HashSet,Set,has_part,HashSet,has_part,kept,,has_part,0.7288,,,"has_part: score=0.729, conf=0.760, support=1, cues=枚举结构,!基于","Set的实现类:HashSet(无序,基于HashMap)、LinkedHashSet(有序)、TreeSet(排序,基于红黑树)"
all_relations.csv,280,引用数据类型,has_part,接口,引用数据类型,has_part,接口,has_part,kept,,has_part,0.7725,,,"has_part: score=0.773, conf=0.760, support=1, cues=枚举结构,包括",引用数据类型包括:类、接口、数组、枚举、注解
all_relations.csv,281,循环结构,has_part,while,循环结构,has_part,while,has_part,kept,,has_part,0.7564,,,"has_part: score=0.756, conf=0.760, support=1, cues=枚举结构",循环结构:for、while、do-while
all_relations.csv,282,数组的创建,has_part,int,数组的创建,has_part,int,has_part,kept,,has_part,0.7564,,,"has_part: score=0.756, conf=0.760, support=1, cues=枚举结构","数组的创建:new int[10] 或 {1,2,3}"
all_relations.csv,283,具体方法,is_a,abstract,具体方法,is_a,abstract,is_a,kept,,is_a,0.6304,,,"is_a: score=0.630, conf=0.758, support=1, cues=!包含","抽象类:使用abstract修饰,可以包含抽象方法和具体方法,不能实例化"
all_relations.csv,284,volatile,has_part,可见性,volatile,has_part,可见性,has_part,kept,,has_part,0.7527,,,"has_part: score=0.753, conf=0.754, support=1, cues=枚举结构","volatile关键字:保证可见性,禁止指令重排序,但不保证原子性"
all_relations.csv,285,Class,is_a,对象,Class,is_a,对象,is_a,kept,,is_a,0.7555,,,"is_a: score=0.755, conf=0.752, support=1, cues=上下位","类(Class)和对象(Object)的关系:类是对象的模板,对象是类的实例"
all_relations.csv,286,Object,is_a,实例,Object,is_a,实例,is_a,kept,,is_a | has_part,0.7555,0.7081,0.0474,"is_a: score=0.755, conf=0.752, support=1, cues=上下位；has_part: score=0.708, conf=0.682, support=1, cues=枚举结构","类(Class)和对象(Object)的关系:类是对象的模板,对象是类的实例"
all_relations.csv,287,继承,is_a,单继承,继承,is_a,单继承,is_a,kept,,is_a,0.7555,,,"is_a: score=0.755, conf=0.752, support=1, cues=上下位","继承使用extends关键字,Java是单继承,一个类只能有一个直接父类"
all_relations.csv,288,Error,is_a,Throwable,Error,is_a,Throwable,is_a,kept,,is_a,0.6254,,,"is_a: score=0.625, conf=0.750, support=1, cues=!包含","Throwable是顶级父类,下面分为Error(严重错误,不可处理)和Exception(可处理)"
all_relations.csv,289,类加载机制,has_part,解析,类加载机制,has_part,解析,has_part,kept,,has_part,0.7502,,,"has_part: score=0.750, conf=0.750, support=1, cues=枚举结构",类加载机制:加载、验证、准备、解析、初始化
all_relations.csv,290,线程状态,has_part,阻塞,线程状态,has_part,阻塞,has_part,kept,,has_part,0.7502,,,"has_part: score=0.750, conf=0.750, support=1, cues=枚举结构",线程状态:新建、就绪、运行、阻塞、等待、超时等待、终止
all_relations.csv,291,Java,is_a,public,Java,is_a,public,is_a,kept,,is_a,0.7530,,,"is_a: score=0.753, conf=0.748, support=1, cues=上下位","接口:所有方法默认是public abstract(Java 8后可以有默认方法和静态方法),字段默认是public static final"
all_relations.csv,292,Object,has_part,对象,Object,has_part,对象,is_a,relation_conflict_resolved,,is_a | has_part,0.7964,0.7490,0.0474,"is_a: score=0.796, conf=0.818, support=1, cues=上下位；has_part: score=0.749, conf=0.748, support=1, cues=枚举结构","类(Class)和对象(Object)的关系:类是对象的模板,对象是类的实例"
all_relations.csv,293,跳转语句,has_part,continue,跳转语句,has_part,continue,has_part,kept,,has_part,0.7490,,,"has_part: score=0.749, conf=0.748, support=1, cues=枚举结构",跳转语句:break、continue、return
all_relations.csv,294,注解,is_a,引用数据类型,注解,is_a,引用数据类型,is_a,kept,,is_a,0.5954,,,"is_a: score=0.595, conf=0.746, support=1, cues=!包含,!包括",引用数据类型包括:类、接口、数组、枚举、注解
all_relations.csv,295,synchronized,has_part,静态方法,synchronized,has_part,静态方法,has_part,kept,,has_part,0.7465,,,"has_part: score=0.747, conf=0.744, support=1, cues=枚举结构","synchronized关键字:修饰实例方法、静态方法、代码块,实现互斥锁"
all_relations.csv,296,枚举,is_a,引用数据类型,枚举,is_a,引用数据类型,is_a,kept,,is_a,0.5941,,,"is_a: score=0.594, conf=0.744, support=1, cues=!包含,!包括",引用数据类型包括:类、接口、数组、枚举、注解
all_relations.csv,297,注解,has_part,@Deprecated,注解,has_part,@Deprecated,has_part,kept,,has_part,0.7465,,,"has_part: score=0.747, conf=0.744, support=1, cues=枚举结构",内置注解:@Override、@Deprecated、@SuppressWarnings、@FunctionalInterface
all_relations.csv,298,LinkedHashSet,depends_on,红黑树,LinkedHashSet,depends_on,红黑树,depends_on,kept,,depends_on,0.7574,,,"depends_on: score=0.757, conf=0.742, support=1, cues=依赖,基于","Set的实现类:HashSet(无序,基于HashMap)、LinkedHashSet(有序)、TreeSet(排序,基于红黑树)"
all_relations.csv,299,Set,depends_on,HashMap,Set,depends_on,HashMap,depends_on,kept,,depends_on | has_part,0.7574,0.6805,0.0769,"depends_on: score=0.757, conf=0.742, support=1, cues=依赖,基于；has_part: score=0.680, conf=0.682, support=1, cues=枚举结构,!基于","Set的实现类:HashSet(无序,基于HashMap)、LinkedHashSet(有序)、TreeSet(排序,基于红黑树)"
all_relations.csv,300,extends,is_a,父类,extends,is_a,父类,is_a,kept,,is_a,0.7493,,,"is_a: score=0.749, conf=0.742, support=1, cues=上下位","继承使用extends关键字,Java是单继承,一个类只能有一个直接父类"
all_relations.csv,301,基本数据类型,has_part,short,基本数据类型,has_part,short,has_part,kept,,has_part,0.7614,,,"has_part: score=0.761, conf=0.742, support=1, cues=枚举结构,包括",基本数据类型包括:byte、short、int、long、float、double、char、boolean
all_relations.csv,302,引用数据类型,has_part,数组,引用数据类型,has_part,数组,has_part,kept,,has_part,0.7614,,,"has_part: score=0.761, conf=0.742, support=1, cues=枚举结构,包括",引用数据类型包括:类、接口、数组、枚举、注解
all_relations.csv,303,数据类型,has_part,引用数据类型,数据类型,has_part,引用数据类型,has_part,kept,,has_part,0.7453,,,"has_part: score=0.745, conf=0.742, support=1, cues=枚举结构",Java有两种数据类型:基本数据类型和引用数据类型
all_relations.csv,304,abstract,has_part,具体方法,abstract,has_part,具体方法,has_part,kept,,has_part,0.7589,,,"has_part: score=0.759, conf=0.738, support=1, cues=整体部分,包含","抽象类:使用abstract修饰,可以包含抽象方法和具体方法,不能实例化"
all_relations.csv,305,互斥锁,implemented_by,synchronized,互斥锁,implemented_by,synchronized,implemented_by,kept,,implemented_by,0.7609,,,"implemented_by: score=0.761, conf=0.738, support=1, cues=实现关系,实现","synchronized关键字:修饰实例方法、静态方法、代码块,实现互斥锁"
all_relations.csv,306,多态的表现形式,has_part,接口引用,多态的表现形式,has_part,接口引用,has_part,kept,,has_part,0.7428,,,"has_part: score=0.743, conf=0.738, support=1, cues=枚举结构",多态的表现形式:父类引用指向子类对象、接口引用指向实现类对象
all_relations.csv,307,实例变量,is_a,变量,实例变量,is_a,变量,is_a,kept,,is_a,0.6180,,,"is_a: score=0.618, conf=0.738, support=1, cues=!包含",变量分为局部变量、成员变量(实例变量)和静态变量(类变量)
all_relations.csv,308,构造方法,used_for,对象,构造方法,used_for,对象,used_for,kept,,used_for,0.7529,,,"used_for: score=0.753, conf=0.738, support=1, cues=用途,用于","构造方法:与类同名,没有返回值,用于初始化对象"
all_relations.csv,309,接口,is_a,Java,接口,is_a,Java,is_a,kept,,is_a | has_part,0.7456,0.6982,0.0474,"is_a: score=0.746, conf=0.736, support=1, cues=上下位；has_part: score=0.698, conf=0.666, support=1, cues=枚举结构","接口:所有方法默认是public abstract(Java 8后可以有默认方法和静态方法),字段默认是public static final"
all_relations.csv,310,条件分支,has_part,switch-case,条件分支,has_part,switch-case,has_part,kept,,has_part,0.7416,,,"has_part: score=0.742, conf=0.736, support=1, cues=枚举结构",条件分支:if-else、switch-case
all_relations.csv,311,访问控制修饰符,has_part,default,访问控制修饰符,has_part,default,has_part,kept,,has_part,0.7416,,,"has_part: score=0.742, conf=0.736, support=1, cues=枚举结构",访问控制修饰符:private、default(无修饰符)、protected、public
all_relations.csv,312,元注解,used_for,@Target,元注解,used_for,@Target,used_for,kept,,used_for,0.7504,,,"used_for: score=0.750, conf=0.734, support=1, cues=用途,用于",元注解(用于注解的注解):@Retention、@Target、@Documented、@Inherited
all_relations.csv,313,接口,has_part,Set,接口,has_part,Set,has_part,kept,,has_part,0.7391,,,"has_part: score=0.739, conf=0.732, support=1, cues=枚举结构",Collection接口的子接口:List(有序可重复)、Set(无序不重复)、Queue(队列)
all_relations.csv,314,接口,has_part,成员变量,接口,has_part,成员变量,has_part,kept,,has_part,0.7391,,,"has_part: score=0.739, conf=0.732, support=1, cues=枚举结构","抽象类和接口的区别:抽象类可以有状态(成员变量),接口不能有实例变量"
all_relations.csv,315,注解,has_part,@Target,注解,has_part,@Target,has_part,kept,,has_part,0.7115,,,"has_part: score=0.711, conf=0.732, support=1, cues=枚举结构,!用于",元注解(用于注解的注解):@Retention、@Target、@Documented、@Inherited
all_relations.csv,316,类加载机制,has_part,初始化,类加载机制,has_part,初始化,has_part,kept,,has_part,0.7391,,,"has_part: score=0.739, conf=0.732, support=1, cues=枚举结构",类加载机制:加载、验证、准备、解析、初始化
all_relations.csv,317,类型擦除,has_part,运行,类型擦除,has_part,运行,has_part,kept,,has_part,0.7391,,,"has_part: score=0.739, conf=0.732, support=1, cues=枚举结构","类型擦除:泛型信息在编译后被移除,运行时没有泛型"
all_relations.csv,318,线程状态,has_part,等待,线程状态,has_part,等待,has_part,kept,,has_part,0.7391,,,"has_part: score=0.739, conf=0.732, support=1, cues=枚举结构",线程状态:新建、就绪、运行、阻塞、等待、超时等待、终止
all_relations.csv,319,int,is_a,基本数据类型,int,is_a,基本数据类型,is_a,kept,,is_a,0.5830,,,"is_a: score=0.583, conf=0.726, support=1, cues=!包含,!包括",基本数据类型包括:byte、short、int、long、float、double、char、boolean
all_relations.csv,320,引用数据类型,has_part,注解,引用数据类型,has_part,注解,has_part,kept,,has_part,0.7515,,,"has_part: score=0.751, conf=0.726, support=1, cues=枚举结构,包括",引用数据类型包括:类、接口、数组、枚举、注解
all_relations.csv,321,标记-清除,is_a,GC,标记-清除,is_a,GC,is_a,kept,,is_a,0.5830,,,"is_a: score=0.583, conf=0.726, support=1, cues=!包含,!包括","垃圾回收(GC):主要回收堆内存,算法包括标记-清除、复制、标记-整理、分代收集"
all_relations.csv,322,核心类,has_part,Field,核心类,has_part,Field,has_part,kept,,has_part,0.7354,,,"has_part: score=0.735, conf=0.726, support=1, cues=枚举结构",核心类:Class、Method、Field、Constructor
all_relations.csv,323,引用数据类型,has_part,枚举,引用数据类型,has_part,枚举,has_part,kept,,has_part,0.7502,,,"has_part: score=0.750, conf=0.724, support=1, cues=枚举结构,包括",引用数据类型包括:类、接口、数组、枚举、注解
all_relations.csv,324,循环结构,has_part,do-while,循环结构,has_part,do-while,has_part,kept,,has_part,0.7341,,,"has_part: score=0.734, conf=0.724, support=1, cues=枚举结构",循环结构:for、while、do-while
all_relations.csv,325,抽象方法,is_a,抽象类,抽象方法,is_a,抽象类,is_a,kept,,is_a,0.6081,,,"is_a: score=0.608, conf=0.722, support=1, cues=!包含","抽象类:使用abstract修饰,可以包含抽象方法和具体方法,不能实例化"
all_relations.csv,326,List,has_part,数组,List,has_part,数组,has_part,kept,,has_part,0.7316,,,"has_part: score=0.732, conf=0.720, support=1, cues=枚举结构","List的实现类:ArrayList(数组结构,查询快增删慢)、LinkedList(链表结构,增删快查询慢)、Vector(线程安全,较少用)"
all_relations.csv,327,接口,has_part,abstract,接口,has_part,abstract,is_a,relation_conflict_resolved,,is_a | has_part,0.7790,0.7316,0.0474,"is_a: score=0.779, conf=0.790, support=1, cues=上下位；has_part: score=0.732, conf=0.720, support=1, cues=枚举结构","接口:所有方法默认是public abstract(Java 8后可以有默认方法和静态方法),字段默认是public static final"
all_relations.csv,328,Annotation,is_a,解析,Annotation,is_a,解析,is_a,kept,,is_a,0.7505,,,"is_a: score=0.750, conf=0.718, support=1, cues=上下位,是一种","注解(Annotation)是一种元数据,不直接影响代码逻辑,但可以被工具或框架解析"
all_relations.csv,329,String,is_a,对象,String,is_a,对象,is_a,kept,,is_a,0.7344,,,"is_a: score=0.734, conf=0.718, support=1, cues=上下位","String类是不可变的(immutable),任何修改都会产生新对象"
all_relations.csv,330,volatile,has_part,指令重排序,volatile,has_part,指令重排序,has_part,kept,,has_part,0.7304,,,"has_part: score=0.730, conf=0.718, support=1, cues=枚举结构","volatile关键字:保证可见性,禁止指令重排序,但不保证原子性"
all_relations.csv,331,实例,is_a,abstract,实例,is_a,abstract,is_a,kept,,is_a,0.6044,,,"is_a: score=0.604, conf=0.716, support=1, cues=!包含","抽象类:使用abstract修饰,可以包含抽象方法和具体方法,不能实例化"
all_relations.csv,332,Hashtable,implemented_by,Map,Hashtable,implemented_by,Map,implemented_by,kept,,implemented_by,0.7621,,,"implemented_by: score=0.762, conf=0.714, support=1, cues=实现关系,实现类,实现","Map的实现类:HashMap(无序,允许null键值)、Hashtable(线程安全,不允许null)、TreeMap(有序)、LinkedHashMap(保持插入顺序)"
all_relations.csv,333,对象,has_part,getClass,对象,has_part,getClass,has_part,kept,,has_part,0.7279,,,"has_part: score=0.728, conf=0.714, support=1, cues=枚举结构","获取Class对象的方式:类名.class、对象.getClass()、Class.forName(""全限定名"")"
all_relations.csv,334,线程状态,has_part,超时等待,线程状态,has_part,超时等待,has_part,kept,,has_part,0.7279,,,"has_part: score=0.728, conf=0.714, support=1, cues=枚举结构",线程状态:新建、就绪、运行、阻塞、等待、超时等待、终止
all_relations.csv,335,finally,is_a,JVM退出,finally,is_a,JVM退出,used_for,relation_conflict_resolved,,used_for | is_a,0.7392,0.7018,0.0374,"used_for: score=0.739, conf=0.690, support=1, cues=用途,用于,常用于；is_a: score=0.702, conf=0.710, support=1, cues=上下位,!用于","finally块通常用于释放资源,无论是否发生异常都会执行(除非JVM退出)"
all_relations.csv,336,LinkedHashSet,implemented_by,Set,LinkedHashSet,implemented_by,Set,implemented_by,kept,,implemented_by,0.7308,,,"implemented_by: score=0.731, conf=0.708, support=1, cues=实现关系,实现类,实现,!基于","Set的实现类:HashSet(无序,基于HashMap)、LinkedHashSet(有序)、TreeSet(排序,基于红黑树)"
all_relations.csv,337,标记-清除,is_a,垃圾回收,标记-清除,is_a,垃圾回收,is_a,kept,,is_a,0.5718,,,"is_a: score=0.572, conf=0.708, support=1, cues=!包含,!包括","垃圾回收(GC):主要回收堆内存,算法包括标记-清除、复制、标记-整理、分代收集"
all_relations.csv,338,GC,has_part,标记-清除,GC,has_part,标记-清除,has_part,kept,,has_part,0.7391,,,"has_part: score=0.739, conf=0.706, support=1, cues=枚举结构,包括","垃圾回收(GC):主要回收堆内存,算法包括标记-清除、复制、标记-整理、分代收集"
all_relations.csv,339,Java,is_a,static,Java,is_a,static,is_a,kept,,is_a,0.7270,,,"is_a: score=0.727, conf=0.706, support=1, cues=上下位","接口:所有方法默认是public abstract(Java 8后可以有默认方法和静态方法),字段默认是public static final"
all_relations.csv,340,基本数据类型,has_part,int,基本数据类型,has_part,int,has_part,kept,,has_part,0.7391,,,"has_part: score=0.739, conf=0.706, support=1, cues=枚举结构,包括",基本数据类型包括:byte、short、int、long、float、double、char、boolean
all_relations.csv,341,LinkedList,implemented_by,List,LinkedList,implemented_by,List,implemented_by,kept,,implemented_by,0.7547,,,"implemented_by: score=0.755, conf=0.702, support=1, cues=实现关系,实现类,实现","List的实现类:ArrayList(数组结构,查询快增删慢)、LinkedList(链表结构,增删快查询慢)、Vector(线程安全,较少用)"
all_relations.csv,342,long,is_a,基本数据类型,long,is_a,基本数据类型,is_a,kept,,is_a,0.5681,,,"is_a: score=0.568, conf=0.702, support=1, cues=!包含,!包括",基本数据类型包括:byte、short、int、long、float、double、char、boolean
all_relations.csv,343,多态的表现形式,has_part,实现类对象,多态的表现形式,has_part,实现类对象,has_part,kept,,has_part,0.7205,,,"has_part: score=0.720, conf=0.702, support=1, cues=枚举结构",多态的表现形式:父类引用指向子类对象、接口引用指向实现类对象
all_relations.csv,344,抽象类,has_part,抽象方法,抽象类,has_part,抽象方法,has_part,kept,,has_part,0.7366,,,"has_part: score=0.737, conf=0.702, support=1, cues=枚举结构,包含","抽象类:使用abstract修饰,可以包含抽象方法和具体方法,不能实例化"
all_relations.csv,345,静态变量,is_a,变量,静态变量,is_a,变量,is_a,kept,,is_a,0.5957,,,"is_a: score=0.596, conf=0.702, support=1, cues=!包含",变量分为局部变量、成员变量(实例变量)和静态变量(类变量)
all_relations.csv,346,线程池,has_part,ThreadPoolExecutor,线程池,has_part,ThreadPoolExecutor,has_part,kept,,has_part,0.7192,,,"has_part: score=0.719, conf=0.700, support=1, cues=枚举结构","线程池:Executor框架,常用类ThreadPoolExecutor"
all_relations.csv,347,Exception,is_a,父类,Exception,is_a,父类,is_a,kept,,is_a,0.5932,,,"is_a: score=0.593, conf=0.698, support=1, cues=!包含","Throwable是顶级父类,下面分为Error(严重错误,不可处理)和Exception(可处理)"
all_relations.csv,348,Throwable,is_a,Exception,Throwable,is_a,Exception,is_a,kept,,is_a,0.7220,,,"is_a: score=0.722, conf=0.698, support=1, cues=上下位","Throwable是顶级父类,下面分为Error(严重错误,不可处理)和Exception(可处理)"
all_relations.csv,349,abstract,is_a,public,abstract,is_a,public,is_a,kept,,is_a,0.7220,,,"is_a: score=0.722, conf=0.698, support=1, cues=上下位","接口:所有方法默认是public abstract(Java 8后可以有默认方法和静态方法),字段默认是public static final"
all_relations.csv,350,abstract,has_part,实例,abstract,has_part,实例,has_part,kept,,has_part,0.7329,,,"has_part: score=0.733, conf=0.696, support=1, cues=整体部分,包含","抽象类:使用abstract修饰,可以包含抽象方法和具体方法,不能实例化"
all_relations.csv,351,跳转语句,has_part,return,跳转语句,has_part,return,has_part,kept,,has_part,0.7155,,,"has_part: score=0.716, conf=0.694, support=1, cues=枚举结构",跳转语句:break、continue、return
all_relations.csv,352,具体方法,is_a,抽象类,具体方法,is_a,抽象类,is_a,kept,,is_a,0.5895,,,"is_a: score=0.589, conf=0.692, support=1, cues=!包含","抽象类:使用abstract修饰,可以包含抽象方法和具体方法,不能实例化"
all_relations.csv,353,类变量,is_a,变量,类变量,is_a,变量,is_a,kept,,is_a,0.5895,,,"is_a: score=0.589, conf=0.692, support=1, cues=!包含",变量分为局部变量、成员变量(实例变量)和静态变量(类变量)
all_relations.csv,354,FutureTask,implemented_by,Thread,FutureTask,implemented_by,Thread,implemented_by,kept,,implemented_by,0.7311,,,"implemented_by: score=0.731, conf=0.690, support=1, cues=实现关系,实现",创建线程的方式:继承Thread类、实现Runnable接口、实现Callable接口(配合FutureTask)
all_relations.csv,355,finally,used_for,JVM退出,finally,used_for,JVM退出,used_for,kept,,used_for | is_a,0.7392,0.7018,0.0374,"used_for: score=0.739, conf=0.690, support=1, cues=用途,用于,常用于；is_a: score=0.702, conf=0.710, support=1, cues=上下位,!用于","finally块通常用于释放资源,无论是否发生异常都会执行(除非JVM退出)"
all_relations.csv,356,复制,is_a,GC,复制,is_a,GC,is_a,kept,,is_a,0.5606,,,"is_a: score=0.561, conf=0.690, support=1, cues=!包含,!包括","垃圾回收(GC):主要回收堆内存,算法包括标记-清除、复制、标记-整理、分代收集"
all_relations.csv,357,核心类,has_part,Constructor,核心类,has_part,Constructor,has_part,kept,,has_part,0.7130,,,"has_part: score=0.713, conf=0.690, support=1, cues=枚举结构",核心类:Class、Method、Field、Constructor
all_relations.csv,358,Set,depends_on,LinkedHashSet,Set,depends_on,LinkedHashSet,depends_on,kept,,depends_on,0.7239,,,"depends_on: score=0.724, conf=0.688, support=1, cues=依赖,基于","Set的实现类:HashSet(无序,基于HashMap)、LinkedHashSet(有序)、TreeSet(排序,基于红黑树)"
all_relations.csv,359,垃圾回收,has_part,标记-清除,垃圾回收,has_part,标记-清除,has_part,kept,,has_part,0.7279,,,"has_part: score=0.728, conf=0.688, support=1, cues=整体部分,包括","垃圾回收(GC):主要回收堆内存,算法包括标记-清除、复制、标记-整理、分代收集"
all_relations.csv,360,继承,is_a,父类,继承,is_a,父类,is_a,kept,,is_a,0.7158,,,"is_a: score=0.716, conf=0.688, support=1, cues=上下位","继承使用extends关键字,Java是单继承,一个类只能有一个直接父类"
all_relations.csv,361,Class,is_a,实例,Class,is_a,实例,is_a,kept,,is_a,0.7146,,,"is_a: score=0.715, conf=0.686, support=1, cues=上下位","类(Class)和对象(Object)的关系:类是对象的模板,对象是类的实例"
all_relations.csv,362,元注解,used_for,@Documented,元注解,used_for,@Documented,used_for,kept,,used_for,0.7207,,,"used_for: score=0.721, conf=0.686, support=1, cues=用途,用于",元注解(用于注解的注解):@Retention、@Target、@Documented、@Inherited
all_relations.csv,363,注解,has_part,@Documented,注解,has_part,@Documented,has_part,kept,,has_part,0.6817,,,"has_part: score=0.682, conf=0.684, support=1, cues=枚举结构,!用于",元注解(用于注解的注解):@Retention、@Target、@Documented、@Inherited
all_relations.csv,364,线程状态,has_part,终止,线程状态,has_part,终止,has_part,kept,,has_part,0.7093,,,"has_part: score=0.709, conf=0.684, support=1, cues=枚举结构",线程状态:新建、就绪、运行、阻塞、等待、超时等待、终止
all_relations.csv,365,Object,has_part,实例,Object,has_part,实例,is_a,relation_conflict_resolved,,is_a | has_part,0.7555,0.7081,0.0474,"is_a: score=0.755, conf=0.752, support=1, cues=上下位；has_part: score=0.708, conf=0.682, support=1, cues=枚举结构","类(Class)和对象(Object)的关系:类是对象的模板,对象是类的实例"
all_relations.csv,366,Set,has_part,HashMap,Set,has_part,HashMap,depends_on,relation_conflict_resolved,,depends_on | has_part,0.7574,0.6805,0.0769,"depends_on: score=0.757, conf=0.742, support=1, cues=依赖,基于；has_part: score=0.680, conf=0.682, support=1, cues=枚举结构,!基于","Set的实现类:HashSet(无序,基于HashMap)、LinkedHashSet(有序)、TreeSet(排序,基于红黑树)"
all_relations.csv,367,基本数据类型,has_part,long,基本数据类型,has_part,long,has_part,kept,,has_part,0.7242,,,"has_part: score=0.724, conf=0.682, support=1, cues=枚举结构,包括",基本数据类型包括:byte、short、int、long、float、double、char、boolean
all_relations.csv,368,Java,is_a,final,Java,is_a,final,is_a,kept,,is_a,0.7108,,,"is_a: score=0.711, conf=0.680, support=1, cues=上下位","接口:所有方法默认是public abstract(Java 8后可以有默认方法和静态方法),字段默认是public static final"
all_relations.csv,369,接口,is_a,默认方法,接口,is_a,默认方法,is_a,kept,,is_a,0.7108,,,"is_a: score=0.711, conf=0.680, support=1, cues=上下位","接口:所有方法默认是public abstract(Java 8后可以有默认方法和静态方法),字段默认是public static final"
all_relations.csv,370,float,is_a,基本数据类型,float,is_a,基本数据类型,is_a,kept,,is_a,0.5495,,,"is_a: score=0.549, conf=0.672, support=1, cues=!包含,!包括",基本数据类型包括:byte、short、int、long、float、double、char、boolean
all_relations.csv,371,复制,is_a,垃圾回收,复制,is_a,垃圾回收,is_a,kept,,is_a,0.5495,,,"is_a: score=0.549, conf=0.672, support=1, cues=!包含,!包括","垃圾回收(GC):主要回收堆内存,算法包括标记-清除、复制、标记-整理、分代收集"
all_relations.csv,372,抽象类,has_part,具体方法,抽象类,has_part,具体方法,has_part,kept,,has_part,0.7180,,,"has_part: score=0.718, conf=0.672, support=1, cues=枚举结构,包含","抽象类:使用abstract修饰,可以包含抽象方法和具体方法,不能实例化"
all_relations.csv,373,标记-整理,is_a,GC,标记-整理,is_a,GC,is_a,kept,,is_a,0.5495,,,"is_a: score=0.549, conf=0.672, support=1, cues=!包含,!包括","垃圾回收(GC):主要回收堆内存,算法包括标记-清除、复制、标记-整理、分代收集"
all_relations.csv,374,注解,has_part,@SuppressWarnings,注解,has_part,@SuppressWarnings,has_part,kept,,has_part,0.7019,,,"has_part: score=0.702, conf=0.672, support=1, cues=枚举结构",内置注解:@Override、@Deprecated、@SuppressWarnings、@FunctionalInterface
all_relations.csv,375,类加载器,has_part,Extension ClassLoader,类加载器,has_part,Extension ClassLoader,has_part,kept,,has_part,0.7019,,,"has_part: score=0.702, conf=0.672, support=1, cues=枚举结构","类加载器:Bootstrap ClassLoader、Extension ClassLoader、Application ClassLoader,双亲委派模型"
all_relations.csv,376,GC,has_part,复制,GC,has_part,复制,has_part,kept,,has_part,0.7167,,,"has_part: score=0.717, conf=0.670, support=1, cues=枚举结构,包括","垃圾回收(GC):主要回收堆内存,算法包括标记-清除、复制、标记-整理、分代收集"
all_relations.csv,377,接口,has_part,Java,接口,has_part,Java,is_a,relation_conflict_resolved,,is_a | has_part,0.7456,0.6982,0.0474,"is_a: score=0.746, conf=0.736, support=1, cues=上下位；has_part: score=0.698, conf=0.666, support=1, cues=枚举结构","接口:所有方法默认是public abstract(Java 8后可以有默认方法和静态方法),字段默认是public static final"
all_relations.csv,378,接口,has_part,Queue,接口,has_part,Queue,has_part,kept,,has_part,0.6982,,,"has_part: score=0.698, conf=0.666, support=1, cues=枚举结构",Collection接口的子接口:List(有序可重复)、Set(无序不重复)、Queue(队列)
all_relations.csv,379,接口,has_part,实例变量,接口,has_part,实例变量,has_part,kept,,has_part,0.6982,,,"has_part: score=0.698, conf=0.666, support=1, cues=枚举结构","抽象类和接口的区别:抽象类可以有状态(成员变量),接口不能有实例变量"
all_relations.csv,380,abstract,is_a,static,abstract,is_a,static,is_a,kept,,is_a,0.6984,,,"is_a: score=0.698, conf=0.660, support=1, cues=上下位","接口:所有方法默认是public abstract(Java 8后可以有默认方法和静态方法),字段默认是public static final"
all_relations.csv,381,元注解,used_for,@Inherited,元注解,used_for,@Inherited,used_for,kept,,used_for,0.7045,,,"used_for: score=0.705, conf=0.660, support=1, cues=用途,用于",元注解(用于注解的注解):@Retention、@Target、@Documented、@Inherited
all_relations.csv,382,synchronized,has_part,互斥锁,synchronized,has_part,互斥锁,has_part,kept,,has_part,0.6932,,,"has_part: score=0.693, conf=0.658, support=1, cues=枚举结构","synchronized关键字:修饰实例方法、静态方法、代码块,实现互斥锁"
all_relations.csv,383,volatile,has_part,原子性,volatile,has_part,原子性,has_part,kept,,has_part,0.6932,,,"has_part: score=0.693, conf=0.658, support=1, cues=枚举结构","volatile关键字:保证可见性,禁止指令重排序,但不保证原子性"
all_relations.csv,384,标记-整理,is_a,垃圾回收,标记-整理,is_a,垃圾回收,is_a,kept,,is_a,0.5383,,,"is_a: score=0.538, conf=0.654, support=1, cues=!包含,!包括","垃圾回收(GC):主要回收堆内存,算法包括标记-清除、复制、标记-整理、分代收集"
all_relations.csv,385,GC,has_part,标记-整理,GC,has_part,标记-整理,has_part,kept,,has_part,0.7056,,,"has_part: score=0.706, conf=0.652, support=1, cues=枚举结构,包括","垃圾回收(GC):主要回收堆内存,算法包括标记-清除、复制、标记-整理、分代收集"
all_relations.csv,386,HashMap,depends_on,红黑树,HashMap,depends_on,红黑树,depends_on,kept,,depends_on,0.7016,,,"depends_on: score=0.702, conf=0.652, support=1, cues=依赖,基于","Set的实现类:HashSet(无序,基于HashMap)、LinkedHashSet(有序)、TreeSet(排序,基于红黑树)"
all_relations.csv,387,HashSet,depends_on,TreeSet,HashSet,depends_on,TreeSet,depends_on,kept,,depends_on,0.7016,,,"depends_on: score=0.702, conf=0.652, support=1, cues=依赖,基于","Set的实现类:HashSet(无序,基于HashMap)、LinkedHashSet(有序)、TreeSet(排序,基于红黑树)"
all_relations.csv,388,垃圾回收,has_part,复制,垃圾回收,has_part,复制,has_part,kept,,has_part,0.7056,,,"has_part: score=0.706, conf=0.652, support=1, cues=整体部分,包括","垃圾回收(GC):主要回收堆内存,算法包括标记-清除、复制、标记-整理、分代收集"
all_relations.csv,389,基本数据类型,has_part,float,基本数据类型,has_part,float,has_part,kept,,has_part,0.7056,,,"has_part: score=0.706, conf=0.652, support=1, cues=枚举结构,包括",基本数据类型包括:byte、short、int、long、float、double、char、boolean
all_relations.csv,390,访问控制修饰符,has_part,protected,访问控制修饰符,has_part,protected,has_part,kept,,has_part,0.6895,,,"has_part: score=0.689, conf=0.652, support=1, cues=枚举结构",访问控制修饰符:private、default(无修饰符)、protected、public
all_relations.csv,391,实例,is_a,抽象类,实例,is_a,抽象类,is_a,kept,,is_a,0.5634,,,"is_a: score=0.563, conf=0.650, support=1, cues=!包含","抽象类:使用abstract修饰,可以包含抽象方法和具体方法,不能实例化"
all_relations.csv,392,Exception,is_a,Throwable,Exception,is_a,Throwable,is_a,kept,,is_a,0.5622,,,"is_a: score=0.562, conf=0.648, support=1, cues=!包含","Throwable是顶级父类,下面分为Error(严重错误,不可处理)和Exception(可处理)"
all_relations.csv,393,double,is_a,基本数据类型,double,is_a,基本数据类型,is_a,kept,,is_a,0.5272,,,"is_a: score=0.527, conf=0.636, support=1, cues=!包含,!包括",基本数据类型包括:byte、short、int、long、float、double、char、boolean
all_relations.csv,394,分代收集,is_a,GC,分代收集,is_a,GC,is_a,kept,,is_a,0.5272,,,"is_a: score=0.527, conf=0.636, support=1, cues=!包含,!包括","垃圾回收(GC):主要回收堆内存,算法包括标记-清除、复制、标记-整理、分代收集"
all_relations.csv,395,垃圾回收,has_part,标记-整理,垃圾回收,has_part,标记-整理,has_part,kept,,has_part,0.6944,,,"has_part: score=0.694, conf=0.634, support=1, cues=整体部分,包括","垃圾回收(GC):主要回收堆内存,算法包括标记-清除、复制、标记-整理、分代收集"
all_relations.csv,396,抽象类,has_part,实例,抽象类,has_part,实例,has_part,kept,,has_part,0.6919,,,"has_part: score=0.692, conf=0.630, support=1, cues=整体部分,包含","抽象类:使用abstract修饰,可以包含抽象方法和具体方法,不能实例化"
all_relations.csv,397,分代收集,is_a,垃圾回收,分代收集,is_a,垃圾回收,is_a,kept,,is_a,0.5160,,,"is_a: score=0.516, conf=0.618, support=1, cues=!包含,!包括","垃圾回收(GC):主要回收堆内存,算法包括标记-清除、复制、标记-整理、分代收集"
all_relations.csv,398,GC,has_part,分代收集,GC,has_part,分代收集,has_part,kept,,has_part,0.6833,,,"has_part: score=0.683, conf=0.616, support=1, cues=整体部分,包括","垃圾回收(GC):主要回收堆内存,算法包括标记-清除、复制、标记-整理、分代收集"
all_relations.csv,399,基本数据类型,has_part,double,基本数据类型,has_part,double,has_part,kept,,has_part,0.6833,,,"has_part: score=0.683, conf=0.616, support=1, cues=整体部分,包括",基本数据类型包括:byte、short、int、long、float、double、char、boolean
all_relations.csv,400,Unchecked Exception,is_a,Exception,Unchecked Exception,is_a,Exception,is_a,kept,,is_a,0.5399,,,"is_a: score=0.540, conf=0.612, support=1, cues=!包含","Exception分为:Checked Exception(编译时异常,必须处理)和Unchecked Exception(运行时异常,不强制处理)"
all_relations.csv,401,boolean,is_a,基本数据类型,boolean,is_a,基本数据类型,is_a,kept,,is_a,0.5110,,,"is_a: score=0.511, conf=0.610, support=1, cues=!包含,!包括",基本数据类型包括:byte、short、int、long、float、double、char、boolean
all_relations.csv,402,char,is_a,基本数据类型,char,is_a,基本数据类型,is_a,kept,,is_a,0.5110,,,"is_a: score=0.511, conf=0.610, support=1, cues=!包含,!包括",基本数据类型包括:byte、short、int、long、float、double、char、boolean
all_relations.csv,403,垃圾回收,has_part,分代收集,垃圾回收,has_part,分代收集,has_part,kept,,has_part,0.6721,,,"has_part: score=0.672, conf=0.598, support=1, cues=整体部分,包括","垃圾回收(GC):主要回收堆内存,算法包括标记-清除、复制、标记-整理、分代收集"
all_relations.csv,404,基本数据类型,has_part,boolean,基本数据类型,has_part,boolean,has_part,kept,,has_part,0.6671,,,"has_part: score=0.667, conf=0.590, support=1, cues=整体部分,包括",基本数据类型包括:byte、short、int、long、float、double、char、boolean
all_relations.csv,405,基本数据类型,has_part,char,基本数据类型,has_part,char,has_part,kept,,has_part,0.6671,,,"has_part: score=0.667, conf=0.590, support=1, cues=整体部分,包括",基本数据类型包括:byte、short、int、long、float、double、char、boolean
all_relations.csv,406,标记阶段,alias_of,GC Roots,GC Roots,alias_of,标记阶段,alias_of,canonicalized,symmetric_relation_order,alias_of,0.8885,,,"alias_of: score=0.888, conf=0.952, support=1, cues=别名","标记阶段,即从GC Roots集合开始,标记活跃对象"
all_relations.csv,407,Full GC,alias_of,Major GC,Full GC,alias_of,Major GC,alias_of,kept,,alias_of,0.8885,,,"alias_of: score=0.888, conf=0.926, support=1, cues=也称,别名","老年代中的对象生命周期较长,因此Major GC(也称为Full GC,涉及老年代的垃圾回收)发生的频率相对较低,但其执行时间通常比Minor GC长"
all_relations.csv,408,Minor GC,alias_of,Young GC,Minor GC,alias_of,Young GC,alias_of,kept,,alias_of,0.8885,,,"alias_of: score=0.888, conf=0.926, support=1, cues=也称,别名","根据其作用范围和触发条件的不同,可以将GC分为三种类型:Minor GC(也称为Young GC)、Major GC(有时也称为Old GC)、以及Full GC"
all_relations.csv,409,gc,alias_of,Major GC,gc,alias_of,Major GC,alias_of,kept,,alias_of,0.8785,,,"alias_of: score=0.879, conf=0.910, support=1, cues=也称,别名","根据其作用范围和触发条件的不同,可以将GC分为三种类型:Minor GC(也称为Young GC)、Major GC(有时也称为Old GC)、以及Full GC"
all_relations.csv,410,老年代,alias_of,Major GC,Major GC,alias_of,老年代,alias_of,canonicalized,symmetric_relation_order,alias_of,0.8637,,,"alias_of: score=0.864, conf=0.886, support=1, cues=也称,别名","老年代中的对象生命周期较长,因此Major GC(也称为Full GC,涉及老年代的垃圾回收)发生的频率相对较低,但其执行时间通常比Minor GC长"
all_relations.csv,411,加载,is_a,扩展类加载器,加载,is_a,扩展类加载器,is_a,kept,,is_a,0.8274,,,"is_a: score=0.827, conf=0.868, support=1, cues=上下位",系统类加载器的父加载器是扩展类加载器
all_relations.csv,412,Minor GC,alias_of,Major GC,Major GC,alias_of,Minor GC,alias_of,canonicalized,symmetric_relation_order,alias_of,0.8513,,,"alias_of: score=0.851, conf=0.866, support=1, cues=也称,别名","根据其作用范围和触发条件的不同,可以将GC分为三种类型:Minor GC(也称为Young GC)、Major GC(有时也称为Old GC)、以及Full GC"
all_relations.csv,413,StackOverFlowError,is_a,JVM,StackOverFlowError,is_a,JVM,is_a,kept,,is_a,0.8237,,,"is_a: score=0.824, conf=0.862, support=1, cues=上下位","栈溢出(java.lang.StackOverflowError)是 JVM 中另一种常见的内存错误,和堆溢出的原理与场景截然不同"
all_relations.csv,414,gc,is_a,线程,gc,is_a,线程,is_a,kept,,is_a,0.8237,,,"is_a: score=0.824, conf=0.862, support=1, cues=上下位","Serial GC 是单线程回收,简单但效率低,适合小内存应用"
all_relations.csv,415,初始化,is_a,类加载过程,初始化,is_a,类加载过程,is_a,kept,,is_a | has_part,0.8237,0.7614,0.0623,"is_a: score=0.824, conf=0.862, support=1, cues=上下位；has_part: score=0.761, conf=0.768, support=1, cues=枚举结构","初始化:初始化是整个类加载过程的最后一个阶段,初始化阶段简单来说就是执行类的构造器方法(() ),要注意的是这里的构造器方法()并不是开发者写的,而是编译器自动生成的"
all_relations.csv,416,初始标记阶段,is_a,GC Roots,初始标记阶段,is_a,GC Roots,is_a,kept,,is_a | has_part,0.8237,0.7502,0.0734,"is_a: score=0.824, conf=0.862, support=1, cues=上下位；has_part: score=0.750, conf=0.750, support=1, cues=枚举结构","初始标记阶段:初始标记阶段是指从GC Roots出发标记全部直接子节点的过程,该阶段是STW的"
all_relations.csv,417,加载,is_a,启动类加载器,加载,is_a,启动类加载器,is_a,kept,,is_a,0.8237,,,"is_a: score=0.824, conf=0.862, support=1, cues=上下位","扩展类加载器由启动类加载器加载,并且父加载器就是启动类加载器"
all_relations.csv,418,垃圾回收,alias_of,Major GC,Major GC,alias_of,垃圾回收,alias_of,canonicalized,symmetric_relation_order,alias_of,0.8488,,,"alias_of: score=0.849, conf=0.862, support=1, cues=也称,别名","老年代中的对象生命周期较长,因此Major GC(也称为Full GC,涉及老年代的垃圾回收)发生的频率相对较低,但其执行时间通常比Minor GC长"
all_relations.csv,419,G1,implemented_by,JVM,G1,implemented_by,JVM,implemented_by,kept,,implemented_by,0.8365,,,"implemented_by: score=0.837, conf=0.860, support=1, cues=实现关系,实现","大对象区(Large Object Space / Humongous Objects):在某些JVM实现中(如G1垃圾收集器),为大对象分配了专门的区域,称为大对象区或Humongous Objects区域"
all_relations.csv,420,CMS,is_a,使用,CMS,is_a,使用,is_a,kept,,is_a,0.8200,,,"is_a: score=0.820, conf=0.856, support=1, cues=上下位","CMS收集器是使用“标记-清除”算法进行的垃圾回收,容易产生内存碎片"
all_relations.csv,421,CMS,is_a,老年代,CMS,is_a,老年代,is_a,kept,,is_a,0.8200,,,"is_a: score=0.820, conf=0.856, support=1, cues=上下位","CMS收集器是老年代的收集器,可以配合新生代的Serial和ParNew收集器一起使用"
all_relations.csv,422,Java 堆,is_a,使用,Java 堆,is_a,使用,is_a,kept,,is_a,0.8200,,,"is_a: score=0.820, conf=0.856, support=1, cues=上下位","元空间并不在Java堆中,而是使用本地内存,这解决了永久代容易出现的内存溢出问题"
all_relations.csv,423,gc,alias_of,Young GC,gc,alias_of,Young GC,alias_of,kept,,alias_of | has_part,0.8451,0.7329,0.1122,"alias_of: score=0.845, conf=0.856, support=1, cues=也称,别名；has_part: score=0.733, conf=0.696, support=1, cues=枚举结构,分为","根据其作用范围和触发条件的不同,可以将GC分为三种类型:Minor GC(也称为Young GC)、Major GC(有时也称为Old GC)、以及Full GC"
all_relations.csv,424,引用计数法,implemented_by,垃圾回收,引用计数法,implemented_by,垃圾回收,implemented_by,kept,,implemented_by,0.8328,,,"implemented_by: score=0.833, conf=0.854, support=1, cues=实现关系,实现","在Java中,判断对象是否为垃圾(即不再被使用,可以被垃圾回收器回收)主要依据两种主流的垃圾回收算法来实现:引用计数法和可达性分析算法"
all_relations.csv,425,String,is_a,Extension ClassLoader,String,is_a,Extension ClassLoader,is_a,kept,,is_a,0.8162,,,"is_a: score=0.816, conf=0.850, support=1, cues=上下位","具体来说,Java 的类加载器有一套默认的层级结构:最顶层是Bootstrap ClassLoader(启动类加载器,负责加载 JDK 核心类,如java.lang.String),往下是Extension ClassLoader(扩展类加载器,加载 JDK 扩展目录的类),再往下是AppClassLoader(应用类加载器,加载我们自己写的类和第三 ..."
all_relations.csv,426,并发标记,is_a,GC Roots,并发标记,is_a,GC Roots,is_a,kept,,is_a | has_part,0.8162,0.7428,0.0734,"is_a: score=0.816, conf=0.850, support=1, cues=上下位；has_part: score=0.743, conf=0.738, support=1, cues=枚举结构","并发标记阶段:并发标记阶段是指从GC Roots开始对堆中对象进行可达性分析,找出存活对象"
all_relations.csv,427,方法区,is_a,类信息,方法区,is_a,类信息,used_for,relation_conflict_resolved,,used_for | is_a | has_part,0.8099,0.7886,0.0213,"used_for: score=0.810, conf=0.830, support=1, cues=用途,用于；is_a: score=0.789, conf=0.850, support=1, cues=上下位,!用于；has_part: score=0.674, conf=0.672, support=1, cues=枚举结构,!用于",方法区(Method Area): 方法区是用于存储类信息、常量、静态变量等数据的区域
all_relations.csv,428,直接内存,is_a,JVM,直接内存,is_a,JVM,is_a,kept,,is_a | has_part,0.8484,0.7849,0.0635,"is_a: score=0.848, conf=0.850, support=1, cues=上下位,属于,是一种；has_part: score=0.785, conf=0.780, support=1, cues=枚举结构,一部分","直接内存:不属于 JVM 运行时数据区的一部分,通过 NIO 类引入,是一种堆外内存,可以显著提高 I/O 性能"
all_relations.csv,429,内存溢出,is_a,Java 虚拟机,内存溢出,is_a,Java 虚拟机,is_a,kept,,is_a | has_part,0.8150,0.7490,0.0660,"is_a: score=0.815, conf=0.848, support=1, cues=上下位；has_part: score=0.749, conf=0.748, support=1, cues=枚举结构","内存溢出:内存溢出是指Java虚拟机(JVM)在申请内存时,无法找到足够的内存,最终引发OutOfMemoryError"
all_relations.csv,430,Java heap space,is_a,堆内存溢,Java heap space,is_a,堆内存溢,is_a,kept,,is_a,0.8125,,,"is_a: score=0.813, conf=0.844, support=1, cues=上下位","堆内存溢出:当出现Java.lang.OutOfMemoryError:Java heap space异常时,就是堆内存溢出了"
all_relations.csv,431,Serial,is_a,线程,Serial,is_a,线程,is_a,kept,,is_a,0.8125,,,"is_a: score=0.813, conf=0.844, support=1, cues=上下位","Serial GC 是单线程回收,简单但效率低,适合小内存应用"
all_relations.csv,432,栈溢出,is_a,方法调用,栈溢出,is_a,方法调用,is_a,kept,,is_a,0.8125,,,"is_a: score=0.813, conf=0.844, support=1, cues=上下位","总的来说,栈溢出的核心原因是方法调用栈深度超过了栈内存限制,解决时应优先从代码逻辑(尤其是递归)入手,而非单纯调大栈内存"
all_relations.csv,433,gc,alias_of,JVM,gc,alias_of,JVM,alias_of,kept,,alias_of,0.8203,,,"alias_of: score=0.820, conf=0.842, support=1, cues=别名","直接调用System.gc()或Runtime.getRuntime().gc()方法时,虽然不能保证立即执行,但JVM会尝试执行Full GC"
all_relations.csv,434,双亲委派,is_a,类加载机制,双亲委派,is_a,类加载机制,is_a,kept,,is_a,0.8113,,,"is_a: score=0.811, conf=0.842, support=1, cues=上下位","Java 中的 “双亲委派” 是类加载机制的核心原则,简单说就是 「一个类加载器要加载类时,先让父加载器去尝试加载,只有父加载器加载不了,自己才会去加载」"
all_relations.csv,435,Java 堆,is_a,Java 虚拟机,Java 堆,is_a,Java 虚拟机,is_a,kept,,is_a,0.7812,,,"is_a: score=0.781, conf=0.838, support=1, cues=上下位,!用于","Java堆(Heap)是Java虚拟机(JVM)中内存管理的一个重要区域,主要用于存放对象实例和数组"
all_relations.csv,436,ParNew,is_a,新生代,ParNew,is_a,新生代,is_a,kept,,is_a,0.8088,,,"is_a: score=0.809, conf=0.838, support=1, cues=上下位",标记-复制算法应用在CMS新生代(ParNew是CMS默认的新生代垃圾回收器)和G1垃圾回收器中
all_relations.csv,437,解析,is_a,常量池,解析,is_a,常量池,is_a,kept,,is_a,0.8088,,,"is_a: score=0.809, conf=0.838, support=1, cues=上下位",解析:解析阶段是虚拟机将常量池的「符号引用」直接替换为「直接引用」的过程
all_relations.csv,438,符号引用,is_a,直接引用,符号引用,is_a,直接引用,is_a,kept,,is_a | has_part,0.8237,0.7155,0.1081,"is_a: score=0.824, conf=0.836, support=1, cues=上下位,是一种；has_part: score=0.716, conf=0.694, support=1, cues=枚举结构","符号引用:存储类和方法的符号引用,是一种直接引用不同于直接引用的引用类型"
all_relations.csv,439,G1,is_a,Java 堆,G1,is_a,Java 堆,is_a,kept,,is_a,0.7775,,,"is_a: score=0.777, conf=0.832, support=1, cues=上下位,!包括","此外,G1收集器不同于之前的收集器的一个重要特点是:G1回收的范围是整个Java堆(包括新生代,老年代),而前六种收集器回收的范围仅限于新生代或老年代"
all_relations.csv,440,G1,is_a,垃圾回收,G1,is_a,垃圾回收,is_a,kept,,is_a,0.8051,,,"is_a: score=0.805, conf=0.832, support=1, cues=上下位","而G1没有浮动垃圾,G1的筛选回收是多个垃圾回收线程并行gc的,没有浮动垃圾的回收,在执行‘并发清理’步骤时,用户线程也会同时产生一部分可回收对象,但是这部分可回收对象只能在下次执行清理是才会被回收"
all_relations.csv,441,G1,is_a,老年代,G1,is_a,老年代,is_a,kept,,is_a | has_part,0.8051,0.7291,0.0759,"is_a: score=0.805, conf=0.832, support=1, cues=上下位；has_part: score=0.729, conf=0.690, support=1, cues=整体部分,包括",G1收集器收集范围是老年代和新生代
all_relations.csv,442,NIO,is_a,堆外内存,NIO,is_a,堆外内存,is_a,kept,,is_a,0.8373,,,"is_a: score=0.837, conf=0.832, support=1, cues=上下位,属于,是一种","直接内存:不属于 JVM 运行时数据区的一部分,通过 NIO 类引入,是一种堆外内存,可以显著提高 I/O 性能"
all_relations.csv,443,新生代,is_a,CMS,新生代,is_a,CMS,is_a,kept,,is_a,0.8051,,,"is_a: score=0.805, conf=0.832, support=1, cues=上下位",标记-复制算法应用在CMS新生代(ParNew是CMS默认的新生代垃圾回收器)和G1垃圾回收器中
all_relations.csv,444,程序计数器,is_a,线程,程序计数器,is_a,线程,is_a,kept,,is_a | has_part | used_for,0.7775,0.7301,0.0474,"is_a: score=0.777, conf=0.832, support=1, cues=上下位,!用于；has_part: score=0.730, conf=0.762, support=1, cues=枚举结构,!用于；used_for: score=0.717, conf=0.680, support=1, cues=用途,用于","程序计数器:可以看作是当前线程所执行的字节码的行号指示器,用于存储当前线程正在执行的 Java 方法的 JVM 指令地址"
all_relations.csv,445,符号引用,is_a,加载,符号引用,is_a,加载,is_a,kept,,is_a,0.8051,,,"is_a: score=0.805, conf=0.832, support=1, cues=上下位","类加载检查:虚拟机遇到一条 new 指令时,首先将去检查这个指令的参数是否能在常量池中定位到一个类的符号引用,并且检查这个符号引用代表的类是否已被加载过、解析和初始化过"
all_relations.csv,446,常量池缓存,used_for,类加载,常量池缓存,used_for,类加载,used_for,kept,,used_for | has_part,0.8099,0.7412,0.0687,"used_for: score=0.810, conf=0.830, support=1, cues=用途,用于；has_part: score=0.741, conf=0.780, support=1, cues=枚举结构,!用于","常量池缓存:用于提升类加载的效率,将常用的常量缓存起来方便使用"
all_relations.csv,447,方法区,used_for,类信息,方法区,used_for,类信息,used_for,kept,,used_for | is_a | has_part,0.8099,0.7886,0.0213,"used_for: score=0.810, conf=0.830, support=1, cues=用途,用于；is_a: score=0.789, conf=0.850, support=1, cues=上下位,!用于；has_part: score=0.674, conf=0.672, support=1, cues=枚举结构,!用于",方法区(Method Area): 方法区是用于存储类信息、常量、静态变量等数据的区域
all_relations.csv,448,线程,is_a,Native 方法,线程,is_a,Native 方法,is_a,kept,,is_a,0.8038,,,"is_a: score=0.804, conf=0.830, support=1, cues=上下位","如果线程执行的是 Native 方法,计数器值为 null"
all_relations.csv,449,方法区,is_a,常量,方法区,is_a,常量,used_for,relation_conflict_resolved,,used_for | is_a,0.7951,0.7738,0.0213,"used_for: score=0.795, conf=0.806, support=1, cues=用途,用于；is_a: score=0.774, conf=0.826, support=1, cues=上下位,!用于",方法区(Method Area): 方法区是用于存储类信息、常量、静态变量等数据的区域
all_relations.csv,450,Java 堆,is_a,本地内存,Java 堆,is_a,本地内存,is_a,kept,,is_a,0.8001,,,"is_a: score=0.800, conf=0.824, support=1, cues=上下位","元空间并不在Java堆中,而是使用本地内存,这解决了永久代容易出现的内存溢出问题"
all_relations.csv,451,ParNew,is_a,垃圾回收,ParNew,is_a,垃圾回收,is_a,kept,,is_a,0.7976,,,"is_a: score=0.798, conf=0.820, support=1, cues=上下位",标记-复制算法应用在CMS新生代(ParNew是CMS默认的新生代垃圾回收器)和G1垃圾回收器中
all_relations.csv,452,新生代,is_a,Serial,新生代,is_a,Serial,is_a,kept,,is_a,0.7976,,,"is_a: score=0.798, conf=0.820, support=1, cues=上下位","ParNew收集器 (复制算法): 新生代收并行集器,实际上是Serial收集器的多线程版本,在多核CPU环境下有着比Serial更好的表现"
all_relations.csv,453,直接引用,is_a,指针,直接引用,is_a,指针,is_a,kept,,is_a,0.8137,,,"is_a: score=0.814, conf=0.820, support=1, cues=上下位,是一个","直接引用可以是直接指向目标的指针、相对偏移量或是一个能间接定位到目标的句柄,直接引用是和虚拟机实现的内存布局相关的"
all_relations.csv,454,元空间,used_for,类的元数据信息,元空间,used_for,类的元数据信息,used_for,kept,,used_for,0.8025,,,"used_for: score=0.802, conf=0.818, support=1, cues=用途,用于","元空间(Metaspace):从Java 8开始,永久代(Permanent Generation)被元空间取代,用于存储类的元数据信息,如类的结构信息(如字段、方法信息等)"
all_relations.csv,455,双亲委派模型,is_a,类加载,双亲委派模型,is_a,类加载,is_a,kept,,is_a,0.7964,,,"is_a: score=0.796, conf=0.818, support=1, cues=上下位","再来谈谈双亲委派模型,简单说就是当类加载器(Class-Loader)试图加载某个类型的时候,除非父加载器找不到相应类型,否则尽量将这个任务代理给当前加载器的父加载器去做"
all_relations.csv,456,深度递归,causes,栈溢出,深度递归,causes,栈溢出,causes,kept,,causes,0.8065,,,"causes: score=0.806, conf=0.818, support=1, cues=因果,导致",递归调用:深度递归导致栈溢出
all_relations.csv,457,类加载,is_a,扩展类加载器,类加载,is_a,扩展类加载器,is_a,kept,,is_a,0.7964,,,"is_a: score=0.796, conf=0.818, support=1, cues=上下位",系统类加载器的父加载器是扩展类加载器
all_relations.csv,458,堆溢出,is_a,大对象,堆溢出,is_a,大对象,is_a,kept,,is_a,0.7939,,,"is_a: score=0.794, conf=0.814, support=1, cues=上下位",堆溢出通常是由于创建了太多的大对象或未能及时回收不再使用的对象
all_relations.csv,459,浮动垃圾,is_a,垃圾回收,浮动垃圾,is_a,垃圾回收,is_a,kept,,is_a,0.7939,,,"is_a: score=0.794, conf=0.814, support=1, cues=上下位","而G1没有浮动垃圾,G1的筛选回收是多个垃圾回收线程并行gc的,没有浮动垃圾的回收,在执行‘并发清理’步骤时,用户线程也会同时产生一部分可回收对象,但是这部分可回收对象只能在下次执行清理是才会被回收"
all_relations.csv,460,类加载,causes,元空间,类加载,causes,元空间,causes,kept,,causes,0.8040,,,"causes: score=0.804, conf=0.814, support=1, cues=因果,导致","出现这个异常的问题的原因是系统的代码非常多或引用的第三方包非常多或者通过动态代码生成类加载等方法,导致元空间的内存占用很大"
all_relations.csv,461,类加载,is_a,加载,类加载,is_a,加载,is_a,kept,,is_a,0.7939,,,"is_a: score=0.794, conf=0.814, support=1, cues=上下位","这些类加载器之间的关系形成了双亲委派模型,其核心思想是当一个类加载器收到类加载的请求时,首先不会自己去尝试加载这个类,而是把这个请求委派给父类加载器去完成,每一层次的类加载器都是如此,因此所有的加载请求最终都应该传送到顶层的启动类加载器中"
all_relations.csv,462,ThreadLocalMap,is_a,ThreadLocal,ThreadLocalMap,is_a,ThreadLocal,is_a,kept,,is_a | implemented_by | used_for,0.7927,0.7795,0.0132,"is_a: score=0.793, conf=0.812, support=1, cues=上下位；implemented_by: score=0.779, conf=0.768, support=1, cues=实现关系,实现；used_for: score=0.732, conf=0.678, support=1, cues=用途,用来,用作；low_margin=0.013","ThreadLocal的实现中,每个Thread维护一个ThreadLocalMap映射表,key是ThreadLocal实例本身,value是真正需要存储的Object"
all_relations.csv,463,新生代,is_a,Java 堆,新生代,is_a,Java 堆,is_a,kept,,is_a,0.6363,,,"is_a: score=0.636, conf=0.812, support=1, cues=!包含,!包括","此外,G1收集器不同于之前的收集器的一个重要特点是:G1回收的范围是整个Java堆(包括新生代,老年代),而前六种收集器回收的范围仅限于新生代或老年代"
all_relations.csv,464,直接内存,is_a,本地内存,直接内存,is_a,本地内存,is_a,kept,,is_a,0.8088,,,"is_a: score=0.809, conf=0.812, support=1, cues=上下位,属于","还有一部分内存叫直接内存,属于操作系统的本地内存,也是可以直接操作的"
all_relations.csv,465,栈帧,used_for,局部变量表,栈帧,used_for,局部变量表,used_for,kept,,used_for,0.7975,,,"used_for: score=0.798, conf=0.810, support=1, cues=用途,用于","每个方法在执行时都会创建一个栈帧,用于存储局部变量表、操作数栈、动态链接、方法出口等信息"
all_relations.csv,466,G1,is_a,新生代,G1,is_a,新生代,is_a,kept,,is_a | has_part,0.7902,0.7440,0.0462,"is_a: score=0.790, conf=0.808, support=1, cues=上下位；has_part: score=0.744, conf=0.714, support=1, cues=整体部分,包括",G1收集器收集范围是老年代和新生代
all_relations.csv,467,G1,is_a,线程,G1,is_a,线程,is_a,kept,,is_a,0.7902,,,"is_a: score=0.790, conf=0.808, support=1, cues=上下位","而G1没有浮动垃圾,G1的筛选回收是多个垃圾回收线程并行gc的,没有浮动垃圾的回收,在执行‘并发清理’步骤时,用户线程也会同时产生一部分可回收对象,但是这部分可回收对象只能在下次执行清理是才会被回收"
all_relations.csv,468,Java 虚拟机,is_a,VerifyError,Java 虚拟机,is_a,VerifyError,is_a,kept,,is_a,0.7902,,,"is_a: score=0.790, conf=0.808, support=1, cues=上下位","验证(Verification),这是虚拟机安全的重要保障,JVM 需要核验字节信息是符合 Java 虚拟机规范的,否则就被认为是 VerifyError,这样就防止了恶意信息或者不合规的信息危害 JVM 的运行,验证阶段有可能触发更多 class 的加载"
all_relations.csv,469,元空间,is_a,使用,元空间,is_a,使用,is_a,kept,,is_a,0.7902,,,"is_a: score=0.790, conf=0.808, support=1, cues=上下位","元空间并不在Java堆中,而是使用本地内存,这解决了永久代容易出现的内存溢出问题"
all_relations.csv,470,内存泄漏,is_a,使用,内存泄漏,is_a,使用,is_a,kept,,is_a,0.7626,,,"is_a: score=0.763, conf=0.808, support=1, cues=上下位,!导致","内存泄露:内存泄漏是指程序在运行过程中不再使用的对象仍然被引用,而无法被垃圾收集器回收,从而导致可用内存逐渐减少"
all_relations.csv,471,内存碎片,causes,大对象,内存碎片,causes,大对象,causes,kept,,causes,0.8003,,,"causes: score=0.800, conf=0.808, support=1, cues=因果,导致","大对象通常需要连续的内存空间,如果在新生代中频繁分配和回收大对象,容易产生内存碎片,导致后续分配大对象时可能因为内存不连续而失败"
all_relations.csv,472,方法区,is_a,静态变量,方法区,is_a,静态变量,used_for,relation_conflict_resolved,,used_for | is_a,0.7839,0.7626,0.0213,"used_for: score=0.784, conf=0.788, support=1, cues=用途,用于；is_a: score=0.763, conf=0.808, support=1, cues=上下位,!用于",方法区(Method Area): 方法区是用于存储类信息、常量、静态变量等数据的区域
all_relations.csv,473,栈溢出,is_a,局部变量,栈溢出,is_a,局部变量,is_a,kept,,is_a,0.7902,,,"is_a: score=0.790, conf=0.808, support=1, cues=上下位","当栈溢出时,通常是因为递归过深或局部变量过大"
all_relations.csv,474,符号引用,is_a,解析,符号引用,is_a,解析,is_a,kept,,is_a,0.7902,,,"is_a: score=0.790, conf=0.808, support=1, cues=上下位","类加载检查:虚拟机遇到一条 new 指令时,首先将去检查这个指令的参数是否能在常量池中定位到一个类的符号引用,并且检查这个符号引用代表的类是否已被加载过、解析和初始化过"
all_relations.csv,475,类加载,is_a,Class 对象,类加载,is_a,Class 对象,is_a,kept,,is_a,0.7902,,,"is_a: score=0.790, conf=0.808, support=1, cues=上下位","一个类由哪个类加载器加载,这个信息是存储在Class对象里的"
all_relations.csv,476,解析,is_a,符号引用,解析,is_a,符号引用,is_a,kept,,is_a,0.7902,,,"is_a: score=0.790, conf=0.808, support=1, cues=上下位",解析:解析阶段是虚拟机将常量池的「符号引用」直接替换为「直接引用」的过程
all_relations.csv,477,加载,is_a,Class 对象,加载,is_a,Class 对象,is_a,kept,,is_a,0.7890,,,"is_a: score=0.789, conf=0.806, support=1, cues=上下位","一个类由哪个类加载器加载,这个信息是存储在Class对象里的"
all_relations.csv,478,方法区,used_for,常量,方法区,used_for,常量,used_for,kept,,used_for | is_a,0.7951,0.7738,0.0213,"used_for: score=0.795, conf=0.806, support=1, cues=用途,用于；is_a: score=0.774, conf=0.826, support=1, cues=上下位,!用于",方法区(Method Area): 方法区是用于存储类信息、常量、静态变量等数据的区域
all_relations.csv,479,ThreadLocal,used_for,key,ThreadLocal,used_for,key,used_for,kept,,used_for,0.8099,,,"used_for: score=0.810, conf=0.804, support=1, cues=用途,用来,用作","ThreadLocalMap使用ThreadLocal的弱引用作为key,如果一个ThreadLocal没有外部强引用来引用它,那么系统GC时,这个ThreadLocal势必会被回收,这样一来,ThreadLocalMap中就会出现key为null的Entry,就没有办法访问这些key为null的Entry的value"
all_relations.csv,480,对象头,has_part,初始化零值,对象头,has_part,初始化零值,has_part,kept,,has_part | is_a,0.7837,0.5234,0.2603,"has_part: score=0.784, conf=0.804, support=1, cues=枚举结构；is_a: score=0.523, conf=0.630, support=1, cues=!包含,!包括","进行必要设置,比如对象头:初始化零值完成之后,虚拟机要对对象进行必要的设置,例如这个对象是哪个类的实例、如何才能找到类的元数据信息、对象的哈希码、对象的 GC 分代年龄等信息"
all_relations.csv,481,静态集合,has_part,使用,静态集合,has_part,使用,has_part,kept,,has_part,0.7837,,,"has_part: score=0.784, conf=0.804, support=1, cues=枚举结构","静态集合:使用静态数据结构(如HashMap或ArrayList)存储对象,且未清理"
all_relations.csv,482,分代回收,is_a,新生代,分代回收,is_a,新生代,is_a,kept,,is_a | has_part,0.7865,0.7391,0.0474,"is_a: score=0.786, conf=0.802, support=1, cues=上下位；has_part: score=0.739, conf=0.732, support=1, cues=枚举结构",分代回收算法:分代收集是将内存划分成了新生代和老年代
all_relations.csv,483,加载阶段,is_a,自定义类加载器,加载阶段,is_a,自定义类加载器,is_a,kept,,is_a,0.7865,,,"is_a: score=0.786, conf=0.802, support=1, cues=上下位","加载阶段是用户参与的阶段,我们可以自定义类加载器,去实现自己的类加载过程"
all_relations.csv,484,并发标记,is_a,STW,并发标记,is_a,STW,is_a,kept,,is_a,0.7865,,,"is_a: score=0.786, conf=0.802, support=1, cues=上下位","并发标记耗时相对长很多,但因为不是STW,所以我们不太关心该阶段耗时的长短"
all_relations.csv,485,虚拟机栈,causes,栈溢出,虚拟机栈,causes,栈溢出,causes,kept,,causes,0.7966,,,"causes: score=0.797, conf=0.802, support=1, cues=因果,导致","如果递归没有正确的终止条件,栈帧会不断累积,最终超过虚拟机栈的最大容量,导致栈溢出"
all_relations.csv,486,内存溢出,is_a,JVM,内存溢出,is_a,JVM,is_a,kept,,is_a | has_part,0.7852,0.7192,0.0660,"is_a: score=0.785, conf=0.800, support=1, cues=上下位；has_part: score=0.719, conf=0.700, support=1, cues=枚举结构","内存溢出:内存溢出是指Java虚拟机(JVM)在申请内存时,无法找到足够的内存,最终引发OutOfMemoryError"
all_relations.csv,487,弱引用可,used_for,使用,弱引用可,used_for,使用,used_for,kept,,used_for,0.7913,,,"used_for: score=0.791, conf=0.800, support=1, cues=用途,用来","对象池:在对象池中,弱引用可以用来管理那些暂时不使用的对象"
all_relations.csv,488,虚拟机栈,is_a,GC Roots,虚拟机栈,is_a,GC Roots,is_a,kept,,is_a,0.6288,,,"is_a: score=0.629, conf=0.800, support=1, cues=!包含,!包括",GC Roots对象包括:虚拟机栈(栈帧中的本地变量表)中引用的对象、方法区中类静态属性引用的对象、本地方法栈中JNI(Java Native Interface)引用的对象、活跃线程的引用等
all_relations.csv,489,new 指令,is_a,加载,new 指令,is_a,加载,is_a,kept,,is_a,0.7828,,,"is_a: score=0.783, conf=0.796, support=1, cues=上下位","首先,我们看到这个代码中有一个new关键字,我们知道new指令是创建一个类的实例对象并完成加载初始化的,因此这个字符串对象是在运行期才能确定的,创建的字符串对象是在堆内存上"
all_relations.csv,490,value,causes,内存泄漏,value,causes,内存泄漏,causes,kept,,causes,0.7929,,,"causes: score=0.793, conf=0.796, support=1, cues=因果,造成","如果当前线程迟迟不结束的话,这些key为null的Entry的value就会一直存在一条强引用链:Thread Ref -> Thread -> ThreaLocalMap -> Entry -> value永远无法回收,造成内存泄漏"
all_relations.csv,491,指令地址,is_a,线程,指令地址,is_a,线程,is_a,kept,,is_a,0.7815,,,"is_a: score=0.782, conf=0.794, support=1, cues=上下位","每个线程都有自己的程序计数器,因为它们各自执行的代码的指令地址是不一样的呀,所以每个线程都应该有自己的程序计数器"
all_relations.csv,492,Java 堆,has_part,JVM,Java 堆,has_part,JVM,is_a,relation_conflict_resolved,,is_a | has_part,0.7514,0.7487,0.0028,"is_a: score=0.751, conf=0.790, support=1, cues=上下位,!用于；has_part: score=0.749, conf=0.792, support=1, cues=枚举结构,!用于；low_margin=0.003","Java 堆:是 JVM 中最大的一块内存区域,被所有线程共享,在虚拟机启动时创建,用于存放对象实例"
all_relations.csv,493,Java 堆,has_part,新生代,Java 堆,has_part,新生代,has_part,kept,,has_part,0.7924,,,"has_part: score=0.792, conf=0.792, support=1, cues=整体部分,包括","此外,G1收集器不同于之前的收集器的一个重要特点是:G1回收的范围是整个Java堆(包括新生代,老年代),而前六种收集器回收的范围仅限于新生代或老年代"
all_relations.csv,494,Java 虚拟机栈,has_part,线程,Java 虚拟机栈,has_part,线程,has_part,kept,,has_part,0.7763,,,"has_part: score=0.776, conf=0.792, support=1, cues=枚举结构","Java 虚拟机栈:每个线程都有自己独立的 Java 虚拟机栈,生命周期与线程相同"
all_relations.csv,495,内存泄漏,has_part,静态集合,内存泄漏,has_part,静态集合,has_part,kept,,has_part,0.7763,,,"has_part: score=0.776, conf=0.792, support=1, cues=枚举结构",如果是内存泄漏:比如静态集合无意识地缓存了大量对象、长生命周期对象持有短生命周期对象的引用(如单例类持有业务对象)等
all_relations.csv,496,内存碎片,has_part,G1,内存碎片,has_part,G1,has_part,kept,,has_part | implemented_by,0.7763,0.7345,0.0417,"has_part: score=0.776, conf=0.792, support=1, cues=枚举结构；implemented_by: score=0.735, conf=0.740, support=1, cues=实现关系,实现,!基于","对内存碎片敏感:G1通过紧凑整理来减少内存碎片,降低了碎片化对性能的影响"
all_relations.csv,497,复制算法,has_part,新生代,复制算法,has_part,新生代,has_part,kept,,has_part | is_a,0.7763,0.7493,0.0270,"has_part: score=0.776, conf=0.792, support=1, cues=枚举结构；is_a: score=0.749, conf=0.742, support=1, cues=上下位","Serial收集器(复制算法): 新生代单线程收集器,标记和清理都是单线程,优点是简单高效"
all_relations.csv,498,本地方法栈,has_part,Java 虚拟机栈,本地方法栈,has_part,Java 虚拟机栈,has_part,kept,,has_part,0.7763,,,"has_part: score=0.776, conf=0.792, support=1, cues=枚举结构","本地方法栈:与 Java 虚拟机栈类似,主要为虚拟机使用到的 Native 方法服务,在 HotSpot 虚拟机中和 Java 虚拟机栈合二为一"
all_relations.csv,499,标记-整理算法,has_part,Java 堆,标记-整理算法,has_part,Java 堆,has_part,kept,,has_part,0.7487,,,"has_part: score=0.749, conf=0.792, support=1, cues=枚举结构,!基于","G1(Garbage First)收集器 (标记-整理算法): Java堆并行收集器,G1收集器是JDK1.7提供的一个新收集器,G1收集器基于“标记-整理”算法实现,也就是说不会产生内存碎片"
all_relations.csv,500,标记-整理算法,has_part,老年代,标记-整理算法,has_part,老年代,has_part,kept,,has_part,0.7763,,,"has_part: score=0.776, conf=0.792, support=1, cues=枚举结构","Serial Old收集器 (标记-整理算法): 老年代单线程收集器,Serial收集器的老年代版本"
all_relations.csv,501,标记-清除算法,has_part,老年代,标记-清除算法,has_part,老年代,has_part,kept,,has_part,0.7763,,,"has_part: score=0.776, conf=0.792, support=1, cues=枚举结构","CMS(Concurrent Mark Sweep)收集器(标记-清除算法): 老年代并行收集器,以获取最短回收停顿时间为目标的收集器,具有高并发、低停顿的特点,追求最短GC回收停顿时间"
all_relations.csv,502,Java 堆,is_a,JVM,Java 堆,is_a,JVM,is_a,kept,,is_a | has_part,0.7514,0.7487,0.0028,"is_a: score=0.751, conf=0.790, support=1, cues=上下位,!用于；has_part: score=0.749, conf=0.792, support=1, cues=枚举结构,!用于；low_margin=0.003","Java堆(Heap)是Java虚拟机(JVM)中内存管理的一个重要区域,主要用于存放对象实例和数组"
all_relations.csv,503,加载,is_a,类加载,加载,is_a,类加载,is_a,kept,,is_a,0.7790,,,"is_a: score=0.779, conf=0.790, support=1, cues=上下位","这些类加载器之间的关系形成了双亲委派模型,其核心思想是当一个类加载器收到类加载的请求时,首先不会自己去尝试加载这个类,而是把这个请求委派给父类加载器去完成,每一层次的类加载器都是如此,因此所有的加载请求最终都应该传送到顶层的启动类加载器中"
all_relations.csv,504,弱引用,is_a,对象引用,弱引用,is_a,对象引用,is_a,kept,,is_a,0.7790,,,"is_a: score=0.779, conf=0.790, support=1, cues=上下位","弱引用的一个主要用途是创建非强制性的对象引用,这些引用可以在内存压力大时被垃圾回收器清理,从而避免内存泄露"
all_relations.csv,505,新生代,is_a,线程,新生代,is_a,线程,is_a,kept,,is_a,0.7790,,,"is_a: score=0.779, conf=0.790, support=1, cues=上下位","Serial收集器(复制算法): 新生代单线程收集器,标记和清理都是单线程,优点是简单高效"
all_relations.csv,506,浮动垃圾,is_a,线程,浮动垃圾,is_a,线程,is_a,kept,,is_a,0.7790,,,"is_a: score=0.779, conf=0.790, support=1, cues=上下位","而G1没有浮动垃圾,G1的筛选回收是多个垃圾回收线程并行gc的,没有浮动垃圾的回收,在执行‘并发清理’步骤时,用户线程也会同时产生一部分可回收对象,但是这部分可回收对象只能在下次执行清理是才会被回收"
all_relations.csv,507,符号引用,is_a,初始化,符号引用,is_a,初始化,is_a,kept,,is_a,0.7790,,,"is_a: score=0.779, conf=0.790, support=1, cues=上下位","类加载检查:虚拟机遇到一条 new 指令时,首先将去检查这个指令的参数是否能在常量池中定位到一个类的符号引用,并且检查这个符号引用代表的类是否已被加载过、解析和初始化过"
all_relations.csv,508,Minor GC,is_a,gc,Minor GC,is_a,gc,is_a,kept,,is_a,0.6490,,,"is_a: score=0.649, conf=0.788, support=1, cues=!包含","根据其作用范围和触发条件的不同,可以将GC分为三种类型:Minor GC(也称为Young GC)、Major GC(有时也称为Old GC)、以及Full GC"
all_relations.csv,509,使用,used_for,JVM,使用,used_for,JVM,used_for,kept,,used_for,0.7839,,,"used_for: score=0.784, conf=0.788, support=1, cues=用途,用来","使用弱引用来维护缓存,可以让JVM在需要更多内存时自动清理这些缓存对象"
all_relations.csv,510,使用,is_a,加载,使用,is_a,加载,is_a,kept,,is_a,0.7778,,,"is_a: score=0.778, conf=0.788, support=1, cues=上下位",使用委派模型的目的是避免重复加载 Java 类型
all_relations.csv,511,对象头,is_a,初始化,对象头,is_a,初始化,is_a,kept,,is_a,0.6214,,,"is_a: score=0.621, conf=0.788, support=1, cues=!包含,!包括","初始化零值:内存分配完成后,虚拟机需要将分配到的内存空间都初始化为零值(不包括对象头),这一步操作保证了对象的实例字段在 Java 代码中可以不赋初始值就直接使用,程序能访问到这些字段的数据类型所对应的零值"
all_relations.csv,512,方法区,used_for,静态变量,方法区,used_for,静态变量,used_for,kept,,used_for | is_a,0.7839,0.7626,0.0213,"used_for: score=0.784, conf=0.788, support=1, cues=用途,用于；is_a: score=0.763, conf=0.808, support=1, cues=上下位,!用于",方法区(Method Area): 方法区是用于存储类信息、常量、静态变量等数据的区域
all_relations.csv,513,老年代,is_a,Java 堆,老年代,is_a,Java 堆,is_a,kept,,is_a,0.6214,,,"is_a: score=0.621, conf=0.788, support=1, cues=!包含,!包括","此外,G1收集器不同于之前的收集器的一个重要特点是:G1回收的范围是整个Java堆(包括新生代,老年代),而前六种收集器回收的范围仅限于新生代或老年代"
all_relations.csv,514,Eden 区,is_a,新生代,Eden 区,is_a,新生代,is_a,kept,,is_a,0.6478,,,"is_a: score=0.648, conf=0.786, support=1, cues=!包含","从内存回收角度,堆被划分为新生代和老年代,新生代又分为 Eden 区和两个 Survivor 区(From Survivor 和 To Survivor)"
all_relations.csv,515,CMS,is_a,新生代,CMS,is_a,新生代,is_a,kept,,is_a,0.7753,,,"is_a: score=0.775, conf=0.784, support=1, cues=上下位","CMS收集器是老年代的收集器,可以配合新生代的Serial和ParNew收集器一起使用"
all_relations.csv,516,G1,is_a,gc,G1,is_a,gc,is_a,kept,,is_a,0.7753,,,"is_a: score=0.775, conf=0.784, support=1, cues=上下位","而G1没有浮动垃圾,G1的筛选回收是多个垃圾回收线程并行gc的,没有浮动垃圾的回收,在执行‘并发清理’步骤时,用户线程也会同时产生一部分可回收对象,但是这部分可回收对象只能在下次执行清理是才会被回收"
all_relations.csv,517,OutOfMemoryError,has_part,Java heap space,OutOfMemoryError,has_part,Java heap space,has_part,kept,,has_part,0.7713,,,"has_part: score=0.771, conf=0.784, support=1, cues=枚举结构","堆内存溢出:当出现Java.lang.OutOfMemoryError:Java heap space异常时,就是堆内存溢出了"
all_relations.csv,518,new 指令,is_a,初始化,new 指令,is_a,初始化,is_a,kept,,is_a,0.7753,,,"is_a: score=0.775, conf=0.784, support=1, cues=上下位","首先,我们看到这个代码中有一个new关键字,我们知道new指令是创建一个类的实例对象并完成加载初始化的,因此这个字符串对象是在运行期才能确定的,创建的字符串对象是在堆内存上"
all_relations.csv,519,复制算法,is_a,Serial,复制算法,is_a,Serial,is_a,kept,,is_a | has_part,0.7753,0.7279,0.0474,"is_a: score=0.775, conf=0.784, support=1, cues=上下位；has_part: score=0.728, conf=0.714, support=1, cues=枚举结构","ParNew收集器 (复制算法): 新生代收并行集器,实际上是Serial收集器的多线程版本,在多核CPU环境下有着比Serial更好的表现"
all_relations.csv,520,标记-整理算法,has_part,复制算法,标记-整理算法,has_part,复制算法,has_part,kept,,has_part,0.7713,,,"has_part: score=0.771, conf=0.784, support=1, cues=枚举结构","标记-整理算法:复制算法在 GC 之后存活对象较少的情况下效率比较高,但如果存活对象比较多时,会执行较多的复制操作,效率就会下降"
all_relations.csv,521,类加载,is_a,Bootstrap ClassLoader,类加载,is_a,Bootstrap ClassLoader,is_a,kept,,is_a | has_part,0.7753,0.7279,0.0474,"is_a: score=0.775, conf=0.784, support=1, cues=上下位；has_part: score=0.728, conf=0.714, support=1, cues=枚举结构","具体来说,Java 的类加载器有一套默认的层级结构:最顶层是Bootstrap ClassLoader(启动类加载器,负责加载 JDK 核心类,如java.lang.String),往下是Extension ClassLoader(扩展类加载器,加载 JDK 扩展目录的类),再往下是AppClassLoader(应用类加载器,加载我们自己写的类和第三 ..."
all_relations.csv,522,连接,has_part,验证,连接,has_part,验证,has_part,kept,,has_part,0.7713,,,"has_part: score=0.771, conf=0.784, support=1, cues=枚举结构",连接:验证、准备、解析 3 个阶段统称为连接
all_relations.csv,523,JVM,is_a,Java 虚拟机,JVM,is_a,Java 虚拟机,is_a,kept,,is_a,0.7741,,,"is_a: score=0.774, conf=0.782, support=1, cues=上下位","验证(Verification),这是虚拟机安全的重要保障,JVM 需要核验字节信息是符合 Java 虚拟机规范的,否则就被认为是 VerifyError,这样就防止了恶意信息或者不合规的信息危害 JVM 的运行,验证阶段有可能触发更多 class 的加载"
all_relations.csv,524,幻影引用,is_a,PhantomReference,幻影引用,is_a,PhantomReference,is_a,kept,,is_a,0.7741,,,"is_a: score=0.774, conf=0.782, support=1, cues=上下位","虚引用也被称作幻影引用,是最弱的引用关系,可以用PhantomReference来描述,他必须和ReferenceQueue一起使用,同样的当发生GC的时候,虚引用也会被回收"
all_relations.csv,525,GC Roots,has_part,虚拟机栈,GC Roots,has_part,虚拟机栈,has_part,kept,,has_part,0.7849,,,"has_part: score=0.785, conf=0.780, support=1, cues=枚举结构,包括",GC Roots对象包括:虚拟机栈(栈帧中的本地变量表)中引用的对象、方法区中类静态属性引用的对象、本地方法栈中JNI(Java Native Interface)引用的对象、活跃线程的引用等
all_relations.csv,526,Humongous Objects,has_part,JVM,Humongous Objects,has_part,JVM,has_part,kept,,has_part,0.7688,,,"has_part: score=0.769, conf=0.780, support=1, cues=枚举结构","大对象区(Large Object Space / Humongous Objects):在某些JVM实现中(如G1垃圾收集器),为大对象分配了专门的区域,称为大对象区或Humongous Objects区域"
all_relations.csv,527,常量池缓存,has_part,类加载,常量池缓存,has_part,类加载,used_for,relation_conflict_resolved,,used_for | has_part,0.8099,0.7412,0.0687,"used_for: score=0.810, conf=0.830, support=1, cues=用途,用于；has_part: score=0.741, conf=0.780, support=1, cues=枚举结构,!用于","常量池缓存:用于提升类加载的效率,将常用的常量缓存起来方便使用"
all_relations.csv,528,直接内存,has_part,JVM,直接内存,has_part,JVM,is_a,relation_conflict_resolved,,is_a | has_part,0.8484,0.7849,0.0635,"is_a: score=0.848, conf=0.850, support=1, cues=上下位,属于,是一种；has_part: score=0.785, conf=0.780, support=1, cues=枚举结构,一部分","直接内存:不属于 JVM 运行时数据区的一部分,通过 NIO 类引入,是一种堆外内存,可以显著提高 I/O 性能"
all_relations.csv,529,CMS,is_a,垃圾回收,CMS,is_a,垃圾回收,is_a,kept,,is_a,0.7440,,,"is_a: score=0.744, conf=0.778, support=1, cues=上下位,!用于","CMS产生浮动垃圾过多时会退化为serial old,效率低,因为在上图的第四阶段,CMS清除垃圾时是并发清除的,这个时候,垃圾回收线程和用户线程同时工作会产生浮动垃圾,也就意味着CMS垃圾回收器必须预留一部分内存空间用于存放浮动垃圾"
all_relations.csv,530,G1,is_a,转移阶段,G1,is_a,转移阶段,is_a,kept,,is_a,0.7716,,,"is_a: score=0.772, conf=0.778, support=1, cues=上下位","因此,G1停顿时间的瓶颈主要是标记-复制中的转移阶段STW"
all_relations.csv,531,分代回收,is_a,老年代,分代回收,is_a,老年代,is_a,kept,,is_a | has_part,0.7716,0.7242,0.0474,"is_a: score=0.772, conf=0.778, support=1, cues=上下位；has_part: score=0.724, conf=0.708, support=1, cues=枚举结构",分代回收算法:分代收集是将内存划分成了新生代和老年代
all_relations.csv,532,垃圾回收,is_a,使用,垃圾回收,is_a,使用,is_a,kept,,is_a,0.7716,,,"is_a: score=0.772, conf=0.778, support=1, cues=上下位","垃圾回收机制的主要目标是自动检测和回收不再使用的对象,从而释放它们所占用的内存空间"
all_relations.csv,533,复制算法,is_a,CMS,复制算法,is_a,CMS,is_a,kept,,is_a,0.7716,,,"is_a: score=0.772, conf=0.778, support=1, cues=上下位",标记-复制算法应用在CMS新生代(ParNew是CMS默认的新生代垃圾回收器)和G1垃圾回收器中
all_relations.csv,534,新生代,is_a,垃圾回收,新生代,is_a,垃圾回收,is_a,kept,,is_a,0.7716,,,"is_a: score=0.772, conf=0.778, support=1, cues=上下位",标记-复制算法应用在CMS新生代(ParNew是CMS默认的新生代垃圾回收器)和G1垃圾回收器中
all_relations.csv,535,运行时常量池,has_part,方法区,运行时常量池,has_part,方法区,has_part,kept,,has_part,0.7561,,,"has_part: score=0.756, conf=0.778, support=1, cues=枚举结构,一部分,!用于","运行时常量池:是方法区的一部分,用于存放编译期生成的各种字面量和符号引用,具有动态性,运行时也可将新的常量放入池中"
all_relations.csv,536,元空间,is_a,本地内存,元空间,is_a,本地内存,is_a,kept,,is_a,0.7704,,,"is_a: score=0.770, conf=0.776, support=1, cues=上下位","元空间并不在Java堆中,而是使用本地内存,这解决了永久代容易出现的内存溢出问题"
all_relations.csv,537,虚拟机栈,is_a,JVM,虚拟机栈,is_a,JVM,is_a,kept,,is_a,0.6416,,,"is_a: score=0.642, conf=0.776, support=1, cues=!包含","根据 JDK 8 规范,JVM 运行时内存共分为虚拟机栈、堆、元空间、程序计数器、本地方法栈五个部分"
all_relations.csv,538,卸载,has_part,JVM,卸载,has_part,JVM,has_part,kept,,has_part,0.7651,,,"has_part: score=0.765, conf=0.774, support=1, cues=枚举结构","卸载:一个类要被JVM卸载,条件非常苛刻,需要同时满足以下三点:"
all_relations.csv,539,垃圾回收,has_part,引用计数法,垃圾回收,has_part,引用计数法,has_part,kept,,has_part,0.7651,,,"has_part: score=0.765, conf=0.774, support=1, cues=枚举结构","在Java中,判断对象是否为垃圾(即不再被使用,可以被垃圾回收器回收)主要依据两种主流的垃圾回收算法来实现:引用计数法和可达性分析算法"
all_relations.csv,540,栈帧,used_for,操作数栈,栈帧,used_for,操作数栈,used_for,kept,,used_for,0.7752,,,"used_for: score=0.775, conf=0.774, support=1, cues=用途,用于","每个方法在执行时都会创建一个栈帧,用于存储局部变量表、操作数栈、动态链接、方法出口等信息"
all_relations.csv,541,弱引用,is_a,垃圾回收,弱引用,is_a,垃圾回收,is_a,kept,,is_a,0.7840,,,"is_a: score=0.784, conf=0.772, support=1, cues=上下位,是一种","Java中的弱引用是一种引用类型,它不会阻止一个对象被垃圾回收"
all_relations.csv,542,垃圾回收,is_a,System.gc,垃圾回收,is_a,System.gc,is_a,kept,,is_a,0.7666,,,"is_a: score=0.767, conf=0.770, support=1, cues=上下位","手动请求:虽然垃圾回收是自动的,开发者可以通过调用 System.gc() 或 Runtime.getRuntime().gc() 建议 JVM 进行垃圾回收"
all_relations.csv,543,栈帧,is_a,GC Roots,栈帧,is_a,GC Roots,is_a,kept,,is_a,0.6102,,,"is_a: score=0.610, conf=0.770, support=1, cues=!包含,!包括",GC Roots对象包括:虚拟机栈(栈帧中的本地变量表)中引用的对象、方法区中类静态属性引用的对象、本地方法栈中JNI(Java Native Interface)引用的对象、活跃线程的引用等
all_relations.csv,544,类加载机制,is_a,类加载,类加载机制,is_a,类加载,is_a,kept,,is_a,0.7666,,,"is_a: score=0.767, conf=0.770, support=1, cues=上下位","Java 中的 “双亲委派” 是类加载机制的核心原则,简单说就是 「一个类加载器要加载类时,先让父加载器去尝试加载,只有父加载器加载不了,自己才会去加载」"
all_relations.csv,545,线程共享,used_for,对象实例,线程共享,used_for,对象实例,used_for,kept,,used_for,0.7727,,,"used_for: score=0.773, conf=0.770, support=1, cues=用途,用于","Java 堆:是 JVM 中最大的一块内存区域,被所有线程共享,在虚拟机启动时创建,用于存放对象实例"
all_relations.csv,546,Java 堆,has_part,老年代,Java 堆,has_part,老年代,has_part,kept,,has_part,0.7775,,,"has_part: score=0.777, conf=0.768, support=1, cues=整体部分,包括","此外,G1收集器不同于之前的收集器的一个重要特点是:G1回收的范围是整个Java堆(包括新生代,老年代),而前六种收集器回收的范围仅限于新生代或老年代"
all_relations.csv,547,ThreadLocalMap,implemented_by,ThreadLocal,ThreadLocalMap,implemented_by,ThreadLocal,is_a,relation_conflict_resolved,,is_a | implemented_by | used_for,0.7927,0.7795,0.0132,"is_a: score=0.793, conf=0.812, support=1, cues=上下位；implemented_by: score=0.779, conf=0.768, support=1, cues=实现关系,实现；used_for: score=0.732, conf=0.678, support=1, cues=用途,用来,用作；low_margin=0.013","ThreadLocal的实现中,每个Thread维护一个ThreadLocalMap映射表,key是ThreadLocal实例本身,value是真正需要存储的Object"
all_relations.csv,548,gc,has_part,Minor GC,gc,has_part,Minor GC,has_part,kept,,has_part,0.7775,,,"has_part: score=0.777, conf=0.768, support=1, cues=枚举结构,分为","根据其作用范围和触发条件的不同,可以将GC分为三种类型:Minor GC(也称为Young GC)、Major GC(有时也称为Old GC)、以及Full GC"
all_relations.csv,549,初始化,has_part,对象头,初始化,has_part,对象头,has_part,kept,,has_part,0.7775,,,"has_part: score=0.777, conf=0.768, support=1, cues=整体部分,包括","初始化零值:内存分配完成后,虚拟机需要将分配到的内存空间都初始化为零值(不包括对象头),这一步操作保证了对象的实例字段在 Java 代码中可以不赋初始值就直接使用,程序能访问到这些字段的数据类型所对应的零值"
all_relations.csv,550,初始化,has_part,类加载过程,初始化,has_part,类加载过程,is_a,relation_conflict_resolved,,is_a | has_part,0.8237,0.7614,0.0623,"is_a: score=0.824, conf=0.862, support=1, cues=上下位；has_part: score=0.761, conf=0.768, support=1, cues=枚举结构","初始化:初始化是整个类加载过程的最后一个阶段,初始化阶段简单来说就是执行类的构造器方法(() ),要注意的是这里的构造器方法()并不是开发者写的,而是编译器自动生成的"
all_relations.csv,551,复制算法,has_part,线程,复制算法,has_part,线程,has_part,kept,,has_part | is_a,0.7614,0.7567,0.0047,"has_part: score=0.761, conf=0.768, support=1, cues=枚举结构；is_a: score=0.757, conf=0.754, support=1, cues=上下位；low_margin=0.005","Serial收集器(复制算法): 新生代单线程收集器,标记和清理都是单线程,优点是简单高效"
all_relations.csv,552,对象池,has_part,弱引用可,对象池,has_part,弱引用可,has_part,kept,,has_part,0.7338,,,"has_part: score=0.734, conf=0.768, support=1, cues=枚举结构,!用来","对象池:在对象池中,弱引用可以用来管理那些暂时不使用的对象"
all_relations.csv,553,标记-整理算法,has_part,gc,标记-整理算法,has_part,gc,has_part,kept,,has_part,0.7614,,,"has_part: score=0.761, conf=0.768, support=1, cues=枚举结构","标记-整理算法:复制算法在 GC 之后存活对象较少的情况下效率比较高,但如果存活对象比较多时,会执行较多的复制操作,效率就会下降"
all_relations.csv,554,标记-整理算法,has_part,线程,标记-整理算法,has_part,线程,has_part,kept,,has_part,0.7614,,,"has_part: score=0.761, conf=0.768, support=1, cues=枚举结构","Serial Old收集器 (标记-整理算法): 老年代单线程收集器,Serial收集器的老年代版本"
all_relations.csv,555,List,causes,堆溢出,List,causes,堆溢出,causes,kept,,causes,0.7743,,,"causes: score=0.774, conf=0.766, support=1, cues=因果,导致","举个例子:曾遇到过一个批量处理任务,代码中把所有处理结果都存到了一个静态 List 里,导致对象越积越多,最终堆溢出"
all_relations.csv,556,gc,is_a,可达性分析,gc,is_a,可达性分析,is_a,kept,,is_a,0.7642,,,"is_a: score=0.764, conf=0.766, support=1, cues=上下位","总的来说,GC 机制的核心是 「自动管理内存」,通过可达性分析判断垃圾,结合分代思想和不同算法,再由具体的回收器实现,最终目的是在保证程序正常运行的前提下,高效释放内存,减少对用户线程的影响"
all_relations.csv,557,new 指令,is_a,常量池,new 指令,is_a,常量池,is_a,kept,,is_a,0.7642,,,"is_a: score=0.764, conf=0.766, support=1, cues=上下位","类加载检查:虚拟机遇到一条 new 指令时,首先将去检查这个指令的参数是否能在常量池中定位到一个类的符号引用,并且检查这个符号引用代表的类是否已被加载过、解析和初始化过"
all_relations.csv,558,value,is_a,线程,value,is_a,线程,is_a,kept,,is_a,0.7642,,,"is_a: score=0.764, conf=0.766, support=1, cues=上下位","第二,不要使用ThreadLocal.set(null) 的方式清除value,它实际上并没有清除值,而是查找与当前线程关联的Map并将键值对分别设置为当前线程和null"
all_relations.csv,559,可达性分析,has_part,GC Roots,可达性分析,has_part,GC Roots,has_part,kept,,has_part,0.7602,,,"has_part: score=0.760, conf=0.766, support=1, cues=枚举结构","最经典的是 「可达性分析」:以 GC Roots(比如虚拟机栈里的局部变量、静态变量、常量等)为起点,遍历对象的引用链,如果某个对象从 GC Roots 出发不可达,就会被标记为可回收对象"
all_relations.csv,560,垃圾回收,is_a,常量,垃圾回收,is_a,常量,is_a,kept,,is_a,0.7642,,,"is_a: score=0.764, conf=0.766, support=1, cues=上下位","虽然方法区中的垃圾回收与堆有所不同,但是同样存在对不再需要的常量、无用的类信息等进行清理的过程"
all_relations.csv,561,大对象,causes,新生代,大对象,causes,新生代,causes,kept,,causes,0.7904,,,"causes: score=0.790, conf=0.766, support=1, cues=因果,导致,触发","如果将大对象分配到新生代,可能会很快导致新生代空间不足,从而频繁触发 Minor GC"
all_relations.csv,562,浮动垃圾,is_a,gc,浮动垃圾,is_a,gc,is_a,kept,,is_a,0.7642,,,"is_a: score=0.764, conf=0.766, support=1, cues=上下位","而G1没有浮动垃圾,G1的筛选回收是多个垃圾回收线程并行gc的,没有浮动垃圾的回收,在执行‘并发清理’步骤时,用户线程也会同时产生一部分可回收对象,但是这部分可回收对象只能在下次执行清理是才会被回收"
all_relations.csv,563,连接,has_part,准备,连接,has_part,准备,has_part,kept,,has_part,0.7602,,,"has_part: score=0.760, conf=0.766, support=1, cues=枚举结构",连接:验证、准备、解析 3 个阶段统称为连接
all_relations.csv,564,JVM内存模型,used_for,线程,JVM内存模型,used_for,线程,used_for,kept,,used_for,0.7690,,,"used_for: score=0.769, conf=0.764, support=1, cues=用途,用于","在JVM内存模型中,栈(Stack)主要用于管理线程的局部变量和方法调用的上下文,而堆(Heap)则是用于存储所有类的实例和数组"
all_relations.csv,565,ThreadLocal,used_for,gc,ThreadLocal,used_for,gc,used_for,kept,,used_for,0.7851,,,"used_for: score=0.785, conf=0.764, support=1, cues=用途,用来,用作","ThreadLocalMap使用ThreadLocal的弱引用作为key,如果一个ThreadLocal没有外部强引用来引用它,那么系统GC时,这个ThreadLocal势必会被回收,这样一来,ThreadLocalMap中就会出现key为null的Entry,就没有办法访问这些key为null的Entry的value"
all_relations.csv,566,垃圾回收,used_for,浮动垃圾,垃圾回收,used_for,浮动垃圾,used_for,kept,,used_for,0.7690,,,"used_for: score=0.769, conf=0.764, support=1, cues=用途,用于","CMS产生浮动垃圾过多时会退化为serial old,效率低,因为在上图的第四阶段,CMS清除垃圾时是并发清除的,这个时候,垃圾回收线程和用户线程同时工作会产生浮动垃圾,也就意味着CMS垃圾回收器必须预留一部分内存空间用于存放浮动垃圾"
all_relations.csv,567,对象池,used_for,使用,对象池,used_for,使用,used_for,kept,,used_for | has_part,0.7690,0.6817,0.0873,"used_for: score=0.769, conf=0.764, support=1, cues=用途,用来；has_part: score=0.682, conf=0.684, support=1, cues=枚举结构,!用来","对象池:在对象池中,弱引用可以用来管理那些暂时不使用的对象"
all_relations.csv,568,标记阶段,is_a,G1,标记阶段,is_a,G1,is_a,kept,,is_a,0.6341,,,"is_a: score=0.634, conf=0.764, support=1, cues=!包含",G1的混合回收过程可以分为标记阶段、清理阶段和复制阶段
all_relations.csv,569,Eden 区,is_a,老年代,Eden 区,is_a,老年代,is_a,kept,,is_a,0.6329,,,"is_a: score=0.633, conf=0.762, support=1, cues=!包含","从内存回收角度,堆被划分为新生代和老年代,新生代又分为 Eden 区和两个 Survivor 区(From Survivor 和 To Survivor)"
all_relations.csv,570,程序计数器,has_part,线程,程序计数器,has_part,线程,is_a,relation_conflict_resolved,,is_a | has_part | used_for,0.7775,0.7301,0.0474,"is_a: score=0.777, conf=0.832, support=1, cues=上下位,!用于；has_part: score=0.730, conf=0.762, support=1, cues=枚举结构,!用于；used_for: score=0.717, conf=0.680, support=1, cues=用途,用于","程序计数器:可以看作是当前线程所执行的字节码的行号指示器,用于存储当前线程正在执行的 Java 方法的 JVM 指令地址"
all_relations.csv,571,Full GC,is_a,线程,Full GC,is_a,线程,is_a,kept,,is_a,0.7604,,,"is_a: score=0.760, conf=0.760, support=1, cues=上下位","特点:Full GC是最昂贵的操作,因为它需要停止所有的工作线程(Stop The World),遍历整个堆内存来查找和回收不再使用的对象,因此应尽量减少Full GC的触发"
all_relations.csv,572,StackOverFlowError,is_a,堆溢出,StackOverFlowError,is_a,堆溢出,is_a,kept,,is_a,0.7604,,,"is_a: score=0.760, conf=0.760, support=1, cues=上下位","栈溢出(java.lang.StackOverflowError)是 JVM 中另一种常见的内存错误,和堆溢出的原理与场景截然不同"
all_relations.csv,573,加载,has_part,全限定名,加载,has_part,全限定名,has_part,kept,,has_part,0.7564,,,"has_part: score=0.756, conf=0.760, support=1, cues=枚举结构","加载:通过类的全限定名(包名 + 类名),获取到该类的.class文件的二进制字节流,将二进制字节流所代表的静态存储结构,转化为方法区运行时的数据结构,在内存中生成一个代表该类的Java.lang.Class对象,作为方法区这个类的各种数据的访问入口"
all_relations.csv,574,指令地址,is_a,程序计数器,指令地址,is_a,程序计数器,is_a,kept,,is_a,0.7604,,,"is_a: score=0.760, conf=0.760, support=1, cues=上下位","每个线程都有自己的程序计数器,因为它们各自执行的代码的指令地址是不一样的呀,所以每个线程都应该有自己的程序计数器"
all_relations.csv,575,类加载机制,is_a,加载,类加载机制,is_a,加载,has_part,relation_conflict_resolved,,has_part | is_a,0.7837,0.7604,0.0233,"has_part: score=0.784, conf=0.804, support=1, cues=枚举结构；is_a: score=0.760, conf=0.760, support=1, cues=上下位","Java 中的 “双亲委派” 是类加载机制的核心原则,简单说就是 「一个类加载器要加载类时,先让父加载器去尝试加载,只有父加载器加载不了,自己才会去加载」"
all_relations.csv,576,ParNew,is_a,G1,ParNew,is_a,G1,is_a,kept,,is_a,0.7592,,,"is_a: score=0.759, conf=0.758, support=1, cues=上下位",标记-复制算法应用在CMS新生代(ParNew是CMS默认的新生代垃圾回收器)和G1垃圾回收器中
all_relations.csv,577,key,is_a,value,key,is_a,value,is_a,kept,,is_a,0.7592,,,"is_a: score=0.759, conf=0.758, support=1, cues=上下位","ThreadLocal的实现中,每个Thread维护一个ThreadLocalMap映射表,key是ThreadLocal实例本身,value是真正需要存储的Object"
all_relations.csv,578,使用,used_for,key,使用,used_for,key,used_for,kept,,used_for,0.7814,,,"used_for: score=0.781, conf=0.758, support=1, cues=用途,用来,用作","ThreadLocalMap使用ThreadLocal的弱引用作为key,如果一个ThreadLocal没有外部强引用来引用它,那么系统GC时,这个ThreadLocal势必会被回收,这样一来,ThreadLocalMap中就会出现key为null的Entry,就没有办法访问这些key为null的Entry的value"
all_relations.csv,579,弱引用,is_a,WeakReference,弱引用,is_a,WeakReference,is_a,kept,,is_a,0.7592,,,"is_a: score=0.759, conf=0.758, support=1, cues=上下位","在Java中,弱引用是通过Java.lang.ref.WeakReference类实现的"
all_relations.csv,580,方法区,used_for,字面量,方法区,used_for,字面量,used_for,kept,,used_for,0.7653,,,"used_for: score=0.765, conf=0.758, support=1, cues=用途,用于","运行时常量池:是方法区的一部分,用于存放编译期生成的各种字面量和符号引用,具有动态性,运行时也可将新的常量放入池中"
all_relations.csv,581,符号引用,is_a,常量,符号引用,is_a,常量,is_a,kept,,is_a,0.6016,,,"is_a: score=0.602, conf=0.756, support=1, cues=!包含,!包括","常量池:存储类和接口中的常量,包括字面值常量、符号引用,以及运行时常量池"
all_relations.csv,582,类加载检查,has_part,new 指令,类加载检查,has_part,new 指令,has_part,kept,,has_part,0.7540,,,"has_part: score=0.754, conf=0.756, support=1, cues=枚举结构","类加载检查:虚拟机遇到一条 new 指令时,首先将去检查这个指令的参数是否能在常量池中定位到一个类的符号引用,并且检查这个符号引用代表的类是否已被加载过、解析和初始化过"
all_relations.csv,583,CMS,is_a,线程,CMS,is_a,线程,is_a,kept,,is_a,0.7291,,,"is_a: score=0.729, conf=0.754, support=1, cues=上下位,!用于","CMS产生浮动垃圾过多时会退化为serial old,效率低,因为在上图的第四阶段,CMS清除垃圾时是并发清除的,这个时候,垃圾回收线程和用户线程同时工作会产生浮动垃圾,也就意味着CMS垃圾回收器必须预留一部分内存空间用于存放浮动垃圾"
all_relations.csv,584,G1,is_a,STW,G1,is_a,STW,is_a,kept,,is_a,0.7567,,,"is_a: score=0.757, conf=0.754, support=1, cues=上下位","因此,G1停顿时间的瓶颈主要是标记-复制中的转移阶段STW"
all_relations.csv,585,Java 堆,is_a,线程共享,Java 堆,is_a,线程共享,is_a,kept,,is_a | has_part,0.7291,0.6817,0.0474,"is_a: score=0.729, conf=0.754, support=1, cues=上下位,!用于；has_part: score=0.682, conf=0.684, support=1, cues=枚举结构,!用于","Java 堆:是 JVM 中最大的一块内存区域,被所有线程共享,在虚拟机启动时创建,用于存放对象实例"
all_relations.csv,586,优化方法栈帧,has_part,局部变量,优化方法栈帧,has_part,局部变量,has_part,kept,,has_part,0.7527,,,"has_part: score=0.753, conf=0.754, support=1, cues=枚举结构","优化方法栈帧:减少方法内局部变量的数量,避免在方法中创建过大的对象或数组,将大对象的创建移到堆中(通过 new 关键字),降低单个栈帧的内存占用"
all_relations.csv,587,复制算法,is_a,使用,复制算法,is_a,使用,is_a,kept,,is_a,0.7567,,,"is_a: score=0.757, conf=0.754, support=1, cues=上下位","复制算法的原理是,将内存分成两块,每次申请内存时都使用其中的一块,当内存不够时,将这一块内存中所有存活的复制到另一块上"
all_relations.csv,588,复制算法,is_a,线程,复制算法,is_a,线程,has_part,relation_conflict_resolved,,has_part | is_a,0.7614,0.7567,0.0047,"has_part: score=0.761, conf=0.768, support=1, cues=枚举结构；is_a: score=0.757, conf=0.754, support=1, cues=上下位；low_margin=0.005","Serial收集器(复制算法): 新生代单线程收集器,标记和清理都是单线程,优点是简单高效"
all_relations.csv,589,Java 虚拟机栈,used_for,局部变量表,Java 虚拟机栈,used_for,局部变量表,used_for,kept,,used_for,0.7616,,,"used_for: score=0.762, conf=0.752, support=1, cues=用途,用于","栈帧创建:在调用一个方法前,JVM会在当前线程的Java虚拟机栈中为该方法分配一个新的栈帧,用于存储局部变量表、操作数栈、动态链接、方法出口等信息"
all_relations.csv,590,大对象,is_a,数组,大对象,is_a,数组,is_a,kept,,is_a,0.7555,,,"is_a: score=0.755, conf=0.752, support=1, cues=上下位","大对象是指需要大量连续内存空间的对象,如大数组"
all_relations.csv,591,扩展类加载器,is_a,启动类加载器,扩展类加载器,is_a,启动类加载器,is_a,kept,,is_a,0.7555,,,"is_a: score=0.755, conf=0.752, support=1, cues=上下位","扩展类加载器由启动类加载器加载,并且父加载器就是启动类加载器"
all_relations.csv,592,GC Roots,has_part,栈帧,GC Roots,has_part,栈帧,has_part,kept,,has_part,0.7663,,,"has_part: score=0.766, conf=0.750, support=1, cues=枚举结构,包括",GC Roots对象包括:虚拟机栈(栈帧中的本地变量表)中引用的对象、方法区中类静态属性引用的对象、本地方法栈中JNI(Java Native Interface)引用的对象、活跃线程的引用等
all_relations.csv,593,Tenured Generation,has_part,Minor GC,Tenured Generation,has_part,Minor GC,has_part,kept,,has_part,0.7502,,,"has_part: score=0.750, conf=0.750, support=1, cues=枚举结构",老年代(Old Generation/Tenured Generation):存放过一次或多次Minor GC仍存活的对象会被移动到老年代
all_relations.csv,594,初始标记阶段,has_part,GC Roots,初始标记阶段,has_part,GC Roots,is_a,relation_conflict_resolved,,is_a | has_part,0.8237,0.7502,0.0734,"is_a: score=0.824, conf=0.862, support=1, cues=上下位；has_part: score=0.750, conf=0.750, support=1, cues=枚举结构","初始标记阶段:初始标记阶段是指从GC Roots出发标记全部直接子节点的过程,该阶段是STW的"
all_relations.csv,595,栈帧创建,has_part,JVM,栈帧创建,has_part,JVM,has_part,kept,,has_part,0.7226,,,"has_part: score=0.723, conf=0.750, support=1, cues=枚举结构,!用于","栈帧创建:在调用一个方法前,JVM会在当前线程的Java虚拟机栈中为该方法分配一个新的栈帧,用于存储局部变量表、操作数栈、动态链接、方法出口等信息"
all_relations.csv,596,运行时常量池,has_part,常量池,运行时常量池,has_part,常量池,has_part,kept,,has_part | is_a,0.7502,0.5470,0.2032,"has_part: score=0.750, conf=0.750, support=1, cues=枚举结构；is_a: score=0.547, conf=0.668, support=1, cues=!包含,!包括","运行时常量池:存储着在类文件中的常量池数据,在类加载后在方法区生成该运行时常量池"
all_relations.csv,597,G1,is_a,浮动垃圾,G1,is_a,浮动垃圾,is_a,kept,,is_a,0.7530,,,"is_a: score=0.753, conf=0.748, support=1, cues=上下位","而G1没有浮动垃圾,G1的筛选回收是多个垃圾回收线程并行gc的,没有浮动垃圾的回收,在执行‘并发清理’步骤时,用户线程也会同时产生一部分可回收对象,但是这部分可回收对象只能在下次执行清理是才会被回收"
all_relations.csv,598,OutOfMemoryError,is_a,堆内存溢,OutOfMemoryError,is_a,堆内存溢,is_a,kept,,is_a | has_part,0.7530,0.7056,0.0474,"is_a: score=0.753, conf=0.748, support=1, cues=上下位；has_part: score=0.706, conf=0.678, support=1, cues=枚举结构","堆内存溢出:当出现Java.lang.OutOfMemoryError:Java heap space异常时,就是堆内存溢出了"
all_relations.csv,599,gc,is_a,使用,gc,is_a,使用,is_a,kept,,is_a,0.7530,,,"is_a: score=0.753, conf=0.748, support=1, cues=上下位","Java 的 GC(垃圾回收)简单说就是 「自动识别并回收不再使用的对象,释放内存空间」,避免内存泄漏"
all_relations.csv,600,内存溢出,has_part,Java 虚拟机,内存溢出,has_part,Java 虚拟机,is_a,relation_conflict_resolved,,is_a | has_part,0.8150,0.7490,0.0660,"is_a: score=0.815, conf=0.848, support=1, cues=上下位；has_part: score=0.749, conf=0.748, support=1, cues=枚举结构","内存溢出:内存溢出是指Java虚拟机(JVM)在申请内存时,无法找到足够的内存,最终引发OutOfMemoryError"
all_relations.csv,601,并发标记,is_a,可达性分析,并发标记,is_a,可达性分析,is_a,kept,,is_a,0.7530,,,"is_a: score=0.753, conf=0.748, support=1, cues=上下位","并发标记阶段:并发标记阶段是指从GC Roots开始对堆中对象进行可达性分析,找出存活对象"
all_relations.csv,602,指针,is_a,直接引用,指针,is_a,直接引用,is_a,kept,,is_a,0.7691,,,"is_a: score=0.769, conf=0.748, support=1, cues=上下位,是一个","直接引用可以是直接指向目标的指针、相对偏移量或是一个能间接定位到目标的句柄,直接引用是和虚拟机实现的内存布局相关的"
all_relations.csv,603,老年代,causes,内存碎片,老年代,causes,内存碎片,causes,kept,,causes,0.7631,,,"causes: score=0.763, conf=0.748, support=1, cues=因果,导致","这类对象直接分配在老年代,以避免因频繁的年轻代晋升而导致的内存碎片化问题"
all_relations.csv,604,运行时常量池,is_a,字面量,运行时常量池,is_a,字面量,used_for,relation_conflict_resolved,,used_for | is_a | has_part,0.7467,0.7254,0.0213,"used_for: score=0.747, conf=0.728, support=1, cues=用途,用于；is_a: score=0.725, conf=0.748, support=1, cues=上下位,!用于；has_part: score=0.694, conf=0.678, support=1, cues=枚举结构,一部分,!用于","运行时常量池:是方法区的一部分,用于存放编译期生成的各种字面量和符号引用,具有动态性,运行时也可将新的常量放入池中"
all_relations.csv,605,连接,has_part,解析,连接,has_part,解析,has_part,kept,,has_part,0.7490,,,"has_part: score=0.749, conf=0.748, support=1, cues=枚举结构",连接:验证、准备、解析 3 个阶段统称为连接
all_relations.csv,606,GC Roots,is_a,STW,GC Roots,is_a,STW,is_a,kept,,is_a,0.7518,,,"is_a: score=0.752, conf=0.746, support=1, cues=上下位","初始标记阶段:初始标记阶段是指从GC Roots出发标记全部直接子节点的过程,该阶段是STW的"
all_relations.csv,607,JVM内存模型,used_for,局部变量,JVM内存模型,used_for,局部变量,used_for,kept,,used_for,0.7579,,,"used_for: score=0.758, conf=0.746, support=1, cues=用途,用于","在JVM内存模型中,栈(Stack)主要用于管理线程的局部变量和方法调用的上下文,而堆(Heap)则是用于存储所有类的实例和数组"
all_relations.csv,608,常量池缓存,used_for,常量,常量池缓存,used_for,常量,used_for,kept,,used_for | has_part,0.7566,0.6879,0.0687,"used_for: score=0.757, conf=0.744, support=1, cues=用途,用于；has_part: score=0.688, conf=0.694, support=1, cues=枚举结构,!用于","常量池缓存:用于提升类加载的效率,将常用的常量缓存起来方便使用"
all_relations.csv,609,栈帧,used_for,动态链接,栈帧,used_for,动态链接,used_for,kept,,used_for,0.7566,,,"used_for: score=0.757, conf=0.744, support=1, cues=用途,用于","每个方法在执行时都会创建一个栈帧,用于存储局部变量表、操作数栈、动态链接、方法出口等信息"
all_relations.csv,610,线程,has_part,对象引用,线程,has_part,对象引用,has_part,kept,,has_part,0.7465,,,"has_part: score=0.747, conf=0.744, support=1, cues=枚举结构","线程:未停止的线程可能持有对象引用,无法被回收"
all_relations.csv,611,静态集合,has_part,HashMap,静态集合,has_part,HashMap,has_part,kept,,has_part,0.7465,,,"has_part: score=0.747, conf=0.744, support=1, cues=枚举结构","静态集合:使用静态数据结构(如HashMap或ArrayList)存储对象,且未清理"
all_relations.csv,612,Entry,causes,内存泄漏,Entry,causes,内存泄漏,causes,kept,,causes,0.7594,,,"causes: score=0.759, conf=0.742, support=1, cues=因果,造成","如果当前线程迟迟不结束的话,这些key为null的Entry的value就会一直存在一条强引用链:Thread Ref -> Thread -> ThreaLocalMap -> Entry -> value永远无法回收,造成内存泄漏"
all_relations.csv,613,Java 堆,is_a,内存溢出,Java 堆,is_a,内存溢出,is_a,kept,,is_a,0.7493,,,"is_a: score=0.749, conf=0.742, support=1, cues=上下位","元空间并不在Java堆中,而是使用本地内存,这解决了永久代容易出现的内存溢出问题"
all_relations.csv,614,堆溢出,is_a,使用,堆溢出,is_a,使用,is_a,kept,,is_a,0.7493,,,"is_a: score=0.749, conf=0.742, support=1, cues=上下位",堆溢出通常是由于创建了太多的大对象或未能及时回收不再使用的对象
all_relations.csv,615,复制算法,is_a,新生代,复制算法,is_a,新生代,has_part,relation_conflict_resolved,,has_part | is_a,0.7763,0.7493,0.0270,"has_part: score=0.776, conf=0.792, support=1, cues=枚举结构；is_a: score=0.749, conf=0.742, support=1, cues=上下位",标记-复制算法应用在CMS新生代(ParNew是CMS默认的新生代垃圾回收器)和G1垃圾回收器中
all_relations.csv,616,大对象,causes,gc,大对象,causes,gc,causes,kept,,causes,0.7594,,,"causes: score=0.759, conf=0.742, support=1, cues=因果,导致","原因是代码中可能存在大对象分配,或者发生了内存泄露,导致在多次GC之后,还是无法找到一块足够大的内存容纳当前对象"
all_relations.csv,617,直接内存,is_a,NIO,直接内存,is_a,NIO,is_a,kept,,is_a | has_part,0.7815,0.7180,0.0635,"is_a: score=0.781, conf=0.742, support=1, cues=上下位,属于,是一种；has_part: score=0.718, conf=0.672, support=1, cues=枚举结构,一部分","直接内存:不属于 JVM 运行时数据区的一部分,通过 NIO 类引入,是一种堆外内存,可以显著提高 I/O 性能"
all_relations.csv,618,解析,is_a,直接引用,解析,is_a,直接引用,is_a,kept,,is_a,0.7493,,,"is_a: score=0.749, conf=0.742, support=1, cues=上下位",解析:解析阶段是虚拟机将常量池的「符号引用」直接替换为「直接引用」的过程
all_relations.csv,619,CMS,is_a,Serial,CMS,is_a,Serial,is_a,kept,,is_a,0.7480,,,"is_a: score=0.748, conf=0.740, support=1, cues=上下位","CMS收集器是老年代的收集器,可以配合新生代的Serial和ParNew收集器一起使用"
all_relations.csv,620,CMS,used_for,浮动垃圾,CMS,used_for,浮动垃圾,used_for,kept,,used_for | is_a,0.7541,0.6832,0.0709,"used_for: score=0.754, conf=0.740, support=1, cues=用途,用于；is_a: score=0.683, conf=0.680, support=1, cues=上下位,!用于","CMS产生浮动垃圾过多时会退化为serial old,效率低,因为在上图的第四阶段,CMS清除垃圾时是并发清除的,这个时候,垃圾回收线程和用户线程同时工作会产生浮动垃圾,也就意味着CMS垃圾回收器必须预留一部分内存空间用于存放浮动垃圾"
all_relations.csv,621,JVM,used_for,对象实例,JVM,used_for,对象实例,used_for,kept,,used_for,0.7541,,,"used_for: score=0.754, conf=0.740, support=1, cues=用途,用于","Java堆(Heap)是Java虚拟机(JVM)中内存管理的一个重要区域,主要用于存放对象实例和数组"
all_relations.csv,622,内存碎片,implemented_by,G1,内存碎片,implemented_by,G1,has_part,relation_conflict_resolved,,has_part | implemented_by,0.7763,0.7345,0.0417,"has_part: score=0.776, conf=0.792, support=1, cues=枚举结构；implemented_by: score=0.735, conf=0.740, support=1, cues=实现关系,实现,!基于","G1(Garbage First)收集器 (标记-整理算法): Java堆并行收集器,G1收集器是JDK1.7提供的一个新收集器,G1收集器基于“标记-整理”算法实现,也就是说不会产生内存碎片"
all_relations.csv,623,虚引用也,is_a,PhantomReference,虚引用也,is_a,PhantomReference,is_a,kept,,is_a,0.7480,,,"is_a: score=0.748, conf=0.740, support=1, cues=上下位","虚引用也被称作幻影引用,是最弱的引用关系,可以用PhantomReference来描述,他必须和ReferenceQueue一起使用,同样的当发生GC的时候,虚引用也会被回收"
all_relations.csv,624,垃圾回收,has_part,可达性分析,垃圾回收,has_part,可达性分析,has_part,kept,,has_part,0.7428,,,"has_part: score=0.743, conf=0.738, support=1, cues=枚举结构","在Java中,判断对象是否为垃圾(即不再被使用,可以被垃圾回收器回收)主要依据两种主流的垃圾回收算法来实现:引用计数法和可达性分析算法"
all_relations.csv,625,并发标记,has_part,GC Roots,并发标记,has_part,GC Roots,is_a,relation_conflict_resolved,,is_a | has_part,0.8162,0.7428,0.0734,"is_a: score=0.816, conf=0.850, support=1, cues=上下位；has_part: score=0.743, conf=0.738, support=1, cues=枚举结构","并发标记阶段:并发标记阶段是指从GC Roots开始对堆中对象进行可达性分析,找出存活对象"
all_relations.csv,626,标记-整理算法,has_part,存活对象,标记-整理算法,has_part,存活对象,has_part,kept,,has_part,0.7428,,,"has_part: score=0.743, conf=0.738, support=1, cues=枚举结构","标记-整理算法:复制算法在 GC 之后存活对象较少的情况下效率比较高,但如果存活对象比较多时,会执行较多的复制操作,效率就会下降"
all_relations.csv,627,常量,has_part,符号引用,常量,has_part,符号引用,has_part,kept,,has_part,0.7577,,,"has_part: score=0.758, conf=0.736, support=1, cues=整体部分,包括","常量池:存储类和接口中的常量,包括字面值常量、符号引用,以及运行时常量池"
all_relations.csv,628,常量池,has_part,常量,常量池,has_part,常量,has_part,kept,,has_part,0.7577,,,"has_part: score=0.758, conf=0.736, support=1, cues=枚举结构,包括","常量池:存储类和接口中的常量,包括字面值常量、符号引用,以及运行时常量池"
all_relations.csv,629,新生代,is_a,G1,新生代,is_a,G1,is_a,kept,,is_a,0.7456,,,"is_a: score=0.746, conf=0.736, support=1, cues=上下位",标记-复制算法应用在CMS新生代(ParNew是CMS默认的新生代垃圾回收器)和G1垃圾回收器中
all_relations.csv,630,元空间,is_a,JVM,元空间,is_a,JVM,is_a,kept,,is_a,0.6155,,,"is_a: score=0.616, conf=0.734, support=1, cues=!包含","根据 JDK 8 规范,JVM 运行时内存共分为虚拟机栈、堆、元空间、程序计数器、本地方法栈五个部分"
all_relations.csv,631,方法区,used_for,符号引用,方法区,used_for,符号引用,used_for,kept,,used_for,0.7504,,,"used_for: score=0.750, conf=0.734, support=1, cues=用途,用于","运行时常量池:是方法区的一部分,用于存放编译期生成的各种字面量和符号引用,具有动态性,运行时也可将新的常量放入池中"
all_relations.csv,632,清理阶段,is_a,G1,清理阶段,is_a,G1,is_a,kept,,is_a,0.6155,,,"is_a: score=0.616, conf=0.734, support=1, cues=!包含",G1的混合回收过程可以分为标记阶段、清理阶段和复制阶段
all_relations.csv,633,运行时常量池,is_a,常量,运行时常量池,is_a,常量,used_for,relation_conflict_resolved,,used_for | is_a,0.7045,0.5879,0.1166,"used_for: score=0.705, conf=0.660, support=1, cues=用途,用于；is_a: score=0.588, conf=0.734, support=1, cues=!包含,!包括","常量池:存储类和接口中的常量,包括字面值常量、符号引用,以及运行时常量池"
all_relations.csv,634,Humongous Objects,has_part,G1,Humongous Objects,has_part,G1,has_part,kept,,has_part,0.7391,,,"has_part: score=0.739, conf=0.732, support=1, cues=枚举结构","大对象区(Large Object Space / Humongous Objects):在某些JVM实现中(如G1垃圾收集器),为大对象分配了专门的区域,称为大对象区或Humongous Objects区域"
all_relations.csv,635,分代回收,has_part,新生代,分代回收,has_part,新生代,is_a,relation_conflict_resolved,,is_a | has_part,0.7865,0.7391,0.0474,"is_a: score=0.786, conf=0.802, support=1, cues=上下位；has_part: score=0.739, conf=0.732, support=1, cues=枚举结构",分代回收算法:分代收集是将内存划分成了新生代和老年代
all_relations.csv,636,标记-整理算法,has_part,Serial,标记-整理算法,has_part,Serial,has_part,kept,,has_part,0.7391,,,"has_part: score=0.739, conf=0.732, support=1, cues=枚举结构","Serial Old收集器 (标记-整理算法): 老年代单线程收集器,Serial收集器的老年代版本"
all_relations.csv,637,G1,is_a,内存碎片,G1,is_a,内存碎片,depends_on,relation_conflict_resolved,,depends_on | is_a,0.7437,0.7142,0.0295,"depends_on: score=0.744, conf=0.720, support=1, cues=依赖,基于；is_a: score=0.714, conf=0.730, support=1, cues=上下位,!基于","G1(Garbage First)收集器 (标记-整理算法): Java堆并行收集器,G1收集器是JDK1.7提供的一个新收集器,G1收集器基于“标记-整理”算法实现,也就是说不会产生内存碎片"
all_relations.csv,638,ThreadLocal,is_a,线程,ThreadLocal,is_a,线程,is_a,kept,,is_a,0.7579,,,"is_a: score=0.758, conf=0.730, support=1, cues=上下位,属于","ThreadLocal提供了线程本地变量,它可以保证访问到的变量属于当前线程,每个线程都保存有一个变量副本,每个线程的变量都不同"
all_relations.csv,639,初始化,is_a,字符串对象,初始化,is_a,字符串对象,is_a,kept,,is_a,0.7418,,,"is_a: score=0.742, conf=0.730, support=1, cues=上下位","首先,我们看到这个代码中有一个new关键字,我们知道new指令是创建一个类的实例对象并完成加载初始化的,因此这个字符串对象是在运行期才能确定的,创建的字符串对象是在堆内存上"
all_relations.csv,640,垃圾回收,is_a,类信息,垃圾回收,is_a,类信息,is_a,kept,,is_a,0.7418,,,"is_a: score=0.742, conf=0.730, support=1, cues=上下位","虽然方法区中的垃圾回收与堆有所不同,但是同样存在对不再需要的常量、无用的类信息等进行清理的过程"
all_relations.csv,641,运行时常量池,used_for,字面量,运行时常量池,used_for,字面量,used_for,kept,,used_for | is_a | has_part,0.7467,0.7254,0.0213,"used_for: score=0.747, conf=0.728, support=1, cues=用途,用于；is_a: score=0.725, conf=0.748, support=1, cues=上下位,!用于；has_part: score=0.694, conf=0.678, support=1, cues=枚举结构,一部分,!用于","运行时常量池:是方法区的一部分,用于存放编译期生成的各种字面量和符号引用,具有动态性,运行时也可将新的常量放入池中"
all_relations.csv,642,Survivor 区,is_a,新生代,Survivor 区,is_a,新生代,is_a,kept,,is_a,0.6106,,,"is_a: score=0.611, conf=0.726, support=1, cues=!包含","从内存回收角度,堆被划分为新生代和老年代,新生代又分为 Eden 区和两个 Survivor 区(From Survivor 和 To Survivor)"
all_relations.csv,643,ThreadLocalMap,used_for,key,ThreadLocalMap,used_for,key,used_for,kept,,used_for,0.7616,,,"used_for: score=0.762, conf=0.726, support=1, cues=用途,用来,用作","ThreadLocalMap使用ThreadLocal的弱引用作为key,如果一个ThreadLocal没有外部强引用来引用它,那么系统GC时,这个ThreadLocal势必会被回收,这样一来,ThreadLocalMap中就会出现key为null的Entry,就没有办法访问这些key为null的Entry的value"
all_relations.csv,644,标记-整理算法,has_part,G1,标记-整理算法,has_part,G1,has_part,kept,,has_part | is_a,0.7078,0.6832,0.0245,"has_part: score=0.708, conf=0.726, support=1, cues=枚举结构,!基于；is_a: score=0.683, conf=0.680, support=1, cues=上下位,!基于","G1(Garbage First)收集器 (标记-整理算法): Java堆并行收集器,G1收集器是JDK1.7提供的一个新收集器,G1收集器基于“标记-整理”算法实现,也就是说不会产生内存碎片"
all_relations.csv,645,JVM,is_a,堆外内存,JVM,is_a,堆外内存,is_a,kept,,is_a,0.7703,,,"is_a: score=0.770, conf=0.724, support=1, cues=上下位,属于,是一种","直接内存:不属于 JVM 运行时数据区的一部分,通过 NIO 类引入,是一种堆外内存,可以显著提高 I/O 性能"
all_relations.csv,646,复制算法,is_a,垃圾回收,复制算法,is_a,垃圾回收,is_a,kept,,is_a,0.7381,,,"is_a: score=0.738, conf=0.724, support=1, cues=上下位",标记-复制算法应用在CMS新生代(ParNew是CMS默认的新生代垃圾回收器)和G1垃圾回收器中
all_relations.csv,647,方法调用,is_a,数组,方法调用,is_a,数组,used_for,relation_conflict_resolved,,used_for | is_a,0.7318,0.7105,0.0213,"used_for: score=0.732, conf=0.704, support=1, cues=用途,用于；is_a: score=0.711, conf=0.724, support=1, cues=上下位,!用于","在JVM内存模型中,栈(Stack)主要用于管理线程的局部变量和方法调用的上下文,而堆(Heap)则是用于存储所有类的实例和数组"
all_relations.csv,648,符号引用,is_a,字面量,符号引用,is_a,字面量,is_a,kept,,is_a,0.7381,,,"is_a: score=0.738, conf=0.724, support=1, cues=上下位","符号引用是以一组符号来描述所引用的目标,符号可以是任何形式的字面量,只要使用的时候可以无歧义地定位到目标即可"
all_relations.csv,649,运行时常量池,is_a,符号引用,运行时常量池,is_a,符号引用,used_for,relation_conflict_resolved,,used_for | is_a,0.7318,0.7105,0.0213,"used_for: score=0.732, conf=0.704, support=1, cues=用途,用于；is_a: score=0.711, conf=0.724, support=1, cues=上下位,!用于","运行时常量池:是方法区的一部分,用于存放编译期生成的各种字面量和符号引用,具有动态性,运行时也可将新的常量放入池中"
all_relations.csv,650,Full GC,is_a,Stop The World,Full GC,is_a,Stop The World,is_a,kept,,is_a,0.7369,,,"is_a: score=0.737, conf=0.722, support=1, cues=上下位","特点:Full GC是最昂贵的操作,因为它需要停止所有的工作线程(Stop The World),遍历整个堆内存来查找和回收不再使用的对象,因此应尽量减少Full GC的触发"
all_relations.csv,651,双亲委派,is_a,类加载,双亲委派,is_a,类加载,is_a,kept,,is_a,0.7369,,,"is_a: score=0.737, conf=0.722, support=1, cues=上下位","Java 中的 “双亲委派” 是类加载机制的核心原则,简单说就是 「一个类加载器要加载类时,先让父加载器去尝试加载,只有父加载器加载不了,自己才会去加载」"
all_relations.csv,652,G1,depends_on,内存碎片,G1,depends_on,内存碎片,depends_on,kept,,depends_on | is_a,0.7437,0.7142,0.0295,"depends_on: score=0.744, conf=0.720, support=1, cues=依赖,基于；is_a: score=0.714, conf=0.730, support=1, cues=上下位,!基于","G1(Garbage First)收集器 (标记-整理算法): Java堆并行收集器,G1收集器是JDK1.7提供的一个新收集器,G1收集器基于“标记-整理”算法实现,也就是说不会产生内存碎片"
all_relations.csv,653,G1,depends_on,大对象,G1,depends_on,大对象,depends_on,kept,,depends_on,0.7437,,,"depends_on: score=0.744, conf=0.720, support=1, cues=依赖,基于","算法: G1 基于标记--整理算法, 不会产生空间碎片,在分配大对象时,不会因无法得到连续的空间,而提前触发一次 FULL GC"
all_relations.csv,654,可达性分析,has_part,虚拟机栈,可达性分析,has_part,虚拟机栈,has_part,kept,,has_part,0.7316,,,"has_part: score=0.732, conf=0.720, support=1, cues=枚举结构","最经典的是 「可达性分析」:以 GC Roots(比如虚拟机栈里的局部变量、静态变量、常量等)为起点,遍历对象的引用链,如果某个对象从 GC Roots 出发不可达,就会被标记为可回收对象"
all_relations.csv,655,静态变量,has_part,类初始化,静态变量,has_part,类初始化,has_part,kept,,has_part,0.7316,,,"has_part: score=0.732, conf=0.720, support=1, cues=枚举结构","静态变量:存储类的静态变量,这些变量在类初始化的时候被赋值"
all_relations.csv,656,CMS,is_a,内存碎片,CMS,is_a,内存碎片,is_a,kept,,is_a,0.7344,,,"is_a: score=0.734, conf=0.718, support=1, cues=上下位","CMS收集器是使用“标记-清除”算法进行的垃圾回收,容易产生内存碎片"
all_relations.csv,657,String,is_a,扩展类加载器,String,is_a,扩展类加载器,is_a,kept,,is_a,0.7344,,,"is_a: score=0.734, conf=0.718, support=1, cues=上下位","具体来说,Java 的类加载器有一套默认的层级结构:最顶层是Bootstrap ClassLoader(启动类加载器,负责加载 JDK 核心类,如java.lang.String),往下是Extension ClassLoader(扩展类加载器,加载 JDK 扩展目录的类),再往下是AppClassLoader(应用类加载器,加载我们自己写的类和第三 ..."
all_relations.csv,658,使用,causes,OutOfMemoryError,使用,causes,OutOfMemoryError,causes,kept,,causes,0.7445,,,"causes: score=0.744, conf=0.718, support=1, cues=因果,导致","直接内存的使用受到本机总内存的限制,若分配不当,可能导致 OutOfMemoryError 异常"
all_relations.csv,659,加载阶段,is_a,类加载过程,加载阶段,is_a,类加载过程,is_a,kept,,is_a,0.7344,,,"is_a: score=0.734, conf=0.718, support=1, cues=上下位","加载阶段是用户参与的阶段,我们可以自定义类加载器,去实现自己的类加载过程"
all_relations.csv,660,双亲委派模型,is_a,加载,双亲委派模型,is_a,加载,is_a,kept,,is_a,0.7344,,,"is_a: score=0.734, conf=0.718, support=1, cues=上下位","再来谈谈双亲委派模型,简单说就是当类加载器(Class-Loader)试图加载某个类型的时候,除非父加载器找不到相应类型,否则尽量将这个任务代理给当前加载器的父加载器去做"
all_relations.csv,661,栈帧,causes,栈溢出,栈帧,causes,栈溢出,causes,kept,,causes,0.7445,,,"causes: score=0.744, conf=0.718, support=1, cues=因果,导致","如果递归没有正确的终止条件,栈帧会不断累积,最终超过虚拟机栈的最大容量,导致栈溢出"
all_relations.csv,662,运行时常量池,part_of,字面量,字面量,has_part,运行时常量池,has_part,canonicalized,"relation_label_normalized,inverse_relation_direction",has_part,0.7189,,,"has_part: score=0.719, conf=0.718, support=1, cues=部分整体,一部分,!用于","运行时常量池:是方法区的一部分,用于存放编译期生成的各种字面量和符号引用,具有动态性,运行时也可将新的常量放入池中"
all_relations.csv,663,连接,causes,OutOfMemoryError,连接,causes,OutOfMemoryError,causes,kept,,causes,0.7445,,,"causes: score=0.744, conf=0.718, support=1, cues=因果,导致","这些未正常关闭的连接,如果不进行处理,轻则影响程序性能,重则导致OutOfMemoryError异常发生"
all_relations.csv,664,JVM内存模型,used_for,方法调用,JVM内存模型,used_for,方法调用,used_for,kept,,used_for,0.7393,,,"used_for: score=0.739, conf=0.716, support=1, cues=用途,用于","在JVM内存模型中,栈(Stack)主要用于管理线程的局部变量和方法调用的上下文,而堆(Heap)则是用于存储所有类的实例和数组"
all_relations.csv,665,Java 虚拟机,used_for,对象实例,Java 虚拟机,used_for,对象实例,used_for,kept,,used_for,0.7393,,,"used_for: score=0.739, conf=0.716, support=1, cues=用途,用于","Java堆(Heap)是Java虚拟机(JVM)中内存管理的一个重要区域,主要用于存放对象实例和数组"
all_relations.csv,666,Java 虚拟机栈,used_for,操作数栈,Java 虚拟机栈,used_for,操作数栈,used_for,kept,,used_for,0.7393,,,"used_for: score=0.739, conf=0.716, support=1, cues=用途,用于","栈帧创建:在调用一个方法前,JVM会在当前线程的Java虚拟机栈中为该方法分配一个新的栈帧,用于存储局部变量表、操作数栈、动态链接、方法出口等信息"
all_relations.csv,667,ThreadLocalMap,is_a,value,ThreadLocalMap,is_a,value,is_a,kept,,is_a,0.7332,,,"is_a: score=0.733, conf=0.716, support=1, cues=上下位","ThreadLocal的实现中,每个Thread维护一个ThreadLocalMap映射表,key是ThreadLocal实例本身,value是真正需要存储的Object"
all_relations.csv,668,Young GC,is_a,gc,Young GC,is_a,gc,is_a,kept,,is_a,0.6044,,,"is_a: score=0.604, conf=0.716, support=1, cues=!包含","根据其作用范围和触发条件的不同,可以将GC分为三种类型:Minor GC(也称为Young GC)、Major GC(有时也称为Old GC)、以及Full GC"
all_relations.csv,669,常量池缓存,used_for,使用,常量池缓存,used_for,使用,used_for,kept,,used_for | has_part,0.7393,0.6706,0.0687,"used_for: score=0.739, conf=0.716, support=1, cues=用途,用于；has_part: score=0.671, conf=0.666, support=1, cues=枚举结构,!用于","常量池缓存:用于提升类加载的效率,将常用的常量缓存起来方便使用"
all_relations.csv,670,G1,has_part,新生代,G1,has_part,新生代,is_a,relation_conflict_resolved,,is_a | has_part,0.7902,0.7440,0.0462,"is_a: score=0.790, conf=0.808, support=1, cues=上下位；has_part: score=0.744, conf=0.714, support=1, cues=整体部分,包括","此外,G1收集器不同于之前的收集器的一个重要特点是:G1回收的范围是整个Java堆(包括新生代,老年代),而前六种收集器回收的范围仅限于新生代或老年代"
all_relations.csv,671,复制算法,has_part,Serial,复制算法,has_part,Serial,is_a,relation_conflict_resolved,,is_a | has_part,0.7753,0.7279,0.0474,"is_a: score=0.775, conf=0.784, support=1, cues=上下位；has_part: score=0.728, conf=0.714, support=1, cues=枚举结构","ParNew收集器 (复制算法): 新生代收并行集器,实际上是Serial收集器的多线程版本,在多核CPU环境下有着比Serial更好的表现"
all_relations.csv,672,常量,has_part,运行时常量池,常量,has_part,运行时常量池,has_part,kept,,has_part,0.7440,,,"has_part: score=0.744, conf=0.714, support=1, cues=整体部分,包括","常量池:存储类和接口中的常量,包括字面值常量、符号引用,以及运行时常量池"
all_relations.csv,673,栈帧,used_for,方法出口,栈帧,used_for,方法出口,used_for,kept,,used_for,0.7380,,,"used_for: score=0.738, conf=0.714, support=1, cues=用途,用于","每个方法在执行时都会创建一个栈帧,用于存储局部变量表、操作数栈、动态链接、方法出口等信息"
all_relations.csv,674,简化了加载流程,has_part,类加载,简化了加载流程,has_part,类加载,has_part,kept,,has_part,0.7279,,,"has_part: score=0.728, conf=0.714, support=1, cues=枚举结构","简化了加载流程:通过委派,大部分类能够被正确的类加载器加载,减少了每个加载器需要处理的类的数量,简化了类的加载过程,提高了加载效率"
all_relations.csv,675,类加载,has_part,Bootstrap ClassLoader,类加载,has_part,Bootstrap ClassLoader,is_a,relation_conflict_resolved,,is_a | has_part,0.7753,0.7279,0.0474,"is_a: score=0.775, conf=0.784, support=1, cues=上下位；has_part: score=0.728, conf=0.714, support=1, cues=枚举结构","具体来说,Java 的类加载器有一套默认的层级结构:最顶层是Bootstrap ClassLoader(启动类加载器,负责加载 JDK 核心类,如java.lang.String),往下是Extension ClassLoader(扩展类加载器,加载 JDK 扩展目录的类),再往下是AppClassLoader(应用类加载器,加载我们自己写的类和第三 ..."
all_relations.csv,676,JProfiler,is_a,内存泄漏,JProfiler,is_a,内存泄漏,is_a,kept,,is_a,0.7307,,,"is_a: score=0.731, conf=0.712, support=1, cues=上下位","分析快照文件:使用 MAT(Memory Analyzer Tool)或 JProfiler 等工具分析快照,重点看哪些对象占用了大量内存、是否存在内存泄漏(如对象长期被无用引用持有,无法回收)"
all_relations.csv,677,Java 堆,is_a,G1,Java 堆,is_a,G1,is_a,kept,,is_a,0.7031,,,"is_a: score=0.703, conf=0.712, support=1, cues=上下位,!基于","G1(Garbage First)收集器 (标记-整理算法): Java堆并行收集器,G1收集器是JDK1.7提供的一个新收集器,G1收集器基于“标记-整理”算法实现,也就是说不会产生内存碎片"
all_relations.csv,678,加载,is_a,字符串对象,加载,is_a,字符串对象,is_a,kept,,is_a,0.7307,,,"is_a: score=0.731, conf=0.712, support=1, cues=上下位","首先,我们看到这个代码中有一个new关键字,我们知道new指令是创建一个类的实例对象并完成加载初始化的,因此这个字符串对象是在运行期才能确定的,创建的字符串对象是在堆内存上"
all_relations.csv,679,双亲委派,is_a,加载,双亲委派,is_a,加载,is_a,kept,,is_a,0.7307,,,"is_a: score=0.731, conf=0.712, support=1, cues=上下位","Java 中的 “双亲委派” 是类加载机制的核心原则,简单说就是 「一个类加载器要加载类时,先让父加载器去尝试加载,只有父加载器加载不了,自己才会去加载」"
all_relations.csv,680,新生代,causes,Minor GC,新生代,causes,Minor GC,causes,kept,,causes,0.7569,,,"causes: score=0.757, conf=0.712, support=1, cues=因果,导致,触发","如果将大对象分配到新生代,可能会很快导致新生代空间不足,从而频繁触发 Minor GC"
all_relations.csv,681,验证,is_a,JVM,验证,is_a,JVM,is_a,kept,,is_a,0.7307,,,"is_a: score=0.731, conf=0.712, support=1, cues=上下位","验证(Verification),这是虚拟机安全的重要保障,JVM 需要核验字节信息是符合 Java 虚拟机规范的,否则就被认为是 VerifyError,这样就防止了恶意信息或者不合规的信息危害 JVM 的运行,验证阶段有可能触发更多 class 的加载"
all_relations.csv,682,JVM,used_for,数组,JVM,used_for,数组,used_for,kept,,used_for,0.7355,,,"used_for: score=0.736, conf=0.710, support=1, cues=用途,用于","Java堆(Heap)是Java虚拟机(JVM)中内存管理的一个重要区域,主要用于存放对象实例和数组"
all_relations.csv,683,ParNew,is_a,Serial,ParNew,is_a,Serial,is_a,kept,,is_a,0.7294,,,"is_a: score=0.729, conf=0.710, support=1, cues=上下位","ParNew收集器 (复制算法): 新生代收并行集器,实际上是Serial收集器的多线程版本,在多核CPU环境下有着比Serial更好的表现"
all_relations.csv,684,new 指令,is_a,字符串对象,new 指令,is_a,字符串对象,is_a,kept,,is_a,0.7294,,,"is_a: score=0.729, conf=0.710, support=1, cues=上下位","首先,我们看到这个代码中有一个new关键字,我们知道new指令是创建一个类的实例对象并完成加载初始化的,因此这个字符串对象是在运行期才能确定的,创建的字符串对象是在堆内存上"
all_relations.csv,685,使用,used_for,ThreadLocal,使用,used_for,ThreadLocal,used_for,kept,,used_for,0.7516,,,"used_for: score=0.752, conf=0.710, support=1, cues=用途,用来,用作","ThreadLocalMap使用ThreadLocal的弱引用作为key,如果一个ThreadLocal没有外部强引用来引用它,那么系统GC时,这个ThreadLocal势必会被回收,这样一来,ThreadLocalMap中就会出现key为null的Entry,就没有办法访问这些key为null的Entry的value"
all_relations.csv,686,可达性分析,is_a,标记-清除算法,可达性分析,is_a,标记-清除算法,is_a,kept,,is_a,0.6006,,,"is_a: score=0.601, conf=0.710, support=1, cues=!包含","标记-清除算法:标记-清除算法分为“标记”和“清除”两个阶段,首先通过可达性分析,标记出所有需要回收的对象,然后统一回收所有被标记的对象"
all_relations.csv,687,程序计数器,is_a,JVM,程序计数器,is_a,JVM,used_for,relation_conflict_resolved,,used_for | is_a,0.7045,0.6006,0.1039,"used_for: score=0.705, conf=0.660, support=1, cues=用途,用于；is_a: score=0.601, conf=0.710, support=1, cues=!包含","根据 JDK 8 规范,JVM 运行时内存共分为虚拟机栈、堆、元空间、程序计数器、本地方法栈五个部分"
all_relations.csv,688,老年代,is_a,G1,老年代,is_a,G1,is_a,kept,,is_a,0.5730,,,"is_a: score=0.573, conf=0.710, support=1, cues=!包含,!包括","此外,G1收集器不同于之前的收集器的一个重要特点是:G1回收的范围是整个Java堆(包括新生代,老年代),而前六种收集器回收的范围仅限于新生代或老年代"
all_relations.csv,689,分代回收,has_part,老年代,分代回收,has_part,老年代,is_a,relation_conflict_resolved,,is_a | has_part,0.7716,0.7242,0.0474,"is_a: score=0.772, conf=0.778, support=1, cues=上下位；has_part: score=0.724, conf=0.708, support=1, cues=枚举结构",分代回收算法:分代收集是将内存划分成了新生代和老年代
all_relations.csv,690,常量,is_a,常量池,常量,is_a,常量池,is_a,kept,,is_a,0.5718,,,"is_a: score=0.572, conf=0.708, support=1, cues=!包含,!包括","常量池:存储类和接口中的常量,包括字面值常量、符号引用,以及运行时常量池"
all_relations.csv,691,栈帧创建,has_part,线程,栈帧创建,has_part,线程,has_part,kept,,has_part,0.6966,,,"has_part: score=0.697, conf=0.708, support=1, cues=枚举结构,!用于","栈帧创建:在调用一个方法前,JVM会在当前线程的Java虚拟机栈中为该方法分配一个新的栈帧,用于存储局部变量表、操作数栈、动态链接、方法出口等信息"
all_relations.csv,692,运行时常量池,has_part,类加载,运行时常量池,has_part,类加载,has_part,kept,,has_part,0.7242,,,"has_part: score=0.724, conf=0.708, support=1, cues=枚举结构","运行时常量池:存储着在类文件中的常量池数据,在类加载后在方法区生成该运行时常量池"
all_relations.csv,693,复制阶段,is_a,G1,复制阶段,is_a,G1,is_a,kept,,is_a,0.5969,,,"is_a: score=0.597, conf=0.704, support=1, cues=!包含",G1的混合回收过程可以分为标记阶段、清理阶段和复制阶段
all_relations.csv,694,方法调用,used_for,数组,方法调用,used_for,数组,used_for,kept,,used_for | is_a,0.7318,0.7105,0.0213,"used_for: score=0.732, conf=0.704, support=1, cues=用途,用于；is_a: score=0.711, conf=0.724, support=1, cues=上下位,!用于","在JVM内存模型中,栈(Stack)主要用于管理线程的局部变量和方法调用的上下文,而堆(Heap)则是用于存储所有类的实例和数组"
all_relations.csv,695,类加载,is_a,启动类加载器,类加载,is_a,启动类加载器,is_a,kept,,is_a,0.7257,,,"is_a: score=0.726, conf=0.704, support=1, cues=上下位","这些类加载器之间的关系形成了双亲委派模型,其核心思想是当一个类加载器收到类加载的请求时,首先不会自己去尝试加载这个类,而是把这个请求委派给父类加载器去完成,每一层次的类加载器都是如此,因此所有的加载请求最终都应该传送到顶层的启动类加载器中"
all_relations.csv,696,运行时常量池,used_for,符号引用,运行时常量池,used_for,符号引用,used_for,kept,,used_for | is_a,0.7318,0.7105,0.0213,"used_for: score=0.732, conf=0.704, support=1, cues=用途,用于；is_a: score=0.711, conf=0.724, support=1, cues=上下位,!用于","运行时常量池:是方法区的一部分,用于存放编译期生成的各种字面量和符号引用,具有动态性,运行时也可将新的常量放入池中"
all_relations.csv,697,Survivor 区,is_a,老年代,Survivor 区,is_a,老年代,is_a,kept,,is_a,0.5957,,,"is_a: score=0.596, conf=0.702, support=1, cues=!包含","从内存回收角度,堆被划分为新生代和老年代,新生代又分为 Eden 区和两个 Survivor 区(From Survivor 和 To Survivor)"
all_relations.csv,698,标记-整理算法,has_part,Parallel Scavenge,标记-整理算法,has_part,Parallel Scavenge,has_part,kept,,has_part,0.7205,,,"has_part: score=0.720, conf=0.702, support=1, cues=枚举结构","Parallel Old收集器 (标记-整理算法): 老年代并行收集器,吞吐量优先,Parallel Scavenge收集器的老年代版本"
all_relations.csv,699,new 指令,is_a,符号引用,new 指令,is_a,符号引用,is_a,kept,,is_a,0.7232,,,"is_a: score=0.723, conf=0.700, support=1, cues=上下位","类加载检查:虚拟机遇到一条 new 指令时,首先将去检查这个指令的参数是否能在常量池中定位到一个类的符号引用,并且检查这个符号引用代表的类是否已被加载过、解析和初始化过"
all_relations.csv,700,内存溢出,has_part,JVM,内存溢出,has_part,JVM,is_a,relation_conflict_resolved,,is_a | has_part,0.7852,0.7192,0.0660,"is_a: score=0.785, conf=0.800, support=1, cues=上下位；has_part: score=0.719, conf=0.700, support=1, cues=枚举结构","内存溢出:内存溢出是指Java虚拟机(JVM)在申请内存时,无法找到足够的内存,最终引发OutOfMemoryError"
all_relations.csv,701,初始标记阶段,is_a,STW,初始标记阶段,is_a,STW,is_a,kept,,is_a,0.7232,,,"is_a: score=0.723, conf=0.700, support=1, cues=上下位","初始标记阶段:初始标记阶段是指从GC Roots出发标记全部直接子节点的过程,该阶段是STW的"
all_relations.csv,702,并发标记,is_a,存活对象,并发标记,is_a,存活对象,is_a,kept,,is_a,0.7232,,,"is_a: score=0.723, conf=0.700, support=1, cues=上下位","并发标记阶段:并发标记阶段是指从GC Roots开始对堆中对象进行可达性分析,找出存活对象"
all_relations.csv,703,直接内存,causes,OutOfMemoryError,直接内存,causes,OutOfMemoryError,causes,kept,,causes,0.7333,,,"causes: score=0.733, conf=0.700, support=1, cues=因果,导致","直接内存的使用受到本机总内存的限制,若分配不当,可能导致 OutOfMemoryError 异常"
all_relations.csv,704,线程,is_a,程序计数器,线程,is_a,程序计数器,is_a,kept,,is_a,0.7232,,,"is_a: score=0.723, conf=0.700, support=1, cues=上下位","我们考虑一下,如果在线程切换的过程中,下一条指令执行到哪里了,是不是还是会用到我们的程序计数器啊"
all_relations.csv,705,CMS,is_a,G1,CMS,is_a,G1,is_a,kept,,is_a,0.7220,,,"is_a: score=0.722, conf=0.698, support=1, cues=上下位",标记-复制算法应用在CMS新生代(ParNew是CMS默认的新生代垃圾回收器)和G1垃圾回收器中
all_relations.csv,706,CMS,is_a,ParNew,CMS,is_a,ParNew,is_a,kept,,is_a,0.7220,,,"is_a: score=0.722, conf=0.698, support=1, cues=上下位","CMS收集器是老年代的收集器,可以配合新生代的Serial和ParNew收集器一起使用"
all_relations.csv,707,线程,used_for,局部变量表,线程,used_for,局部变量表,used_for,kept,,used_for,0.7281,,,"used_for: score=0.728, conf=0.698, support=1, cues=用途,用于","栈帧创建:在调用一个方法前,JVM会在当前线程的Java虚拟机栈中为该方法分配一个新的栈帧,用于存储局部变量表、操作数栈、动态链接、方法出口等信息"
all_relations.csv,708,gc,has_part,Young GC,gc,has_part,Young GC,alias_of,relation_conflict_resolved,,alias_of | has_part,0.8451,0.7329,0.1122,"alias_of: score=0.845, conf=0.856, support=1, cues=也称,别名；has_part: score=0.733, conf=0.696, support=1, cues=枚举结构,分为","根据其作用范围和触发条件的不同,可以将GC分为三种类型:Minor GC(也称为Young GC)、Major GC(有时也称为Old GC)、以及Full GC"
all_relations.csv,709,静态集合,has_part,ArrayList,静态集合,has_part,ArrayList,has_part,kept,,has_part,0.7168,,,"has_part: score=0.717, conf=0.696, support=1, cues=枚举结构","静态集合:使用静态数据结构(如HashMap或ArrayList)存储对象,且未清理"
all_relations.csv,710,元空间,is_a,内存溢出,元空间,is_a,内存溢出,is_a,kept,,is_a,0.7195,,,"is_a: score=0.720, conf=0.694, support=1, cues=上下位","元空间并不在Java堆中,而是使用本地内存,这解决了永久代容易出现的内存溢出问题"
all_relations.csv,711,加载,is_a,Extension ClassLoader,加载,is_a,Extension ClassLoader,is_a,kept,,is_a,0.7195,,,"is_a: score=0.720, conf=0.694, support=1, cues=上下位","具体来说,Java 的类加载器有一套默认的层级结构:最顶层是Bootstrap ClassLoader(启动类加载器,负责加载 JDK 核心类,如java.lang.String),往下是Extension ClassLoader(扩展类加载器,加载 JDK 扩展目录的类),再往下是AppClassLoader(应用类加载器,加载我们自己写的类和第三 ..."
all_relations.csv,712,局部变量,is_a,数组,局部变量,is_a,数组,used_for,relation_conflict_resolved,,used_for | is_a,0.7132,0.6919,0.0213,"used_for: score=0.713, conf=0.674, support=1, cues=用途,用于；is_a: score=0.692, conf=0.694, support=1, cues=上下位,!用于","在JVM内存模型中,栈(Stack)主要用于管理线程的局部变量和方法调用的上下文,而堆(Heap)则是用于存储所有类的实例和数组"
all_relations.csv,713,常量池,is_a,加载,常量池,is_a,加载,is_a,kept,,is_a,0.7195,,,"is_a: score=0.720, conf=0.694, support=1, cues=上下位","类加载检查:虚拟机遇到一条 new 指令时,首先将去检查这个指令的参数是否能在常量池中定位到一个类的符号引用,并且检查这个符号引用代表的类是否已被加载过、解析和初始化过"
all_relations.csv,714,常量池缓存,has_part,常量,常量池缓存,has_part,常量,used_for,relation_conflict_resolved,,used_for | has_part,0.7566,0.6879,0.0687,"used_for: score=0.757, conf=0.744, support=1, cues=用途,用于；has_part: score=0.688, conf=0.694, support=1, cues=枚举结构,!用于","常量池缓存:用于提升类加载的效率,将常用的常量缓存起来方便使用"
all_relations.csv,715,符号引用,has_part,直接引用,符号引用,has_part,直接引用,is_a,relation_conflict_resolved,,is_a | has_part,0.8237,0.7155,0.1081,"is_a: score=0.824, conf=0.836, support=1, cues=上下位,是一种；has_part: score=0.716, conf=0.694, support=1, cues=枚举结构","符号引用:存储类和方法的符号引用,是一种直接引用不同于直接引用的引用类型"
all_relations.csv,716,运行时常量池,part_of,符号引用,符号引用,has_part,运行时常量池,has_part,canonicalized,"relation_label_normalized,inverse_relation_direction",has_part,0.7040,,,"has_part: score=0.704, conf=0.694, support=1, cues=部分整体,一部分,!用于","运行时常量池:是方法区的一部分,用于存放编译期生成的各种字面量和符号引用,具有动态性,运行时也可将新的常量放入池中"
all_relations.csv,717,G1,has_part,老年代,G1,has_part,老年代,is_a,relation_conflict_resolved,,is_a | has_part,0.8051,0.7291,0.0759,"is_a: score=0.805, conf=0.832, support=1, cues=上下位；has_part: score=0.729, conf=0.690, support=1, cues=整体部分,包括","此外,G1收集器不同于之前的收集器的一个重要特点是:G1回收的范围是整个Java堆(包括新生代,老年代),而前六种收集器回收的范围仅限于新生代或老年代"
all_relations.csv,718,栈帧创建,has_part,Java 虚拟机栈,栈帧创建,has_part,Java 虚拟机栈,has_part,kept,,has_part,0.6854,,,"has_part: score=0.685, conf=0.690, support=1, cues=枚举结构,!用于","栈帧创建:在调用一个方法前,JVM会在当前线程的Java虚拟机栈中为该方法分配一个新的栈帧,用于存储局部变量表、操作数栈、动态链接、方法出口等信息"
all_relations.csv,719,栈溢出,implemented_by,树形结构遍历,栈溢出,implemented_by,树形结构遍历,implemented_by,kept,,implemented_by,0.7035,,,"implemented_by: score=0.704, conf=0.690, support=1, cues=实现关系,实现,!导致","举个实际例子:曾遇到一个树形结构遍历的方法,因节点层级极深(超过 10 万层)且用递归实现,导致栈溢出"
all_relations.csv,720,符号引用,is_a,常量池,符号引用,is_a,常量池,is_a,kept,,is_a,0.5606,,,"is_a: score=0.561, conf=0.690, support=1, cues=!包含,!包括","常量池:存储类和接口中的常量,包括字面值常量、符号引用,以及运行时常量池"
all_relations.csv,721,常量,is_a,String,常量,is_a,String,is_a,kept,,is_a,0.7158,,,"is_a: score=0.716, conf=0.688, support=1, cues=上下位","所以,如果abc这个字符串常量不存在,则创建两个对象,分别是abc这个字符串常量,以及new String这个实例对象"
all_relations.csv,722,新生代,causes,大对象,新生代,causes,大对象,causes,kept,,causes,0.7259,,,"causes: score=0.726, conf=0.688, support=1, cues=因果,导致","大对象通常需要连续的内存空间,如果在新生代中频繁分配和回收大对象,容易产生内存碎片,导致后续分配大对象时可能因为内存不连续而失败"
all_relations.csv,723,栈溢出,is_a,JVM,栈溢出,is_a,JVM,is_a,kept,,is_a,0.7158,,,"is_a: score=0.716, conf=0.688, support=1, cues=上下位","栈溢出(java.lang.StackOverflowError)是 JVM 中另一种常见的内存错误,和堆溢出的原理与场景截然不同"
all_relations.csv,724,符号引用,is_a,使用,符号引用,is_a,使用,is_a,kept,,is_a,0.7158,,,"is_a: score=0.716, conf=0.688, support=1, cues=上下位","符号引用是以一组符号来描述所引用的目标,符号可以是任何形式的字面量,只要使用的时候可以无歧义地定位到目标即可"
all_relations.csv,725,Java 虚拟机,used_for,数组,Java 虚拟机,used_for,数组,used_for,kept,,used_for,0.7207,,,"used_for: score=0.721, conf=0.686, support=1, cues=用途,用于","Java堆(Heap)是Java虚拟机(JVM)中内存管理的一个重要区域,主要用于存放对象实例和数组"
all_relations.csv,726,Java 虚拟机栈,used_for,动态链接,Java 虚拟机栈,used_for,动态链接,used_for,kept,,used_for,0.7207,,,"used_for: score=0.721, conf=0.686, support=1, cues=用途,用于","栈帧创建:在调用一个方法前,JVM会在当前线程的Java虚拟机栈中为该方法分配一个新的栈帧,用于存储局部变量表、操作数栈、动态链接、方法出口等信息"
all_relations.csv,727,ThreadLocal,used_for,强引用,ThreadLocal,used_for,强引用,used_for,kept,,used_for,0.7368,,,"used_for: score=0.737, conf=0.686, support=1, cues=用途,用来,用作","ThreadLocalMap使用ThreadLocal的弱引用作为key,如果一个ThreadLocal没有外部强引用来引用它,那么系统GC时,这个ThreadLocal势必会被回收,这样一来,ThreadLocalMap中就会出现key为null的Entry,就没有办法访问这些key为null的Entry的value"
all_relations.csv,728,Java 堆,has_part,线程共享,Java 堆,has_part,线程共享,is_a,relation_conflict_resolved,,is_a | has_part,0.7291,0.6817,0.0474,"is_a: score=0.729, conf=0.754, support=1, cues=上下位,!用于；has_part: score=0.682, conf=0.684, support=1, cues=枚举结构,!用于","Java 堆:是 JVM 中最大的一块内存区域,被所有线程共享,在虚拟机启动时创建,用于存放对象实例"
all_relations.csv,729,可达性分析,has_part,局部变量,可达性分析,has_part,局部变量,has_part,kept,,has_part,0.7093,,,"has_part: score=0.709, conf=0.684, support=1, cues=枚举结构","最经典的是 「可达性分析」:以 GC Roots(比如虚拟机栈里的局部变量、静态变量、常量等)为起点,遍历对象的引用链,如果某个对象从 GC Roots 出发不可达,就会被标记为可回收对象"
all_relations.csv,730,对象池,has_part,使用,对象池,has_part,使用,used_for,relation_conflict_resolved,,used_for | has_part,0.7690,0.6817,0.0873,"used_for: score=0.769, conf=0.764, support=1, cues=用途,用来；has_part: score=0.682, conf=0.684, support=1, cues=枚举结构,!用来","对象池:在对象池中,弱引用可以用来管理那些暂时不使用的对象"
all_relations.csv,731,本地方法栈,has_part,使用,本地方法栈,has_part,使用,has_part,kept,,has_part,0.7093,,,"has_part: score=0.709, conf=0.684, support=1, cues=枚举结构","本地方法栈:与 Java 虚拟机栈类似,主要为虚拟机使用到的 Native 方法服务,在 HotSpot 虚拟机中和 Java 虚拟机栈合二为一"
all_relations.csv,732,JVM,is_a,VerifyError,JVM,is_a,VerifyError,is_a,kept,,is_a,0.7121,,,"is_a: score=0.712, conf=0.682, support=1, cues=上下位","验证(Verification),这是虚拟机安全的重要保障,JVM 需要核验字节信息是符合 Java 虚拟机规范的,否则就被认为是 VerifyError,这样就防止了恶意信息或者不合规的信息危害 JVM 的运行,验证阶段有可能触发更多 class 的加载"
all_relations.csv,733,复制算法,is_a,G1,复制算法,is_a,G1,is_a,kept,,is_a,0.7121,,,"is_a: score=0.712, conf=0.682, support=1, cues=上下位",标记-复制算法应用在CMS新生代(ParNew是CMS默认的新生代垃圾回收器)和G1垃圾回收器中
all_relations.csv,734,CMS,is_a,浮动垃圾,CMS,is_a,浮动垃圾,used_for,relation_conflict_resolved,,used_for | is_a,0.7541,0.6832,0.0709,"used_for: score=0.754, conf=0.740, support=1, cues=用途,用于；is_a: score=0.683, conf=0.680, support=1, cues=上下位,!用于","CMS产生浮动垃圾过多时会退化为serial old,效率低,因为在上图的第四阶段,CMS清除垃圾时是并发清除的,这个时候,垃圾回收线程和用户线程同时工作会产生浮动垃圾,也就意味着CMS垃圾回收器必须预留一部分内存空间用于存放浮动垃圾"
all_relations.csv,735,ParNew,is_a,线程,ParNew,is_a,线程,is_a,kept,,is_a,0.7108,,,"is_a: score=0.711, conf=0.680, support=1, cues=上下位","ParNew收集器 (复制算法): 新生代收并行集器,实际上是Serial收集器的多线程版本,在多核CPU环境下有着比Serial更好的表现"
all_relations.csv,736,String,is_a,加载,String,is_a,加载,is_a,kept,,is_a,0.7108,,,"is_a: score=0.711, conf=0.680, support=1, cues=上下位","具体来说,Java 的类加载器有一套默认的层级结构:最顶层是Bootstrap ClassLoader(启动类加载器,负责加载 JDK 核心类,如java.lang.String),往下是Extension ClassLoader(扩展类加载器,加载 JDK 扩展目录的类),再往下是AppClassLoader(应用类加载器,加载我们自己写的类和第三 ..."
all_relations.csv,737,内存溢出,is_a,OutOfMemoryError,内存溢出,is_a,OutOfMemoryError,is_a,kept,,is_a,0.7108,,,"is_a: score=0.711, conf=0.680, support=1, cues=上下位","内存溢出:内存溢出是指Java虚拟机(JVM)在申请内存时,无法找到足够的内存,最终引发OutOfMemoryError"
all_relations.csv,738,初始化,is_a,JVM,初始化,is_a,JVM,is_a,kept,,is_a,0.7108,,,"is_a: score=0.711, conf=0.680, support=1, cues=上下位","但这里的“初始化”和下面的显式初始化阶段是有区别的,侧重点在于分配所需要的内存空间,不会去执行更进一步的 JVM 指令"
all_relations.csv,739,启动类加载器,is_a,Extension ClassLoader,启动类加载器,is_a,Extension ClassLoader,is_a,kept,,is_a,0.7108,,,"is_a: score=0.711, conf=0.680, support=1, cues=上下位","具体来说,Java 的类加载器有一套默认的层级结构:最顶层是Bootstrap ClassLoader(启动类加载器,负责加载 JDK 核心类,如java.lang.String),往下是Extension ClassLoader(扩展类加载器,加载 JDK 扩展目录的类),再往下是AppClassLoader(应用类加载器,加载我们自己写的类和第三 ..."
all_relations.csv,740,常量池,is_a,解析,常量池,is_a,解析,is_a,kept,,is_a,0.7108,,,"is_a: score=0.711, conf=0.680, support=1, cues=上下位","类加载检查:虚拟机遇到一条 new 指令时,首先将去检查这个指令的参数是否能在常量池中定位到一个类的符号引用,并且检查这个符号引用代表的类是否已被加载过、解析和初始化过"
all_relations.csv,741,标记-整理算法,is_a,G1,标记-整理算法,is_a,G1,has_part,relation_conflict_resolved,,has_part | is_a,0.7078,0.6832,0.0245,"has_part: score=0.708, conf=0.726, support=1, cues=枚举结构,!基于；is_a: score=0.683, conf=0.680, support=1, cues=上下位,!基于","G1(Garbage First)收集器 (标记-整理算法): Java堆并行收集器,G1收集器是JDK1.7提供的一个新收集器,G1收集器基于“标记-整理”算法实现,也就是说不会产生内存碎片"
all_relations.csv,742,程序计数器,used_for,线程,程序计数器,used_for,线程,is_a,relation_conflict_resolved,,is_a | has_part | used_for,0.7775,0.7301,0.0474,"is_a: score=0.777, conf=0.832, support=1, cues=上下位,!用于；has_part: score=0.730, conf=0.762, support=1, cues=枚举结构,!用于；used_for: score=0.717, conf=0.680, support=1, cues=用途,用于","程序计数器:可以看作是当前线程所执行的字节码的行号指示器,用于存储当前线程正在执行的 Java 方法的 JVM 指令地址"
all_relations.csv,743,类加载检查,is_a,常量池,类加载检查,is_a,常量池,is_a,kept,,is_a,0.7108,,,"is_a: score=0.711, conf=0.680, support=1, cues=上下位","类加载检查:虚拟机遇到一条 new 指令时,首先将去检查这个指令的参数是否能在常量池中定位到一个类的符号引用,并且检查这个符号引用代表的类是否已被加载过、解析和初始化过"
all_relations.csv,744,线程,is_a,数组,线程,is_a,数组,used_for,relation_conflict_resolved,,used_for | is_a,0.7045,0.6832,0.0213,"used_for: score=0.705, conf=0.660, support=1, cues=用途,用于；is_a: score=0.683, conf=0.680, support=1, cues=上下位,!用于","在JVM内存模型中,栈(Stack)主要用于管理线程的局部变量和方法调用的上下文,而堆(Heap)则是用于存储所有类的实例和数组"
all_relations.csv,745,首先是加载阶段,is_a,JVM,首先是加载阶段,is_a,JVM,is_a,kept,,is_a,0.7108,,,"is_a: score=0.711, conf=0.680, support=1, cues=上下位","首先是加载阶段(Loading),它是 Java 将字节码数据从不同的数据源读取到 JVM 中,并映射为 JVM 认可的数据结构(Class 对象),这里的数据源可能是各种各样的形态,如 jar 文件、class 文件,甚至是网络数据源等"
all_relations.csv,746,OutOfMemoryError,has_part,堆内存溢,OutOfMemoryError,has_part,堆内存溢,is_a,relation_conflict_resolved,,is_a | has_part,0.7530,0.7056,0.0474,"is_a: score=0.753, conf=0.748, support=1, cues=上下位；has_part: score=0.706, conf=0.678, support=1, cues=枚举结构","堆内存溢出:当出现Java.lang.OutOfMemoryError:Java heap space异常时,就是堆内存溢出了"
all_relations.csv,747,ThreadLocalMap,used_for,ThreadLocal,ThreadLocalMap,used_for,ThreadLocal,is_a,relation_conflict_resolved,,is_a | implemented_by | used_for,0.7927,0.7795,0.0132,"is_a: score=0.793, conf=0.812, support=1, cues=上下位；implemented_by: score=0.779, conf=0.768, support=1, cues=实现关系,实现；used_for: score=0.732, conf=0.678, support=1, cues=用途,用来,用作；low_margin=0.013","ThreadLocalMap使用ThreadLocal的弱引用作为key,如果一个ThreadLocal没有外部强引用来引用它,那么系统GC时,这个ThreadLocal势必会被回收,这样一来,ThreadLocalMap中就会出现key为null的Entry,就没有办法访问这些key为null的Entry的value"
all_relations.csv,748,运行时常量池,has_part,字面量,运行时常量池,has_part,字面量,used_for,relation_conflict_resolved,,used_for | is_a | has_part,0.7467,0.7254,0.0213,"used_for: score=0.747, conf=0.728, support=1, cues=用途,用于；is_a: score=0.725, conf=0.748, support=1, cues=上下位,!用于；has_part: score=0.694, conf=0.678, support=1, cues=枚举结构,一部分,!用于","运行时常量池:是方法区的一部分,用于存放编译期生成的各种字面量和符号引用,具有动态性,运行时也可将新的常量放入池中"
all_relations.csv,749,大对象,causes,Minor GC,大对象,causes,Minor GC,causes,kept,,causes,0.7346,,,"causes: score=0.735, conf=0.676, support=1, cues=因果,导致,触发","如果将大对象分配到新生代,可能会很快导致新生代空间不足,从而频繁触发 Minor GC"
all_relations.csv,750,启动类加载器,is_a,类加载,启动类加载器,is_a,类加载,is_a,kept,,is_a,0.7071,,,"is_a: score=0.707, conf=0.674, support=1, cues=上下位","启动类加载器(Bootstrap Class Loader):这是最顶层的类加载器,负责加载Java的核心库(如位于jre/lib/rt.jar中的类),它是用C++编写的,是JVM的一部分"
all_relations.csv,751,局部变量,used_for,数组,局部变量,used_for,数组,used_for,kept,,used_for | is_a,0.7132,0.6919,0.0213,"used_for: score=0.713, conf=0.674, support=1, cues=用途,用于；is_a: score=0.692, conf=0.694, support=1, cues=上下位,!用于","在JVM内存模型中,栈(Stack)主要用于管理线程的局部变量和方法调用的上下文,而堆(Heap)则是用于存储所有类的实例和数组"
all_relations.csv,752,本地方法栈,is_a,JVM,本地方法栈,is_a,JVM,is_a,kept,,is_a,0.5783,,,"is_a: score=0.578, conf=0.674, support=1, cues=!包含","根据 JDK 8 规范,JVM 运行时内存共分为虚拟机栈、堆、元空间、程序计数器、本地方法栈五个部分"
all_relations.csv,753,Humongous Objects,has_part,大对象,Humongous Objects,has_part,大对象,has_part,kept,,has_part,0.7019,,,"has_part: score=0.702, conf=0.672, support=1, cues=枚举结构","大对象区(Large Object Space / Humongous Objects):在某些JVM实现中(如G1垃圾收集器),为大对象分配了专门的区域,称为大对象区或Humongous Objects区域"
all_relations.csv,754,方法区,has_part,类信息,方法区,has_part,类信息,used_for,relation_conflict_resolved,,used_for | is_a | has_part,0.8099,0.7886,0.0213,"used_for: score=0.810, conf=0.830, support=1, cues=用途,用于；is_a: score=0.789, conf=0.850, support=1, cues=上下位,!用于；has_part: score=0.674, conf=0.672, support=1, cues=枚举结构,!用于",方法区(Method Area): 方法区是用于存储类信息、常量、静态变量等数据的区域
all_relations.csv,755,直接内存,has_part,NIO,直接内存,has_part,NIO,is_a,relation_conflict_resolved,,is_a | has_part,0.7815,0.7180,0.0635,"is_a: score=0.781, conf=0.742, support=1, cues=上下位,属于,是一种；has_part: score=0.718, conf=0.672, support=1, cues=枚举结构,一部分","直接内存:不属于 JVM 运行时数据区的一部分,通过 NIO 类引入,是一种堆外内存,可以显著提高 I/O 性能"
all_relations.csv,756,key,implemented_by,ThreadLocal,key,implemented_by,ThreadLocal,implemented_by,kept,,implemented_by | used_for,0.7187,0.7082,0.0105,"implemented_by: score=0.719, conf=0.670, support=1, cues=实现关系,实现；used_for: score=0.708, conf=0.640, support=1, cues=用途,用来,用作；low_margin=0.010","ThreadLocal的实现中,每个Thread维护一个ThreadLocalMap映射表,key是ThreadLocal实例本身,value是真正需要存储的Object"
all_relations.csv,757,元空间,has_part,方法区,元空间,has_part,方法区,has_part,kept,,has_part,0.7006,,,"has_part: score=0.701, conf=0.670, support=1, cues=枚举结构","方法区(元空间):在 JDK 1.8 及以后的版本中,方法区被元空间取代,使用本地内存"
all_relations.csv,758,大对象区,implemented_by,Humongous Objects,大对象区,implemented_by,Humongous Objects,implemented_by,kept,,implemented_by,0.7187,,,"implemented_by: score=0.719, conf=0.670, support=1, cues=实现关系,实现","大对象区(Large Object Space / Humongous Objects):在某些JVM实现中(如G1垃圾收集器),为大对象分配了专门的区域,称为大对象区或Humongous Objects区域"
all_relations.csv,759,常量池,has_part,符号引用,常量池,has_part,符号引用,has_part,kept,,has_part,0.7167,,,"has_part: score=0.717, conf=0.670, support=1, cues=枚举结构,包括","常量池:存储类和接口中的常量,包括字面值常量、符号引用,以及运行时常量池"
all_relations.csv,760,简化了加载流程,has_part,加载,简化了加载流程,has_part,加载,has_part,kept,,has_part,0.7006,,,"has_part: score=0.701, conf=0.670, support=1, cues=枚举结构","简化了加载流程:通过委派,大部分类能够被正确的类加载器加载,减少了每个加载器需要处理的类的数量,简化了类的加载过程,提高了加载效率"
all_relations.csv,761,key,used_for,gc,key,used_for,gc,used_for,kept,,used_for,0.7256,,,"used_for: score=0.726, conf=0.668, support=1, cues=用途,用来,用作","ThreadLocalMap使用ThreadLocal的弱引用作为key,如果一个ThreadLocal没有外部强引用来引用它,那么系统GC时,这个ThreadLocal势必会被回收,这样一来,ThreadLocalMap中就会出现key为null的Entry,就没有办法访问这些key为null的Entry的value"
all_relations.csv,762,方法区,is_a,GC Roots,方法区,is_a,GC Roots,is_a,kept,,is_a,0.5470,,,"is_a: score=0.547, conf=0.668, support=1, cues=!包含,!包括",GC Roots对象包括:虚拟机栈(栈帧中的本地变量表)中引用的对象、方法区中类静态属性引用的对象、本地方法栈中JNI(Java Native Interface)引用的对象、活跃线程的引用等
all_relations.csv,763,方法区,used_for,加载,方法区,used_for,加载,used_for,kept,,used_for,0.7095,,,"used_for: score=0.709, conf=0.668, support=1, cues=用途,用于",《深入理解Java虚拟机》书中对方法区(Method Area)存储内容描述如下:它用于存储已被虚拟机加载的类型信息、常量、静态变量、即时编译器编译后的代码缓存等
all_relations.csv,764,运行时常量池,is_a,常量池,运行时常量池,is_a,常量池,has_part,relation_conflict_resolved,,has_part | is_a,0.7502,0.5470,0.2032,"has_part: score=0.750, conf=0.750, support=1, cues=枚举结构；is_a: score=0.547, conf=0.668, support=1, cues=!包含,!包括","常量池:存储类和接口中的常量,包括字面值常量、符号引用,以及运行时常量池"
all_relations.csv,765,常量池缓存,has_part,使用,常量池缓存,has_part,使用,used_for,relation_conflict_resolved,,used_for | has_part,0.7393,0.6706,0.0687,"used_for: score=0.739, conf=0.716, support=1, cues=用途,用于；has_part: score=0.671, conf=0.666, support=1, cues=枚举结构,!用于","常量池缓存:用于提升类加载的效率,将常用的常量缓存起来方便使用"
all_relations.csv,766,JVM,used_for,局部变量表,JVM,used_for,局部变量表,used_for,kept,,used_for,0.7058,,,"used_for: score=0.706, conf=0.662, support=1, cues=用途,用于","栈帧创建:在调用一个方法前,JVM会在当前线程的Java虚拟机栈中为该方法分配一个新的栈帧,用于存储局部变量表、操作数栈、动态链接、方法出口等信息"
all_relations.csv,767,垃圾回收,is_a,内存泄漏,垃圾回收,is_a,内存泄漏,is_a,kept,,is_a,0.6997,,,"is_a: score=0.700, conf=0.662, support=1, cues=上下位","Java 的 GC(垃圾回收)简单说就是 「自动识别并回收不再使用的对象,释放内存空间」,避免内存泄漏"
all_relations.csv,768,线程,used_for,操作数栈,线程,used_for,操作数栈,used_for,kept,,used_for,0.7058,,,"used_for: score=0.706, conf=0.662, support=1, cues=用途,用于","栈帧创建:在调用一个方法前,JVM会在当前线程的Java虚拟机栈中为该方法分配一个新的栈帧,用于存储局部变量表、操作数栈、动态链接、方法出口等信息"
all_relations.csv,769,From Survivor,is_a,新生代,From Survivor,is_a,新生代,is_a,kept,,is_a,0.5696,,,"is_a: score=0.570, conf=0.660, support=1, cues=!包含","从内存回收角度,堆被划分为新生代和老年代,新生代又分为 Eden 区和两个 Survivor 区(From Survivor 和 To Survivor)"
all_relations.csv,770,JVM,used_for,动态链接,JVM,used_for,动态链接,used_for,kept,,used_for,0.7045,,,"used_for: score=0.705, conf=0.660, support=1, cues=用途,用于","栈帧创建:在调用一个方法前,JVM会在当前线程的Java虚拟机栈中为该方法分配一个新的栈帧,用于存储局部变量表、操作数栈、动态链接、方法出口等信息"
all_relations.csv,771,JVM,used_for,操作数栈,JVM,used_for,操作数栈,used_for,kept,,used_for,0.7045,,,"used_for: score=0.705, conf=0.660, support=1, cues=用途,用于","栈帧创建:在调用一个方法前,JVM会在当前线程的Java虚拟机栈中为该方法分配一个新的栈帧,用于存储局部变量表、操作数栈、动态链接、方法出口等信息"
all_relations.csv,772,Java 堆,used_for,对象实例,Java 堆,used_for,对象实例,used_for,kept,,used_for,0.7045,,,"used_for: score=0.705, conf=0.660, support=1, cues=用途,用于","Java 堆:是 JVM 中最大的一块内存区域,被所有线程共享,在虚拟机启动时创建,用于存放对象实例"
all_relations.csv,773,Java 堆,used_for,数组,Java 堆,used_for,数组,used_for,kept,,used_for,0.7045,,,"used_for: score=0.705, conf=0.660, support=1, cues=用途,用于","Java堆(Heap)是Java虚拟机(JVM)中内存管理的一个重要区域,主要用于存放对象实例和数组"
all_relations.csv,774,Java 虚拟机,used_for,加载,Java 虚拟机,used_for,加载,used_for,kept,,used_for,0.7045,,,"used_for: score=0.705, conf=0.660, support=1, cues=用途,用于",《深入理解Java虚拟机》书中对方法区(Method Area)存储内容描述如下:它用于存储已被虚拟机加载的类型信息、常量、静态变量、即时编译器编译后的代码缓存等
all_relations.csv,775,Java 虚拟机,used_for,常量,Java 虚拟机,used_for,常量,used_for,kept,,used_for,0.7045,,,"used_for: score=0.705, conf=0.660, support=1, cues=用途,用于",《深入理解Java虚拟机》书中对方法区(Method Area)存储内容描述如下:它用于存储已被虚拟机加载的类型信息、常量、静态变量、即时编译器编译后的代码缓存等
all_relations.csv,776,Java 虚拟机,used_for,类型信息,Java 虚拟机,used_for,类型信息,used_for,kept,,used_for,0.7045,,,"used_for: score=0.705, conf=0.660, support=1, cues=用途,用于",《深入理解Java虚拟机》书中对方法区(Method Area)存储内容描述如下:它用于存储已被虚拟机加载的类型信息、常量、静态变量、即时编译器编译后的代码缓存等
all_relations.csv,777,Java 虚拟机栈,used_for,方法出口,Java 虚拟机栈,used_for,方法出口,used_for,kept,,used_for,0.7045,,,"used_for: score=0.705, conf=0.660, support=1, cues=用途,用于","栈帧创建:在调用一个方法前,JVM会在当前线程的Java虚拟机栈中为该方法分配一个新的栈帧,用于存储局部变量表、操作数栈、动态链接、方法出口等信息"
all_relations.csv,778,Metaspace,used_for,类的元数据信息,Metaspace,used_for,类的元数据信息,used_for,kept,,used_for,0.7045,,,"used_for: score=0.705, conf=0.660, support=1, cues=用途,用于","元空间(Metaspace):从Java 8开始,永久代(Permanent Generation)被元空间取代,用于存储类的元数据信息,如类的结构信息(如字段、方法信息等)"
all_relations.csv,779,ThreadLocalMap,used_for,强引用,ThreadLocalMap,used_for,强引用,used_for,kept,,used_for,0.7206,,,"used_for: score=0.721, conf=0.660, support=1, cues=用途,用来,用作","ThreadLocalMap使用ThreadLocal的弱引用作为key,如果一个ThreadLocal没有外部强引用来引用它,那么系统GC时,这个ThreadLocal势必会被回收,这样一来,ThreadLocalMap中就会出现key为null的Entry,就没有办法访问这些key为null的Entry的value"
all_relations.csv,780,使用,used_for,强引用,使用,used_for,强引用,used_for,kept,,used_for,0.7206,,,"used_for: score=0.721, conf=0.660, support=1, cues=用途,用来,用作","ThreadLocalMap使用ThreadLocal的弱引用作为key,如果一个ThreadLocal没有外部强引用来引用它,那么系统GC时,这个ThreadLocal势必会被回收,这样一来,ThreadLocalMap中就会出现key为null的Entry,就没有办法访问这些key为null的Entry的value"
all_relations.csv,781,弱引用,used_for,ThreadLocal,弱引用,used_for,ThreadLocal,used_for,kept,,used_for,0.7206,,,"used_for: score=0.721, conf=0.660, support=1, cues=用途,用来,用作","ThreadLocalMap使用ThreadLocal的弱引用作为key,如果一个ThreadLocal没有外部强引用来引用它,那么系统GC时,这个ThreadLocal势必会被回收,这样一来,ThreadLocalMap中就会出现key为null的Entry,就没有办法访问这些key为null的Entry的value"
all_relations.csv,782,弱引用,used_for,gc,弱引用,used_for,gc,used_for,kept,,used_for,0.7206,,,"used_for: score=0.721, conf=0.660, support=1, cues=用途,用来,用作","ThreadLocalMap使用ThreadLocal的弱引用作为key,如果一个ThreadLocal没有外部强引用来引用它,那么系统GC时,这个ThreadLocal势必会被回收,这样一来,ThreadLocalMap中就会出现key为null的Entry,就没有办法访问这些key为null的Entry的value"
all_relations.csv,783,方法区,used_for,即时编译器编译后的代码缓存,方法区,used_for,即时编译器编译后的代码缓存,used_for,kept,,used_for,0.7045,,,"used_for: score=0.705, conf=0.660, support=1, cues=用途,用于",《深入理解Java虚拟机》书中对方法区(Method Area)存储内容描述如下:它用于存储已被虚拟机加载的类型信息、常量、静态变量、即时编译器编译后的代码缓存等
all_relations.csv,784,方法区,used_for,类型信息,方法区,used_for,类型信息,used_for,kept,,used_for,0.7045,,,"used_for: score=0.705, conf=0.660, support=1, cues=用途,用于",《深入理解Java虚拟机》书中对方法区(Method Area)存储内容描述如下:它用于存储已被虚拟机加载的类型信息、常量、静态变量、即时编译器编译后的代码缓存等
all_relations.csv,785,直接内存,is_a,堆外内存,直接内存,is_a,堆外内存,is_a,kept,,is_a,0.7306,,,"is_a: score=0.731, conf=0.660, support=1, cues=上下位,属于,是一种","直接内存:不属于 JVM 运行时数据区的一部分,通过 NIO 类引入,是一种堆外内存,可以显著提高 I/O 性能"
all_relations.csv,786,程序计数器,used_for,JVM,程序计数器,used_for,JVM,used_for,kept,,used_for | is_a,0.7045,0.6006,0.1039,"used_for: score=0.705, conf=0.660, support=1, cues=用途,用于；is_a: score=0.601, conf=0.710, support=1, cues=!包含","程序计数器:可以看作是当前线程所执行的字节码的行号指示器,用于存储当前线程正在执行的 Java 方法的 JVM 指令地址"
all_relations.csv,787,线程,used_for,JVM,线程,used_for,JVM,used_for,kept,,used_for,0.7045,,,"used_for: score=0.705, conf=0.660, support=1, cues=用途,用于","程序计数器:可以看作是当前线程所执行的字节码的行号指示器,用于存储当前线程正在执行的 Java 方法的 JVM 指令地址"
all_relations.csv,788,线程,used_for,动态链接,线程,used_for,动态链接,used_for,kept,,used_for,0.7045,,,"used_for: score=0.705, conf=0.660, support=1, cues=用途,用于","栈帧创建:在调用一个方法前,JVM会在当前线程的Java虚拟机栈中为该方法分配一个新的栈帧,用于存储局部变量表、操作数栈、动态链接、方法出口等信息"
all_relations.csv,789,线程,used_for,数组,线程,used_for,数组,used_for,kept,,used_for | is_a,0.7045,0.6832,0.0213,"used_for: score=0.705, conf=0.660, support=1, cues=用途,用于；is_a: score=0.683, conf=0.680, support=1, cues=上下位,!用于","在JVM内存模型中,栈(Stack)主要用于管理线程的局部变量和方法调用的上下文,而堆(Heap)则是用于存储所有类的实例和数组"
all_relations.csv,790,线程,used_for,方法出口,线程,used_for,方法出口,used_for,kept,,used_for,0.7045,,,"used_for: score=0.705, conf=0.660, support=1, cues=用途,用于","栈帧创建:在调用一个方法前,JVM会在当前线程的Java虚拟机栈中为该方法分配一个新的栈帧,用于存储局部变量表、操作数栈、动态链接、方法出口等信息"
all_relations.csv,791,线程,used_for,浮动垃圾,线程,used_for,浮动垃圾,used_for,kept,,used_for,0.7045,,,"used_for: score=0.705, conf=0.660, support=1, cues=用途,用于","CMS产生浮动垃圾过多时会退化为serial old,效率低,因为在上图的第四阶段,CMS清除垃圾时是并发清除的,这个时候,垃圾回收线程和用户线程同时工作会产生浮动垃圾,也就意味着CMS垃圾回收器必须预留一部分内存空间用于存放浮动垃圾"
all_relations.csv,792,运行时常量池,used_for,常量,运行时常量池,used_for,常量,used_for,kept,,used_for | is_a,0.7045,0.5879,0.1166,"used_for: score=0.705, conf=0.660, support=1, cues=用途,用于；is_a: score=0.588, conf=0.734, support=1, cues=!包含,!包括","运行时常量池:是方法区的一部分,用于存放编译期生成的各种字面量和符号引用,具有动态性,运行时也可将新的常量放入池中"
all_relations.csv,793,Major GC,is_a,gc,Major GC,is_a,gc,is_a,kept,,is_a,0.5672,,,"is_a: score=0.567, conf=0.656, support=1, cues=!包含","根据其作用范围和触发条件的不同,可以将GC分为三种类型:Minor GC(也称为Young GC)、Major GC(有时也称为Old GC)、以及Full GC"
all_relations.csv,794,批量处理任务,causes,堆溢出,批量处理任务,causes,堆溢出,causes,kept,,causes,0.7023,,,"causes: score=0.702, conf=0.650, support=1, cues=因果,导致","举个例子:曾遇到过一个批量处理任务,代码中把所有处理结果都存到了一个静态 List 里,导致对象越积越多,最终堆溢出"
all_relations.csv,795,树形结构遍历,causes,栈溢出,树形结构遍历,causes,栈溢出,causes,kept,,causes,0.7023,,,"causes: score=0.702, conf=0.650, support=1, cues=因果,导致","举个实际例子:曾遇到一个树形结构遍历的方法,因节点层级极深(超过 10 万层)且用递归实现,导致栈溢出"
all_relations.csv,796,重定位阶段,causes,指针,重定位阶段,causes,指针,causes,kept,,causes,0.7023,,,"causes: score=0.702, conf=0.650, support=1, cues=因果,导致","重定位阶段,因为转移导致对象的地址发生了变化,在重定位阶段,所有指向对象旧地址的指针都要调整到对象新的地址上"
all_relations.csv,797,GC Roots,has_part,方法区,GC Roots,has_part,方法区,has_part,kept,,has_part,0.7031,,,"has_part: score=0.703, conf=0.648, support=1, cues=整体部分,包括",GC Roots对象包括:虚拟机栈(栈帧中的本地变量表)中引用的对象、方法区中类静态属性引用的对象、本地方法栈中JNI(Java Native Interface)引用的对象、活跃线程的引用等
all_relations.csv,798,常量池,has_part,运行时常量池,常量池,has_part,运行时常量池,has_part,kept,,has_part,0.7031,,,"has_part: score=0.703, conf=0.648, support=1, cues=整体部分,包括","常量池:存储类和接口中的常量,包括字面值常量、符号引用,以及运行时常量池"
all_relations.csv,799,初始化零值,has_part,初始化,初始化零值,has_part,初始化,has_part,kept,,has_part,0.7019,,,"has_part: score=0.702, conf=0.646, support=1, cues=枚举结构,包括","初始化零值:内存分配完成后,虚拟机需要将分配到的内存空间都初始化为零值(不包括对象头),这一步操作保证了对象的实例字段在 Java 代码中可以不赋初始值就直接使用,程序能访问到这些字段的数据类型所对应的零值"
all_relations.csv,800,ThreadLocal,used_for,ThreadLocalMap,ThreadLocal,used_for,ThreadLocalMap,used_for,kept,,used_for,0.7082,,,"used_for: score=0.708, conf=0.640, support=1, cues=用途,用来,用作","ThreadLocalMap使用ThreadLocal的弱引用作为key,如果一个ThreadLocal没有外部强引用来引用它,那么系统GC时,这个ThreadLocal势必会被回收,这样一来,ThreadLocalMap中就会出现key为null的Entry,就没有办法访问这些key为null的Entry的value"
all_relations.csv,801,key,used_for,ThreadLocal,key,used_for,ThreadLocal,implemented_by,relation_conflict_resolved,,implemented_by | used_for,0.7187,0.7082,0.0105,"implemented_by: score=0.719, conf=0.670, support=1, cues=实现关系,实现；used_for: score=0.708, conf=0.640, support=1, cues=用途,用来,用作；low_margin=0.010","ThreadLocalMap使用ThreadLocal的弱引用作为key,如果一个ThreadLocal没有外部强引用来引用它,那么系统GC时,这个ThreadLocal势必会被回收,这样一来,ThreadLocalMap中就会出现key为null的Entry,就没有办法访问这些key为null的Entry的value"
all_relations.csv,802,栈帧创建,used_for,局部变量表,栈帧创建,used_for,局部变量表,used_for,kept,,used_for,0.6921,,,"used_for: score=0.692, conf=0.640, support=1, cues=用途,用于","栈帧创建:在调用一个方法前,JVM会在当前线程的Java虚拟机栈中为该方法分配一个新的栈帧,用于存储局部变量表、操作数栈、动态链接、方法出口等信息"
all_relations.csv,803,线程,used_for,指令地址,线程,used_for,指令地址,used_for,kept,,used_for,0.6921,,,"used_for: score=0.692, conf=0.640, support=1, cues=用途,用于","程序计数器:可以看作是当前线程所执行的字节码的行号指示器,用于存储当前线程正在执行的 Java 方法的 JVM 指令地址"
all_relations.csv,804,From Survivor,is_a,老年代,From Survivor,is_a,老年代,is_a,kept,,is_a,0.5548,,,"is_a: score=0.555, conf=0.636, support=1, cues=!包含","从内存回收角度,堆被划分为新生代和老年代,新生代又分为 Eden 区和两个 Survivor 区(From Survivor 和 To Survivor)"
all_relations.csv,805,初始化,is_a,类初始化,初始化,is_a,类初始化,is_a,kept,,is_a,0.5272,,,"is_a: score=0.527, conf=0.636, support=1, cues=!包含,!包括","最后是初始化阶段(initialization),这一步真正去执行类初始化的代码逻辑,包括静态字段赋值的动作,以及执行类定义中的静态初始化块内的逻辑,编译器在编译阶段就会把这部分逻辑整理好,父类型的初始化逻辑优先于当前类型的逻辑"
all_relations.csv,806,对象头,is_a,初始化零值,对象头,is_a,初始化零值,has_part,relation_conflict_resolved,,has_part | is_a,0.7837,0.5234,0.2603,"has_part: score=0.784, conf=0.804, support=1, cues=枚举结构；is_a: score=0.523, conf=0.630, support=1, cues=!包含,!包括","初始化零值:内存分配完成后,虚拟机需要将分配到的内存空间都初始化为零值(不包括对象头),这一步操作保证了对象的实例字段在 Java 代码中可以不赋初始值就直接使用,程序能访问到这些字段的数据类型所对应的零值"
all_relations.csv,807,本地方法栈,is_a,GC Roots,本地方法栈,is_a,GC Roots,is_a,kept,,is_a,0.5234,,,"is_a: score=0.523, conf=0.630, support=1, cues=!包含,!包括",GC Roots对象包括:虚拟机栈(栈帧中的本地变量表)中引用的对象、方法区中类静态属性引用的对象、本地方法栈中JNI(Java Native Interface)引用的对象、活跃线程的引用等
all_relations.csv,808,类初始化,has_part,初始化,类初始化,has_part,初始化,has_part,kept,,has_part,0.6833,,,"has_part: score=0.683, conf=0.616, support=1, cues=整体部分,包括","最后是初始化阶段(initialization),这一步真正去执行类初始化的代码逻辑,包括静态字段赋值的动作,以及执行类定义中的静态初始化块内的逻辑,编译器在编译阶段就会把这部分逻辑整理好,父类型的初始化逻辑优先于当前类型的逻辑"
all_relations.csv,809,GC Roots,has_part,本地方法栈,GC Roots,has_part,本地方法栈,has_part,kept,,has_part,0.6795,,,"has_part: score=0.680, conf=0.610, support=1, cues=整体部分,包括",GC Roots对象包括:虚拟机栈(栈帧中的本地变量表)中引用的对象、方法区中类静态属性引用的对象、本地方法栈中JNI(Java Native Interface)引用的对象、活跃线程的引用等
all_relations.csv,810,To Survivor,is_a,新生代,To Survivor,is_a,新生代,is_a,kept,,is_a,0.5386,,,"is_a: score=0.539, conf=0.610, support=1, cues=!包含","从内存回收角度,堆被划分为新生代和老年代,新生代又分为 Eden 区和两个 Survivor 区(From Survivor 和 To Survivor)"
all_relations.csv,811,To Survivor,is_a,老年代,To Survivor,is_a,老年代,is_a,kept,,is_a,0.5386,,,"is_a: score=0.539, conf=0.610, support=1, cues=!包含","从内存回收角度,堆被划分为新生代和老年代,新生代又分为 Eden 区和两个 Survivor 区(From Survivor 和 To Survivor)"
all_relations.csv,812,使用,is_a,初始化,使用,is_a,初始化,is_a,kept,,is_a,0.5110,,,"is_a: score=0.511, conf=0.610, support=1, cues=!包含,!包括","初始化零值:内存分配完成后,虚拟机需要将分配到的内存空间都初始化为零值(不包括对象头),这一步操作保证了对象的实例字段在 Java 代码中可以不赋初始值就直接使用,程序能访问到这些字段的数据类型所对应的零值"
all_relations.csv,813,初始化零值,has_part,对象头,初始化零值,has_part,对象头,has_part,kept,,has_part,0.6795,,,"has_part: score=0.680, conf=0.610, support=1, cues=整体部分,包括","初始化零值:内存分配完成后,虚拟机需要将分配到的内存空间都初始化为零值(不包括对象头),这一步操作保证了对象的实例字段在 Java 代码中可以不赋初始值就直接使用,程序能访问到这些字段的数据类型所对应的零值"
all_relations.csv,814,加载,is_a,验证,加载,is_a,验证,is_a,kept,,is_a,0.5386,,,"is_a: score=0.539, conf=0.610, support=1, cues=!包含","验证:确保class文件中的字节流包含的信息,符合当前虚拟机的要求,保证这个被加载的class类的正确性,不会危害到虚拟机的安全"
all_relations.csv,815,初始化,has_part,使用,初始化,has_part,使用,has_part,kept,,has_part,0.6671,,,"has_part: score=0.667, conf=0.590, support=1, cues=整体部分,包括","初始化零值:内存分配完成后,虚拟机需要将分配到的内存空间都初始化为零值(不包括对象头),这一步操作保证了对象的实例字段在 Java 代码中可以不赋初始值就直接使用,程序能访问到这些字段的数据类型所对应的零值"
all_relations.csv,816,验证,has_part,加载,验证,has_part,加载,has_part,kept,,has_part,0.6671,,,"has_part: score=0.667, conf=0.590, support=1, cues=整体部分,包含","验证:确保class文件中的字节流包含的信息,符合当前虚拟机的要求,保证这个被加载的class类的正确性,不会危害到虚拟机的安全"
all_relations.csv,817,逻辑备份,has_part,mysqldump,逻辑备份,has_part,mysqldump,has_part,kept,,has_part,0.7837,,,"has_part: score=0.784, conf=0.804, support=1, cues=枚举结构","- 逻辑备份:mysqldump工具导出SQL语句,适合小数据量"
all_relations.csv,818,Durability,has_part,事务,Durability,has_part,事务,has_part,kept,,has_part,0.7800,,,"has_part: score=0.780, conf=0.798, support=1, cues=枚举结构","- 持久性(Durability):事务提交后,数据永久保存到数据库,不可回滚"
all_relations.csv,819,幻读,has_part,事务,幻读,has_part,事务,has_part,kept,,has_part,0.7487,,,"has_part: score=0.749, conf=0.792, support=1, cues=枚举结构,!导致","- 幻读:一个事务批量操作数据时,另一个事务插入新数据,导致出现未处理的新数据"
all_relations.csv,820,从库,has_part,IO线程,从库,has_part,IO线程,has_part,kept,,has_part,0.7713,,,"has_part: score=0.771, conf=0.784, support=1, cues=枚举结构","- 从库:IO线程读取主库binlog,写入relay log"
all_relations.csv,821,主库,has_part,binlog,主库,has_part,binlog,has_part,kept,,has_part,0.7639,,,"has_part: score=0.764, conf=0.772, support=1, cues=枚举结构","- 主库:开启binlog二进制日志,记录所有数据修改操作"
all_relations.csv,822,READ COMMITTED,has_part,脏读,READ COMMITTED,has_part,脏读,has_part,kept,,has_part,0.7602,,,"has_part: score=0.760, conf=0.766, support=1, cues=枚举结构","- 读已提交(READ COMMITTED):解决脏读,会出现不可重复读、幻读(Oracle默认级别)"
all_relations.csv,823,REPEATABLE READ,has_part,脏读,REPEATABLE READ,has_part,脏读,has_part,kept,,has_part,0.7602,,,"has_part: score=0.760, conf=0.766, support=1, cues=枚举结构","- 可重复读(REPEATABLE READ):解决脏读、不可重复读,部分解决幻读(MySQL默认级别)"
all_relations.csv,824,REPEATABLE READ,has_part,不可重复读,REPEATABLE READ,has_part,不可重复读,has_part,kept,,has_part,0.7490,,,"has_part: score=0.749, conf=0.748, support=1, cues=枚举结构","- 可重复读(REPEATABLE READ):解决脏读、不可重复读,部分解决幻读(MySQL默认级别)"
all_relations.csv,825,从库,has_part,主库,从库,has_part,主库,has_part,kept,,has_part,0.7490,,,"has_part: score=0.749, conf=0.748, support=1, cues=枚举结构","- 从库:IO线程读取主库binlog,写入relay log"
all_relations.csv,826,主库,has_part,二进制日志,主库,has_part,二进制日志,has_part,kept,,has_part,0.7416,,,"has_part: score=0.742, conf=0.736, support=1, cues=枚举结构","- 主库:开启binlog二进制日志,记录所有数据修改操作"
all_relations.csv,827,从库,has_part,binlog,从库,has_part,binlog,has_part,kept,,has_part,0.7416,,,"has_part: score=0.742, conf=0.736, support=1, cues=枚举结构","- 从库:IO线程读取主库binlog,写入relay log"
all_relations.csv,828,READ COMMITTED,has_part,不可重复读,READ COMMITTED,has_part,不可重复读,has_part,kept,,has_part,0.7378,,,"has_part: score=0.738, conf=0.730, support=1, cues=枚举结构","- 读已提交(READ COMMITTED):解决脏读,会出现不可重复读、幻读(Oracle默认级别)"
all_relations.csv,829,READ UNCOMMITTED,has_part,脏读,READ UNCOMMITTED,has_part,脏读,has_part,kept,,has_part,0.7378,,,"has_part: score=0.738, conf=0.730, support=1, cues=枚举结构","- 读未提交(READ UNCOMMITTED):最低级别,会出现脏读、不可重复读、幻读"
all_relations.csv,830,逻辑备份,has_part,SQL,逻辑备份,has_part,SQL,has_part,kept,,has_part,0.7354,,,"has_part: score=0.735, conf=0.726, support=1, cues=枚举结构","- 逻辑备份:mysqldump工具导出SQL语句,适合小数据量"
all_relations.csv,831,Durability,has_part,数据库,Durability,has_part,数据库,has_part,kept,,has_part,0.7316,,,"has_part: score=0.732, conf=0.720, support=1, cues=枚举结构","- 持久性(Durability):事务提交后,数据永久保存到数据库,不可回滚"
all_relations.csv,832,READ UNCOMMITTED,has_part,不可重复读,READ UNCOMMITTED,has_part,不可重复读,has_part,kept,,has_part,0.7267,,,"has_part: score=0.727, conf=0.712, support=1, cues=枚举结构","- 读未提交(READ UNCOMMITTED):最低级别,会出现脏读、不可重复读、幻读"
all_relations.csv,833,READ COMMITTED,has_part,幻读,READ COMMITTED,has_part,幻读,has_part,kept,,has_part,0.7155,,,"has_part: score=0.716, conf=0.694, support=1, cues=枚举结构","- 读已提交(READ COMMITTED):解决脏读,会出现不可重复读、幻读(Oracle默认级别)"
all_relations.csv,834,REPEATABLE READ,has_part,MySQL,REPEATABLE READ,has_part,MySQL,has_part,kept,,has_part,0.7130,,,"has_part: score=0.713, conf=0.690, support=1, cues=枚举结构","- 可重复读(REPEATABLE READ):解决脏读、不可重复读,部分解决幻读(MySQL默认级别)"
all_relations.csv,835,REPEATABLE READ,has_part,幻读,REPEATABLE READ,has_part,幻读,has_part,kept,,has_part,0.7118,,,"has_part: score=0.712, conf=0.688, support=1, cues=枚举结构","- 可重复读(REPEATABLE READ):解决脏读、不可重复读,部分解决幻读(MySQL默认级别)"
all_relations.csv,836,从库,has_part,relay log,从库,has_part,relay log,has_part,kept,,has_part,0.7081,,,"has_part: score=0.708, conf=0.682, support=1, cues=枚举结构","- 从库:IO线程读取主库binlog,写入relay log"
all_relations.csv,837,READ UNCOMMITTED,has_part,幻读,READ UNCOMMITTED,has_part,幻读,has_part,kept,,has_part,0.7044,,,"has_part: score=0.704, conf=0.676, support=1, cues=枚举结构","- 读未提交(READ UNCOMMITTED):最低级别,会出现脏读、不可重复读、幻读"
all_relations.csv,838,处理器,alias_of,用户态,处理器,alias_of,用户态,alias_of,kept,,alias_of,0.8848,,,"alias_of: score=0.885, conf=0.946, support=1, cues=别名","操作系统运行离不开两种处理器状态,即用户态和内核态"
all_relations.csv,839,进程,alias_of,Thrashing,Thrashing,alias_of,进程,alias_of,canonicalized,symmetric_relation_order,alias_of,0.8258,,,"alias_of: score=0.826, conf=0.940, support=1, cues=别名,!用于,!导致","课程中还会讨论抖动(Thrashing)现象,即进程频繁换页导致系统大部分时间都用于页面调度而非真正计算,这反映出内存管理与系统性能之间的紧密联系"
all_relations.csv,840,内存,alias_of,页面置换算法,内存,alias_of,页面置换算法,alias_of,kept,,alias_of,0.8761,,,"alias_of: score=0.876, conf=0.932, support=1, cues=别名","与虚拟内存密切相关的是页面置换算法,即当内存已满而仍需调入新页面时,系统应选择哪个旧页面换出"
all_relations.csv,841,处理器,alias_of,内核态,内核态,alias_of,处理器,alias_of,canonicalized,symmetric_relation_order,alias_of,0.8699,,,"alias_of: score=0.870, conf=0.922, support=1, cues=别名","操作系统运行离不开两种处理器状态,即用户态和内核态"
all_relations.csv,842,用户态,alias_of,操作系统,操作系统,alias_of,用户态,alias_of,canonicalized,symmetric_relation_order,alias_of,0.8476,,,"alias_of: score=0.848, conf=0.886, support=1, cues=别名","操作系统运行离不开两种处理器状态,即用户态和内核态"
all_relations.csv,843,内存,alias_of,虚拟内存,内存,alias_of,虚拟内存,alias_of,kept,,alias_of,0.8438,,,"alias_of: score=0.844, conf=0.880, support=1, cues=别名","与虚拟内存密切相关的是页面置换算法,即当内存已满而仍需调入新页面时,系统应选择哪个旧页面换出"
all_relations.csv,844,进程,alias_of,课程中还会讨论抖动,课程中还会讨论抖动,alias_of,进程,alias_of,canonicalized,symmetric_relation_order,alias_of,0.7886,,,"alias_of: score=0.789, conf=0.880, support=1, cues=别名,!用于,!导致","课程中还会讨论抖动(Thrashing)现象,即进程频繁换页导致系统大部分时间都用于页面调度而非真正计算,这反映出内存管理与系统性能之间的紧密联系"
all_relations.csv,845,Process,is_a,操作系统,Process,is_a,操作系统,is_a,kept,,is_a,0.8274,,,"is_a: score=0.827, conf=0.868, support=1, cues=上下位",进程(Process)是操作系统课程中最重要的概念之一
all_relations.csv,846,Virtual Memory,is_a,操作系统,Virtual Memory,is_a,操作系统,is_a,kept,,is_a,0.8274,,,"is_a: score=0.827, conf=0.868, support=1, cues=上下位","虚拟内存(Virtual Memory)是操作系统的一项重要技术,它使程序不必全部装入内存即可运行"
all_relations.csv,847,并发,implemented_by,进程与线程,并发,implemented_by,进程与线程,implemented_by,kept,,implemented_by,0.8403,,,"implemented_by: score=0.840, conf=0.866, support=1, cues=实现关系,实现","它通过进程与线程机制实现并发执行,通过调度算法提高处理器利用率,通过同步与互斥保证共享资源访问正确,通过内存管理和虚拟内存扩展系统能力,通过文件系统组织长期数据,通过设备管理协调各种外设工作,并通过权限控制和安全机制维护系统稳定"
all_relations.csv,848,内存,is_a,操作系统,内存,is_a,操作系统,is_a,kept,,is_a,0.8237,,,"is_a: score=0.824, conf=0.862, support=1, cues=上下位",内存管理是操作系统中技术性很强的一部分
all_relations.csv,849,驱动程序,is_a,操作系统,驱动程序,is_a,操作系统,is_a,kept,,is_a,0.8237,,,"is_a: score=0.824, conf=0.862, support=1, cues=上下位","驱动程序是连接操作系统与具体硬件的桥梁,它把操作系统的通用 I/O 请求转换为特定设备可识别的控制命令"
all_relations.csv,850,操作系统,depends_on,中断,操作系统,depends_on,中断,depends_on,kept,,depends_on,0.8132,,,"depends_on: score=0.813, conf=0.858, support=1, cues=依赖","同时,操作系统依赖中断和异常机制响应外部设备和内部错误"
all_relations.csv,851,Thread,is_a,进程,Thread,is_a,进程,is_a,kept,,is_a,0.8200,,,"is_a: score=0.820, conf=0.856, support=1, cues=上下位","线程(Thread)则是比进程更轻量的执行单位,通常被称为 CPU 调度的基本单位"
all_relations.csv,852,进程同步,is_a,操作系统,进程同步,is_a,操作系统,is_a,kept,,is_a,0.8200,,,"is_a: score=0.820, conf=0.856, support=1, cues=上下位","因此,进程同步与互斥是操作系统课程中的重点与难点"
all_relations.csv,853,并发,implemented_by,操作系统,并发,implemented_by,操作系统,implemented_by,kept,,implemented_by,0.8328,,,"implemented_by: score=0.833, conf=0.854, support=1, cues=实现关系,实现",调度是操作系统实现“多任务并发”的核心机制
all_relations.csv,854,Deadlock,is_a,进程,Deadlock,is_a,进程,is_a,kept,,is_a,0.8162,,,"is_a: score=0.816, conf=0.850, support=1, cues=上下位","死锁(Deadlock)是指多个进程因争夺资源而形成相互等待,从而都无法继续执行的状态"
all_relations.csv,855,OS,is_a,计算机系统,OS,is_a,计算机系统,is_a,kept,,is_a,0.8150,,,"is_a: score=0.815, conf=0.848, support=1, cues=上下位","操作系统(Operating System,简称 OS)是计算机系统中最核心的系统软件之一,它位于硬件与应用程序之间,承担资源管理、任务调度、服务提供和用户接口等重要职责"
all_relations.csv,856,macOS,is_a,计算机系统,macOS,is_a,计算机系统,is_a,kept,,is_a,0.8125,,,"is_a: score=0.813, conf=0.844, support=1, cues=上下位","从课程学习的角度来看,操作系统并不是单纯介绍某一个具体系统,如 Windows、Linux 或 macOS,而是研究“计算机系统如何高效、安全、可靠地运行”的一般规律"
all_relations.csv,857,虚拟内存,is_a,页面置换算法,虚拟内存,is_a,页面置换算法,is_a,kept,,is_a,0.8125,,,"is_a: score=0.813, conf=0.844, support=1, cues=上下位","与虚拟内存密切相关的是页面置换算法,即当内存已满而仍需调入新页面时,系统应选择哪个旧页面换出"
all_relations.csv,858,内核态,alias_of,操作系统,内核态,alias_of,操作系统,alias_of,kept,,alias_of,0.8203,,,"alias_of: score=0.820, conf=0.842, support=1, cues=别名","操作系统运行离不开两种处理器状态,即用户态和内核态"
all_relations.csv,859,系统调用,is_a,内核态,系统调用,is_a,内核态,is_a,kept,,is_a,0.8038,,,"is_a: score=0.804, conf=0.830, support=1, cues=上下位","系统调用是用户态与内核态交互的主要桥梁,也是课程中的关键知识点"
all_relations.csv,860,页面置换算法,implemented_by,简单 Shell,页面置换算法,implemented_by,简单 Shell,implemented_by,kept,,implemented_by,0.8179,,,"implemented_by: score=0.818, conf=0.830, support=1, cues=实现关系,实现","通过编写简单 Shell、模拟进程调度、实现页面置换算法、观察 Linux 进程与线程、分析文件系统命令输出等方式,能够把理论知识与真实系统联系起来"
all_relations.csv,861,文件系统,is_a,操作系统,文件系统,is_a,操作系统,is_a,kept,,is_a,0.8014,,,"is_a: score=0.801, conf=0.826, support=1, cues=上下位",文件系统是用户感知最直接的操作系统功能之一
all_relations.csv,862,权限,is_a,稳定性,权限,is_a,稳定性,is_a,kept,,is_a,0.8014,,,"is_a: score=0.801, conf=0.826, support=1, cues=上下位",这种权限分离机制是保障系统稳定性和安全性的基础
all_relations.csv,863,内存,implemented_by,死锁,内存,implemented_by,死锁,implemented_by,kept,,implemented_by,0.8142,,,"implemented_by: score=0.814, conf=0.824, support=1, cues=实现关系,实现","它既关注理论问题,例如进程同步为何会产生死锁,也关注工程实现,例如内存如何分页、磁盘如何调度"
all_relations.csv,864,安全性判断,is_a,银行家算法,安全性判断,is_a,银行家算法,is_a,kept,,is_a,0.8001,,,"is_a: score=0.800, conf=0.824, support=1, cues=上下位","避免则是在分配资源前进行安全性判断,典型方法是银行家算法(Banker’s Algorithm)"
all_relations.csv,865,并发能力,used_for,图形界面程序,并发能力,used_for,图形界面程序,used_for,kept,,used_for,0.8223,,,"used_for: score=0.822, conf=0.824, support=1, cues=用途,用于,适用于","多线程机制有助于提升程序并发能力,尤其适用于图形界面程序、服务器程序和并行计算任务"
all_relations.csv,866,CPU,is_a,操作系统,CPU,is_a,操作系统,is_a,kept,,is_a,0.7976,,,"is_a: score=0.798, conf=0.820, support=1, cues=上下位","由于 CPU 是极其宝贵的资源,操作系统必须决定“谁先运行、运行多久、何时切换”"
all_relations.csv,867,内核,is_a,进程调度,内核,is_a,进程调度,is_a,kept,,is_a,0.7976,,,"is_a: score=0.798, conf=0.820, support=1, cues=上下位","内核是最核心的部分,负责进程调度、内存管理、中断处理、设备控制等关键操作"
all_relations.csv,868,进程,is_a,操作系统,进程,is_a,操作系统,is_a,kept,,is_a,0.7976,,,"is_a: score=0.798, conf=0.820, support=1, cues=上下位",进程(Process)是操作系统课程中最重要的概念之一
all_relations.csv,869,调度,is_a,并发,调度,is_a,并发,is_a,kept,,is_a,0.7939,,,"is_a: score=0.794, conf=0.814, support=1, cues=上下位",调度是操作系统实现“多任务并发”的核心机制
all_relations.csv,870,Operating System,is_a,计算机系统,Operating System,is_a,计算机系统,is_a,kept,,is_a,0.7927,,,"is_a: score=0.793, conf=0.812, support=1, cues=上下位","操作系统(Operating System,简称 OS)是计算机系统中最核心的系统软件之一,它位于硬件与应用程序之间,承担资源管理、任务调度、服务提供和用户接口等重要职责"
all_relations.csv,871,处理器管理,is_a,CPU,处理器管理,is_a,CPU,is_a,kept,,is_a,0.7927,,,"is_a: score=0.793, conf=0.812, support=1, cues=上下位",处理器管理的核心任务是让 CPU 合理地服务多个程序
all_relations.csv,872,绝对路径,is_a,文件,绝对路径,is_a,文件,is_a,kept,,is_a,0.6363,,,"is_a: score=0.636, conf=0.812, support=1, cues=!用于,!包含","路径名则用于唯一定位文件,分为绝对路径和相对路径"
all_relations.csv,873,互斥,is_a,进程,互斥,is_a,进程,is_a,kept,,is_a,0.7902,,,"is_a: score=0.790, conf=0.808, support=1, cues=上下位",互斥是指在某一时刻只允许一个进程进入临界区访问共享资源
all_relations.csv,874,多道程序设计,is_a,内存,多道程序设计,is_a,内存,is_a,kept,,is_a,0.7902,,,"is_a: score=0.790, conf=0.808, support=1, cues=上下位","所谓多道程序设计,是指将多个程序同时装入内存,在一个程序因输入输出操作而等待时,CPU 可以切换去执行其他程序,从而减少处理器空闲时间,提高系统吞吐量"
all_relations.csv,875,操作系统,is_a,抽象,操作系统,is_a,抽象,is_a,kept,,is_a,0.8063,,,"is_a: score=0.806, conf=0.808, support=1, cues=上下位,是一个","而对于程序员和系统设计者而言,操作系统则是一个复杂的资源控制与抽象平台,它屏蔽了底层硬件的细节,为上层软件提供统一、规范、稳定的运行接口"
all_relations.csv,876,先来先服务,is_a,调度,先来先服务,is_a,调度,is_a,kept,,is_a,0.6326,,,"is_a: score=0.633, conf=0.806, support=1, cues=!包含,!包括","常见的调度算法包括先来先服务(First Come First Served,FCFS)、短作业优先(Shortest Job First,SJF)、时间片轮转(Round Robin,RR)、优先级调度和多级反馈队列(Multilevel Feedback Queue)等"
all_relations.csv,877,操作系统,is_a,计算机系统,操作系统,is_a,计算机系统,is_a,kept,,is_a,0.7890,,,"is_a: score=0.789, conf=0.806, support=1, cues=上下位","总体而言,操作系统课程研究的是如何让计算机系统在多任务、多用户、多资源约束下高效、有序、安全地运行"
all_relations.csv,878,操作系统,depends_on,外部设备,操作系统,depends_on,外部设备,depends_on,kept,,depends_on,0.7797,,,"depends_on: score=0.780, conf=0.804, support=1, cues=依赖","同时,操作系统依赖中断和异常机制响应外部设备和内部错误"
all_relations.csv,879,权限,is_a,安全性,权限,is_a,安全性,is_a,kept,,is_a,0.7865,,,"is_a: score=0.786, conf=0.802, support=1, cues=上下位",这种权限分离机制是保障系统稳定性和安全性的基础
all_relations.csv,880,分页,implemented_by,死锁,分页,implemented_by,死锁,implemented_by,kept,,implemented_by,0.7993,,,"implemented_by: score=0.799, conf=0.800, support=1, cues=实现关系,实现","它既关注理论问题,例如进程同步为何会产生死锁,也关注工程实现,例如内存如何分页、磁盘如何调度"
all_relations.csv,881,路径名,used_for,文件,路径名,used_for,文件,used_for,kept,,used_for,0.7901,,,"used_for: score=0.790, conf=0.798, support=1, cues=用途,用于","路径名则用于唯一定位文件,分为绝对路径和相对路径"
all_relations.csv,882,Linux,is_a,计算机系统,Linux,is_a,计算机系统,is_a,kept,,is_a,0.7828,,,"is_a: score=0.783, conf=0.796, support=1, cues=上下位","从课程学习的角度来看,操作系统并不是单纯介绍某一个具体系统,如 Windows、Linux 或 macOS,而是研究“计算机系统如何高效、安全、可靠地运行”的一般规律"
all_relations.csv,883,死锁,is_a,进程,死锁,is_a,进程,is_a,kept,,is_a,0.7828,,,"is_a: score=0.783, conf=0.796, support=1, cues=上下位","死锁(Deadlock)是指多个进程因争夺资源而形成相互等待,从而都无法继续执行的状态"
all_relations.csv,884,线程,is_a,进程,线程,is_a,进程,is_a,kept,,is_a,0.7815,,,"is_a: score=0.782, conf=0.794, support=1, cues=上下位","线程(Thread)则是比进程更轻量的执行单位,通常被称为 CPU 调度的基本单位"
all_relations.csv,885,Linux 进程与线程,implemented_by,模拟进程调度,Linux 进程与线程,implemented_by,模拟进程调度,implemented_by,kept,,implemented_by,0.7944,,,"implemented_by: score=0.794, conf=0.792, support=1, cues=实现关系,实现","通过编写简单 Shell、模拟进程调度、实现页面置换算法、观察 Linux 进程与线程、分析文件系统命令输出等方式,能够把理论知识与真实系统联系起来"
all_relations.csv,886,内核,is_a,内存,内核,is_a,内存,is_a,kept,,is_a,0.7790,,,"is_a: score=0.779, conf=0.790, support=1, cues=上下位","内核是最核心的部分,负责进程调度、内存管理、中断处理、设备控制等关键操作"
all_relations.csv,887,虚拟内存,is_a,内存,虚拟内存,is_a,内存,is_a,kept,,is_a,0.7790,,,"is_a: score=0.779, conf=0.790, support=1, cues=上下位","与虚拟内存密切相关的是页面置换算法,即当内存已满而仍需调入新页面时,系统应选择哪个旧页面换出"
all_relations.csv,888,OS,is_a,系统软件,OS,is_a,系统软件,is_a,kept,,is_a,0.7778,,,"is_a: score=0.778, conf=0.788, support=1, cues=上下位","操作系统(Operating System,简称 OS)是计算机系统中最核心的系统软件之一,它位于硬件与应用程序之间,承担资源管理、任务调度、服务提供和用户接口等重要职责"
all_relations.csv,889,分页,is_a,非连续分配,分页,is_a,非连续分配,is_a,kept,,is_a,0.6214,,,"is_a: score=0.621, conf=0.788, support=1, cues=!包含,!包括","为了提升内存利用率并简化分配管理,现代操作系统普遍采用非连续分配技术,主要包括分页(Paging)和分段(Segmentation)"
all_relations.csv,890,安全性判断,is_a,Banker’s Algorithm,安全性判断,is_a,Banker’s Algorithm,is_a,kept,,is_a,0.7778,,,"is_a: score=0.778, conf=0.788, support=1, cues=上下位","避免则是在分配资源前进行安全性判断,典型方法是银行家算法(Banker’s Algorithm)"
all_relations.csv,891,路径名,used_for,绝对路径,路径名,used_for,绝对路径,used_for,kept,,used_for,0.7839,,,"used_for: score=0.784, conf=0.788, support=1, cues=用途,用于","路径名则用于唯一定位文件,分为绝对路径和相对路径"
all_relations.csv,892,单级目录,is_a,目录,单级目录,is_a,目录,is_a,kept,,is_a,0.6202,,,"is_a: score=0.620, conf=0.786, support=1, cues=!包含,!包括","操作系统通过目录结构组织大量文件,常见的目录结构包括单级目录、两级目录和树形目录"
all_relations.csv,893,调度,has_part,先来先服务,调度,has_part,先来先服务,has_part,kept,,has_part,0.7887,,,"has_part: score=0.789, conf=0.786, support=1, cues=整体部分,包括","常见的调度算法包括先来先服务(First Come First Served,FCFS)、短作业优先(Shortest Job First,SJF)、时间片轮转(Round Robin,RR)、优先级调度和多级反馈队列(Multilevel Feedback Queue)等"
all_relations.csv,894,并发能力,used_for,服务器程序,并发能力,used_for,服务器程序,used_for,kept,,used_for,0.7963,,,"used_for: score=0.796, conf=0.782, support=1, cues=用途,用于,适用于","多线程机制有助于提升程序并发能力,尤其适用于图形界面程序、服务器程序和并行计算任务"
all_relations.csv,895,相对路径,is_a,文件,相对路径,is_a,文件,is_a,kept,,is_a,0.6177,,,"is_a: score=0.618, conf=0.782, support=1, cues=!用于,!包含","路径名则用于唯一定位文件,分为绝对路径和相对路径"
all_relations.csv,896,磁盘,implemented_by,死锁,磁盘,implemented_by,死锁,implemented_by,kept,,implemented_by,0.7882,,,"implemented_by: score=0.788, conf=0.782, support=1, cues=实现关系,实现","它既关注理论问题,例如进程同步为何会产生死锁,也关注工程实现,例如内存如何分页、磁盘如何调度"
all_relations.csv,897,操作系统,is_a,Windows,操作系统,is_a,Windows,is_a,kept,,is_a,0.7716,,,"is_a: score=0.772, conf=0.778, support=1, cues=上下位","从课程学习的角度来看,操作系统并不是单纯介绍某一个具体系统,如 Windows、Linux 或 macOS,而是研究“计算机系统如何高效、安全、可靠地运行”的一般规律"
all_relations.csv,898,操作系统,is_a,文件,操作系统,is_a,文件,is_a,kept,,is_a,0.7716,,,"is_a: score=0.772, conf=0.778, support=1, cues=上下位","对于普通用户而言,操作系统是“看得见”的使用环境,例如窗口、文件夹、任务栏、终端等"
all_relations.csv,899,虚拟内存,is_a,操作系统,虚拟内存,is_a,操作系统,is_a,kept,,is_a,0.7716,,,"is_a: score=0.772, conf=0.778, support=1, cues=上下位","虚拟内存(Virtual Memory)是操作系统的一项重要技术,它使程序不必全部装入内存即可运行"
all_relations.csv,900,数据结构,part_of,编译原理,编译原理,has_part,数据结构,has_part,canonicalized,"relation_label_normalized,inverse_relation_direction",has_part,0.7825,,,"has_part: score=0.782, conf=0.776, support=1, cues=组成,部分整体","操作系统课程通常被视为计算机科学与技术专业的核心课程之一,因为它连接了程序设计、数据结构、计算机组成原理、编译原理、计算机网络等多门课程,是理解计算机整体工作机制的重要桥梁"
all_relations.csv,901,First Come First Served,is_a,调度,First Come First Served,is_a,调度,is_a,kept,,is_a,0.6102,,,"is_a: score=0.610, conf=0.770, support=1, cues=!包含,!包括","常见的调度算法包括先来先服务(First Come First Served,FCFS)、短作业优先(Shortest Job First,SJF)、时间片轮转(Round Robin,RR)、优先级调度和多级反馈队列(Multilevel Feedback Queue)等"
all_relations.csv,902,假脱机,used_for,共享,假脱机,used_for,共享,used_for,kept,,used_for,0.7888,,,"used_for: score=0.789, conf=0.770, support=1, cues=用途,用于,常用于","假脱机技术常用于打印系统,使多个任务共享独占型设备"
all_relations.csv,903,用户接口,is_a,文件管理,用户接口,is_a,文件管理,is_a,kept,,is_a,0.6102,,,"is_a: score=0.610, conf=0.770, support=1, cues=!包含,!包括","操作系统的功能通常可以归纳为处理器管理、存储管理、设备管理和文件管理四大部分,同时还包括用户接口、安全保护、网络通信和系统调用等内容"
all_relations.csv,904,设备控制器,is_a,设备管理,设备控制器,is_a,设备管理,is_a,kept,,is_a,0.6102,,,"is_a: score=0.610, conf=0.770, support=1, cues=!包含,!包括",设备管理的基础包括设备分类、设备控制器、驱动程序和中断处理
all_relations.csv,905,非连续分配,has_part,分页,非连续分配,has_part,分页,has_part,kept,,has_part,0.7775,,,"has_part: score=0.777, conf=0.768, support=1, cues=整体部分,包括","为了提升内存利用率并简化分配管理,现代操作系统普遍采用非连续分配技术,主要包括分页(Paging)和分段(Segmentation)"
all_relations.csv,906,目录,has_part,单级目录,目录,has_part,单级目录,has_part,kept,,has_part,0.7763,,,"has_part: score=0.776, conf=0.766, support=1, cues=整体部分,包括","操作系统通过目录结构组织大量文件,常见的目录结构包括单级目录、两级目录和树形目录"
all_relations.csv,907,互斥,is_a,临界区,互斥,is_a,临界区,is_a,kept,,is_a,0.7629,,,"is_a: score=0.763, conf=0.764, support=1, cues=上下位",互斥是指在某一时刻只允许一个进程进入临界区访问共享资源
all_relations.csv,908,进程,used_for,页面调度,进程,used_for,页面调度,used_for,kept,,used_for | causes,0.7414,0.7392,0.0022,"used_for: score=0.741, conf=0.764, support=1, cues=用途,用于,!导致；causes: score=0.739, conf=0.754, support=1, cues=因果,导致,!用于；low_margin=0.002","课程中还会讨论抖动(Thrashing)现象,即进程频繁换页导致系统大部分时间都用于页面调度而非真正计算,这反映出内存管理与系统性能之间的紧密联系"
all_relations.csv,909,Windows,is_a,计算机系统,Windows,is_a,计算机系统,is_a,kept,,is_a,0.7604,,,"is_a: score=0.760, conf=0.760, support=1, cues=上下位","从课程学习的角度来看,操作系统并不是单纯介绍某一个具体系统,如 Windows、Linux 或 macOS,而是研究“计算机系统如何高效、安全、可靠地运行”的一般规律"
all_relations.csv,910,内核,is_a,中断处理,内核,is_a,中断处理,is_a,kept,,is_a,0.7604,,,"is_a: score=0.760, conf=0.760, support=1, cues=上下位","内核是最核心的部分,负责进程调度、内存管理、中断处理、设备控制等关键操作"
all_relations.csv,911,假脱机,used_for,独占型设备,假脱机,used_for,独占型设备,used_for,kept,,used_for,0.7814,,,"used_for: score=0.781, conf=0.758, support=1, cues=用途,用于,常用于","假脱机技术常用于打印系统,使多个任务共享独占型设备"
all_relations.csv,912,磁盘,is_a,内存,磁盘,is_a,内存,is_a,kept,,is_a,0.7592,,,"is_a: score=0.759, conf=0.758, support=1, cues=上下位","一个程序静态地存放在磁盘上时只是代码和数据,而当它被加载到内存并开始运行时,就成为进程"
all_relations.csv,913,程序计数器,is_a,进程,程序计数器,is_a,进程,is_a,kept,,is_a,0.6028,,,"is_a: score=0.603, conf=0.758, support=1, cues=!包含,!包括","进程不仅包含程序本身,还包括程序计数器、寄存器内容、地址空间、打开的文件、相关资源和运行状态等信息"
all_relations.csv,914,绝对路径,is_a,路径名,绝对路径,is_a,路径名,is_a,kept,,is_a,0.6028,,,"is_a: score=0.603, conf=0.758, support=1, cues=!用于,!包含","路径名则用于唯一定位文件,分为绝对路径和相对路径"
all_relations.csv,915,路径名,used_for,相对路径,路径名,used_for,相对路径,used_for,kept,,used_for,0.7653,,,"used_for: score=0.765, conf=0.758, support=1, cues=用途,用于","路径名则用于唯一定位文件,分为绝对路径和相对路径"
all_relations.csv,916,两级目录,is_a,目录,两级目录,is_a,目录,is_a,kept,,is_a,0.6016,,,"is_a: score=0.602, conf=0.756, support=1, cues=!包含,!包括","操作系统通过目录结构组织大量文件,常见的目录结构包括单级目录、两级目录和树形目录"
all_relations.csv,917,计算机系统,has_part,抽象,计算机系统,has_part,抽象,has_part,kept,,has_part,0.7540,,,"has_part: score=0.754, conf=0.756, support=1, cues=枚举结构","学习操作系统的价值,不仅在于掌握某些具体算法或概念,更在于理解计算机系统设计中的基本思想:抽象、分层、共享、保护、并发与权衡"
all_relations.csv,918,Thread,is_a,CPU,Thread,is_a,CPU,is_a,kept,,is_a,0.7567,,,"is_a: score=0.757, conf=0.754, support=1, cues=上下位","线程(Thread)则是比进程更轻量的执行单位,通常被称为 CPU 调度的基本单位"
all_relations.csv,919,进程,is_a,调度,进程,is_a,调度,is_a,kept,,is_a,0.7567,,,"is_a: score=0.757, conf=0.754, support=1, cues=上下位","简单来说,进程是程序的一次执行过程,是系统进行资源分配和调度的基本单位"
all_relations.csv,920,进程,causes,页面调度,进程,causes,页面调度,used_for,relation_conflict_resolved,,used_for | causes,0.7414,0.7392,0.0022,"used_for: score=0.741, conf=0.764, support=1, cues=用途,用于,!导致；causes: score=0.739, conf=0.754, support=1, cues=因果,导致,!用于；low_margin=0.002","课程中还会讨论抖动(Thrashing)现象,即进程频繁换页导致系统大部分时间都用于页面调度而非真正计算,这反映出内存管理与系统性能之间的紧密联系"
all_relations.csv,921,Operating System,is_a,系统软件,Operating System,is_a,系统软件,is_a,kept,,is_a,0.7555,,,"is_a: score=0.755, conf=0.752, support=1, cues=上下位","操作系统(Operating System,简称 OS)是计算机系统中最核心的系统软件之一,它位于硬件与应用程序之间,承担资源管理、任务调度、服务提供和用户接口等重要职责"
all_relations.csv,922,CPU 利用率,is_a,调度,CPU 利用率,is_a,调度,is_a,kept,,is_a,0.5978,,,"is_a: score=0.598, conf=0.750, support=1, cues=!包含,!包括",调度的目标通常包括提高 CPU 利用率、增加系统吞吐量、减少周转时间、缩短响应时间和保证公平性
all_relations.csv,923,Paging,is_a,非连续分配,Paging,is_a,非连续分配,is_a,kept,,is_a,0.5978,,,"is_a: score=0.598, conf=0.750, support=1, cues=!包含,!包括","为了提升内存利用率并简化分配管理,现代操作系统普遍采用非连续分配技术,主要包括分页(Paging)和分段(Segmentation)"
all_relations.csv,924,单级目录,is_a,文件,单级目录,is_a,文件,is_a,kept,,is_a,0.5978,,,"is_a: score=0.598, conf=0.750, support=1, cues=!包含,!包括","操作系统通过目录结构组织大量文件,常见的目录结构包括单级目录、两级目录和树形目录"
all_relations.csv,925,文件管理,has_part,用户接口,文件管理,has_part,用户接口,has_part,kept,,has_part,0.7663,,,"has_part: score=0.766, conf=0.750, support=1, cues=整体部分,包括","操作系统的功能通常可以归纳为处理器管理、存储管理、设备管理和文件管理四大部分,同时还包括用户接口、安全保护、网络通信和系统调用等内容"
all_relations.csv,926,设备管理,has_part,设备控制器,设备管理,has_part,设备控制器,has_part,kept,,has_part,0.7663,,,"has_part: score=0.766, conf=0.750, support=1, cues=整体部分,包括",设备管理的基础包括设备分类、设备控制器、驱动程序和中断处理
all_relations.csv,927,调度,has_part,First Come First Served,调度,has_part,First Come First Served,has_part,kept,,has_part,0.7663,,,"has_part: score=0.766, conf=0.750, support=1, cues=整体部分,包括","常见的调度算法包括先来先服务(First Come First Served,FCFS)、短作业优先(Shortest Job First,SJF)、时间片轮转(Round Robin,RR)、优先级调度和多级反馈队列(Multilevel Feedback Queue)等"
all_relations.csv,928,多线程,used_for,图形界面程序,多线程,used_for,图形界面程序,used_for,kept,,used_for,0.7740,,,"used_for: score=0.774, conf=0.746, support=1, cues=用途,用于,适用于","多线程机制有助于提升程序并发能力,尤其适用于图形界面程序、服务器程序和并行计算任务"
all_relations.csv,929,数据结构,part_of,计算机网络,计算机网络,has_part,数据结构,has_part,canonicalized,"relation_label_normalized,inverse_relation_direction",has_part,0.7639,,,"has_part: score=0.764, conf=0.746, support=1, cues=组成,部分整体","操作系统课程通常被视为计算机科学与技术专业的核心课程之一,因为它连接了程序设计、数据结构、计算机组成原理、编译原理、计算机网络等多门课程,是理解计算机整体工作机制的重要桥梁"
all_relations.csv,930,程序设计,part_of,编译原理,编译原理,has_part,程序设计,has_part,canonicalized,"relation_label_normalized,inverse_relation_direction",has_part,0.7639,,,"has_part: score=0.764, conf=0.746, support=1, cues=组成,部分整体","操作系统课程通常被视为计算机科学与技术专业的核心课程之一,因为它连接了程序设计、数据结构、计算机组成原理、编译原理、计算机网络等多门课程,是理解计算机整体工作机制的重要桥梁"
all_relations.csv,931,页框,is_a,物理内存,页框,is_a,物理内存,is_a,kept,,is_a,0.6217,,,"is_a: score=0.622, conf=0.744, support=1, cues=!包含","分页将逻辑地址空间和物理内存都划分为固定大小的页和页框,程序运行时通过页表完成地址映射"
all_relations.csv,932,安全保护,is_a,文件管理,安全保护,is_a,文件管理,is_a,kept,,is_a,0.5916,,,"is_a: score=0.592, conf=0.740, support=1, cues=!包含,!包括","操作系统的功能通常可以归纳为处理器管理、存储管理、设备管理和文件管理四大部分,同时还包括用户接口、安全保护、网络通信和系统调用等内容"
all_relations.csv,933,用户接口,is_a,设备管理,用户接口,is_a,设备管理,is_a,kept,,is_a,0.5916,,,"is_a: score=0.592, conf=0.740, support=1, cues=!包含,!包括","操作系统的功能通常可以归纳为处理器管理、存储管理、设备管理和文件管理四大部分,同时还包括用户接口、安全保护、网络通信和系统调用等内容"
all_relations.csv,934,进程,has_part,程序计数器,进程,has_part,程序计数器,has_part,kept,,has_part,0.7750,,,"has_part: score=0.775, conf=0.738, support=1, cues=整体部分,包含,包括","进程不仅包含程序本身,还包括程序计数器、寄存器内容、地址空间、打开的文件、相关资源和运行状态等信息"
all_relations.csv,935,Virtual Memory,is_a,内存,Virtual Memory,is_a,内存,is_a,kept,,is_a,0.7456,,,"is_a: score=0.746, conf=0.736, support=1, cues=上下位","虚拟内存(Virtual Memory)是操作系统的一项重要技术,它使程序不必全部装入内存即可运行"
all_relations.csv,936,目录,has_part,两级目录,目录,has_part,两级目录,has_part,kept,,has_part,0.7577,,,"has_part: score=0.758, conf=0.736, support=1, cues=整体部分,包括","操作系统通过目录结构组织大量文件,常见的目录结构包括单级目录、两级目录和树形目录"
all_relations.csv,937,互斥,is_a,共享资源,互斥,is_a,共享资源,is_a,kept,,is_a,0.7443,,,"is_a: score=0.744, conf=0.734, support=1, cues=上下位",互斥是指在某一时刻只允许一个进程进入临界区访问共享资源
all_relations.csv,938,分页,is_a,操作系统,分页,is_a,操作系统,is_a,kept,,is_a,0.5879,,,"is_a: score=0.588, conf=0.734, support=1, cues=!包含,!包括","为了提升内存利用率并简化分配管理,现代操作系统普遍采用非连续分配技术,主要包括分页(Paging)和分段(Segmentation)"
all_relations.csv,939,页框,is_a,逻辑地址空间,页框,is_a,逻辑地址空间,is_a,kept,,is_a,0.6155,,,"is_a: score=0.616, conf=0.734, support=1, cues=!包含","分页将逻辑地址空间和物理内存都划分为固定大小的页和页框,程序运行时通过页表完成地址映射"
all_relations.csv,940,驱动程序,is_a,设备管理,驱动程序,is_a,设备管理,is_a,kept,,is_a,0.5879,,,"is_a: score=0.588, conf=0.734, support=1, cues=!包含,!包括",设备管理的基础包括设备分类、设备控制器、驱动程序和中断处理
all_relations.csv,941,Thread,is_a,调度,Thread,is_a,调度,is_a,kept,,is_a,0.7418,,,"is_a: score=0.742, conf=0.730, support=1, cues=上下位","线程(Thread)则是比进程更轻量的执行单位,通常被称为 CPU 调度的基本单位"
all_relations.csv,942,操作系统,is_a,Linux,操作系统,is_a,Linux,is_a,kept,,is_a,0.7418,,,"is_a: score=0.742, conf=0.730, support=1, cues=上下位","从课程学习的角度来看,操作系统并不是单纯介绍某一个具体系统,如 Windows、Linux 或 macOS,而是研究“计算机系统如何高效、安全、可靠地运行”的一般规律"
all_relations.csv,943,文件,has_part,单级目录,文件,has_part,单级目录,has_part,kept,,has_part,0.7539,,,"has_part: score=0.754, conf=0.730, support=1, cues=整体部分,包括","操作系统通过目录结构组织大量文件,常见的目录结构包括单级目录、两级目录和树形目录"
all_relations.csv,944,调度,has_part,CPU 利用率,调度,has_part,CPU 利用率,has_part,kept,,has_part,0.7539,,,"has_part: score=0.754, conf=0.730, support=1, cues=整体部分,包括",调度的目标通常包括提高 CPU 利用率、增加系统吞吐量、减少周转时间、缩短响应时间和保证公平性
all_relations.csv,945,非连续分配,has_part,Paging,非连续分配,has_part,Paging,has_part,kept,,has_part,0.7539,,,"has_part: score=0.754, conf=0.730, support=1, cues=整体部分,包括","为了提升内存利用率并简化分配管理,现代操作系统普遍采用非连续分配技术,主要包括分页(Paging)和分段(Segmentation)"
all_relations.csv,946,相对路径,is_a,路径名,相对路径,is_a,路径名,is_a,kept,,is_a,0.5842,,,"is_a: score=0.584, conf=0.728, support=1, cues=!用于,!包含","路径名则用于唯一定位文件,分为绝对路径和相对路径"
all_relations.csv,947,并发能力,used_for,并行计算任务,并发能力,used_for,并行计算任务,used_for,kept,,used_for,0.7616,,,"used_for: score=0.762, conf=0.726, support=1, cues=用途,用于,适用于","多线程机制有助于提升程序并发能力,尤其适用于图形界面程序、服务器程序和并行计算任务"
all_relations.csv,948,树形目录,is_a,目录,树形目录,is_a,目录,is_a,kept,,is_a,0.5830,,,"is_a: score=0.583, conf=0.726, support=1, cues=!包含,!包括","操作系统通过目录结构组织大量文件,常见的目录结构包括单级目录、两级目录和树形目录"
all_relations.csv,949,Thrashing,used_for,页面调度,Thrashing,used_for,页面调度,used_for,kept,,used_for | causes,0.7154,0.7132,0.0022,"used_for: score=0.715, conf=0.722, support=1, cues=用途,用于,!导致；causes: score=0.713, conf=0.712, support=1, cues=因果,导致,!用于；low_margin=0.002","课程中还会讨论抖动(Thrashing)现象,即进程频繁换页导致系统大部分时间都用于页面调度而非真正计算,这反映出内存管理与系统性能之间的紧密联系"
all_relations.csv,950,寄存器,is_a,进程,寄存器,is_a,进程,is_a,kept,,is_a,0.5805,,,"is_a: score=0.580, conf=0.722, support=1, cues=!包含,!包括","进程不仅包含程序本身,还包括程序计数器、寄存器内容、地址空间、打开的文件、相关资源和运行状态等信息"
all_relations.csv,951,两级目录,is_a,文件,两级目录,is_a,文件,is_a,kept,,is_a,0.5792,,,"is_a: score=0.579, conf=0.720, support=1, cues=!包含,!包括","操作系统通过目录结构组织大量文件,常见的目录结构包括单级目录、两级目录和树形目录"
all_relations.csv,952,文件管理,has_part,安全保护,文件管理,has_part,安全保护,has_part,kept,,has_part,0.7477,,,"has_part: score=0.748, conf=0.720, support=1, cues=整体部分,包括","操作系统的功能通常可以归纳为处理器管理、存储管理、设备管理和文件管理四大部分,同时还包括用户接口、安全保护、网络通信和系统调用等内容"
all_relations.csv,953,计算机系统,has_part,共享,计算机系统,has_part,共享,has_part,kept,,has_part,0.7316,,,"has_part: score=0.732, conf=0.720, support=1, cues=枚举结构","学习操作系统的价值,不仅在于掌握某些具体算法或概念,更在于理解计算机系统设计中的基本思想:抽象、分层、共享、保护、并发与权衡"
all_relations.csv,954,设备管理,has_part,用户接口,设备管理,has_part,用户接口,has_part,kept,,has_part,0.7477,,,"has_part: score=0.748, conf=0.720, support=1, cues=整体部分,包括","操作系统的功能通常可以归纳为处理器管理、存储管理、设备管理和文件管理四大部分,同时还包括用户接口、安全保护、网络通信和系统调用等内容"
all_relations.csv,955,Paging,is_a,操作系统,Paging,is_a,操作系统,is_a,kept,,is_a,0.5768,,,"is_a: score=0.577, conf=0.716, support=1, cues=!包含,!包括","为了提升内存利用率并简化分配管理,现代操作系统普遍采用非连续分配技术,主要包括分页(Paging)和分段(Segmentation)"
all_relations.csv,956,程序设计,part_of,计算机网络,计算机网络,has_part,程序设计,has_part,canonicalized,"relation_label_normalized,inverse_relation_direction",has_part,0.7453,,,"has_part: score=0.745, conf=0.716, support=1, cues=组成,部分整体","操作系统课程通常被视为计算机科学与技术专业的核心课程之一,因为它连接了程序设计、数据结构、计算机组成原理、编译原理、计算机网络等多门课程,是理解计算机整体工作机制的重要桥梁"
all_relations.csv,957,操作系统,has_part,分页,操作系统,has_part,分页,has_part,kept,,has_part,0.7440,,,"has_part: score=0.744, conf=0.714, support=1, cues=整体部分,包括","为了提升内存利用率并简化分配管理,现代操作系统普遍采用非连续分配技术,主要包括分页(Paging)和分段(Segmentation)"
all_relations.csv,958,设备管理,has_part,驱动程序,设备管理,has_part,驱动程序,has_part,kept,,has_part,0.7440,,,"has_part: score=0.744, conf=0.714, support=1, cues=整体部分,包括",设备管理的基础包括设备分类、设备控制器、驱动程序和中断处理
all_relations.csv,959,Thrashing,causes,页面调度,Thrashing,causes,页面调度,used_for,relation_conflict_resolved,,used_for | causes,0.7154,0.7132,0.0022,"used_for: score=0.715, conf=0.722, support=1, cues=用途,用于,!导致；causes: score=0.713, conf=0.712, support=1, cues=因果,导致,!用于；low_margin=0.002","课程中还会讨论抖动(Thrashing)现象,即进程频繁换页导致系统大部分时间都用于页面调度而非真正计算,这反映出内存管理与系统性能之间的紧密联系"
all_relations.csv,960,线程,is_a,CPU,线程,is_a,CPU,is_a,kept,,is_a,0.7307,,,"is_a: score=0.731, conf=0.712, support=1, cues=上下位","线程(Thread)则是比进程更轻量的执行单位,通常被称为 CPU 调度的基本单位"
all_relations.csv,961,用户接口,is_a,存储管理,用户接口,is_a,存储管理,is_a,kept,,is_a,0.5730,,,"is_a: score=0.573, conf=0.710, support=1, cues=!包含,!包括","操作系统的功能通常可以归纳为处理器管理、存储管理、设备管理和文件管理四大部分,同时还包括用户接口、安全保护、网络通信和系统调用等内容"
all_relations.csv,962,网络通信,is_a,文件管理,网络通信,is_a,文件管理,is_a,kept,,is_a,0.5730,,,"is_a: score=0.573, conf=0.710, support=1, cues=!包含,!包括","操作系统的功能通常可以归纳为处理器管理、存储管理、设备管理和文件管理四大部分,同时还包括用户接口、安全保护、网络通信和系统调用等内容"
all_relations.csv,963,内核,is_a,操作系统,内核,is_a,操作系统,is_a,kept,,is_a,0.5994,,,"is_a: score=0.599, conf=0.708, support=1, cues=!包含","按照结构设计思想不同,操作系统可以分为整体式结构、层次式结构、微内核结构、模块化结构等"
all_relations.csv,964,文件系统命令输出,implemented_by,模拟进程调度,文件系统命令输出,implemented_by,模拟进程调度,implemented_by,kept,,implemented_by,0.7423,,,"implemented_by: score=0.742, conf=0.708, support=1, cues=实现关系,实现","通过编写简单 Shell、模拟进程调度、实现页面置换算法、观察 Linux 进程与线程、分析文件系统命令输出等方式,能够把理论知识与真实系统联系起来"
all_relations.csv,965,目录,has_part,树形目录,目录,has_part,树形目录,has_part,kept,,has_part,0.7391,,,"has_part: score=0.739, conf=0.706, support=1, cues=整体部分,包括","操作系统通过目录结构组织大量文件,常见的目录结构包括单级目录、两级目录和树形目录"
all_relations.csv,966,磁盘,is_a,进程,磁盘,is_a,进程,is_a,kept,,is_a,0.7270,,,"is_a: score=0.727, conf=0.706, support=1, cues=上下位","一个程序静态地存放在磁盘上时只是代码和数据,而当它被加载到内存并开始运行时,就成为进程"
all_relations.csv,967,中断处理,is_a,设备管理,中断处理,is_a,设备管理,is_a,kept,,is_a,0.5693,,,"is_a: score=0.569, conf=0.704, support=1, cues=!包含,!包括",设备管理的基础包括设备分类、设备控制器、驱动程序和中断处理
all_relations.csv,968,多线程,used_for,服务器程序,多线程,used_for,服务器程序,used_for,kept,,used_for,0.7479,,,"used_for: score=0.748, conf=0.704, support=1, cues=用途,用于,适用于","多线程机制有助于提升程序并发能力,尤其适用于图形界面程序、服务器程序和并行计算任务"
all_relations.csv,969,驱动程序,is_a,I/O 请求,驱动程序,is_a,I/O 请求,is_a,kept,,is_a,0.7257,,,"is_a: score=0.726, conf=0.704, support=1, cues=上下位","驱动程序是连接操作系统与具体硬件的桥梁,它把操作系统的通用 I/O 请求转换为特定设备可识别的控制命令"
all_relations.csv,970,分段,is_a,非连续分配,分段,is_a,非连续分配,is_a,kept,,is_a,0.5681,,,"is_a: score=0.568, conf=0.702, support=1, cues=!包含,!包括","为了提升内存利用率并简化分配管理,现代操作系统普遍采用非连续分配技术,主要包括分页(Paging)和分段(Segmentation)"
all_relations.csv,971,计算机系统,has_part,保护,计算机系统,has_part,保护,has_part,kept,,has_part,0.7205,,,"has_part: score=0.720, conf=0.702, support=1, cues=枚举结构","学习操作系统的价值,不仅在于掌握某些具体算法或概念,更在于理解计算机系统设计中的基本思想:抽象、分层、共享、保护、并发与权衡"
all_relations.csv,972,进程,has_part,寄存器,进程,has_part,寄存器,has_part,kept,,has_part,0.7527,,,"has_part: score=0.753, conf=0.702, support=1, cues=整体部分,包含,包括","进程不仅包含程序本身,还包括程序计数器、寄存器内容、地址空间、打开的文件、相关资源和运行状态等信息"
all_relations.csv,973,文件,has_part,两级目录,文件,has_part,两级目录,has_part,kept,,has_part,0.7353,,,"has_part: score=0.735, conf=0.700, support=1, cues=整体部分,包括","操作系统通过目录结构组织大量文件,常见的目录结构包括单级目录、两级目录和树形目录"
all_relations.csv,974,单级目录,is_a,操作系统,单级目录,is_a,操作系统,is_a,kept,,is_a,0.5656,,,"is_a: score=0.566, conf=0.698, support=1, cues=!包含,!包括","操作系统通过目录结构组织大量文件,常见的目录结构包括单级目录、两级目录和树形目录"
all_relations.csv,975,操作系统,has_part,Paging,操作系统,has_part,Paging,has_part,kept,,has_part,0.7329,,,"has_part: score=0.733, conf=0.696, support=1, cues=整体部分,包括","为了提升内存利用率并简化分配管理,现代操作系统普遍采用非连续分配技术,主要包括分页(Paging)和分段(Segmentation)"
all_relations.csv,976,存储管理,has_part,用户接口,存储管理,has_part,用户接口,has_part,kept,,has_part,0.7291,,,"has_part: score=0.729, conf=0.690, support=1, cues=整体部分,包括","操作系统的功能通常可以归纳为处理器管理、存储管理、设备管理和文件管理四大部分,同时还包括用户接口、安全保护、网络通信和系统调用等内容"
all_relations.csv,977,安全保护,is_a,设备管理,安全保护,is_a,设备管理,is_a,kept,,is_a,0.5606,,,"is_a: score=0.561, conf=0.690, support=1, cues=!包含,!包括","操作系统的功能通常可以归纳为处理器管理、存储管理、设备管理和文件管理四大部分,同时还包括用户接口、安全保护、网络通信和系统调用等内容"
all_relations.csv,978,文件管理,has_part,网络通信,文件管理,has_part,网络通信,has_part,kept,,has_part,0.7291,,,"has_part: score=0.729, conf=0.690, support=1, cues=整体部分,包括","操作系统的功能通常可以归纳为处理器管理、存储管理、设备管理和文件管理四大部分,同时还包括用户接口、安全保护、网络通信和系统调用等内容"
all_relations.csv,979,树形目录,is_a,文件,树形目录,is_a,文件,is_a,kept,,is_a,0.5606,,,"is_a: score=0.561, conf=0.690, support=1, cues=!包含,!包括","操作系统通过目录结构组织大量文件,常见的目录结构包括单级目录、两级目录和树形目录"
all_relations.csv,980,系统吞吐量,is_a,调度,系统吞吐量,is_a,调度,is_a,kept,,is_a,0.5606,,,"is_a: score=0.561, conf=0.690, support=1, cues=!包含,!包括",调度的目标通常包括提高 CPU 利用率、增加系统吞吐量、减少周转时间、缩短响应时间和保证公平性
all_relations.csv,981,多道程序设计,is_a,CPU,多道程序设计,is_a,CPU,is_a,kept,,is_a,0.7158,,,"is_a: score=0.716, conf=0.688, support=1, cues=上下位","所谓多道程序设计,是指将多个程序同时装入内存,在一个程序因输入输出操作而等待时,CPU 可以切换去执行其他程序,从而减少处理器空闲时间,提高系统吞吐量"
all_relations.csv,982,线程,is_a,调度,线程,is_a,调度,is_a,kept,,is_a,0.7158,,,"is_a: score=0.716, conf=0.688, support=1, cues=上下位","线程(Thread)则是比进程更轻量的执行单位,通常被称为 CPU 调度的基本单位"
all_relations.csv,983,Segmentation,is_a,非连续分配,Segmentation,is_a,非连续分配,is_a,kept,,is_a,0.5569,,,"is_a: score=0.557, conf=0.684, support=1, cues=!包含,!包括","为了提升内存利用率并简化分配管理,现代操作系统普遍采用非连续分配技术,主要包括分页(Paging)和分段(Segmentation)"
all_relations.csv,984,计算机系统,has_part,并发,计算机系统,has_part,并发,has_part,kept,,has_part,0.7093,,,"has_part: score=0.709, conf=0.684, support=1, cues=枚举结构","学习操作系统的价值,不仅在于掌握某些具体算法或概念,更在于理解计算机系统设计中的基本思想:抽象、分层、共享、保护、并发与权衡"
all_relations.csv,985,设备管理,has_part,中断处理,设备管理,has_part,中断处理,has_part,kept,,has_part,0.7254,,,"has_part: score=0.725, conf=0.684, support=1, cues=整体部分,包括",设备管理的基础包括设备分类、设备控制器、驱动程序和中断处理
all_relations.csv,986,页表,is_a,物理内存,页表,is_a,物理内存,is_a,kept,,is_a,0.5845,,,"is_a: score=0.585, conf=0.684, support=1, cues=!包含","分页将逻辑地址空间和物理内存都划分为固定大小的页和页框,程序运行时通过页表完成地址映射"
all_relations.csv,987,操作系统,is_a,macOS,操作系统,is_a,macOS,is_a,kept,,is_a,0.7121,,,"is_a: score=0.712, conf=0.682, support=1, cues=上下位","从课程学习的角度来看,操作系统并不是单纯介绍某一个具体系统,如 Windows、Linux 或 macOS,而是研究“计算机系统如何高效、安全、可靠地运行”的一般规律"
all_relations.csv,988,非连续分配,has_part,分段,非连续分配,has_part,分段,has_part,kept,,has_part,0.7242,,,"has_part: score=0.724, conf=0.682, support=1, cues=整体部分,包括","为了提升内存利用率并简化分配管理,现代操作系统普遍采用非连续分配技术,主要包括分页(Paging)和分段(Segmentation)"
all_relations.csv,989,地址映射,is_a,物理内存,地址映射,is_a,物理内存,is_a,kept,,is_a,0.5820,,,"is_a: score=0.582, conf=0.680, support=1, cues=!包含","分页将逻辑地址空间和物理内存都划分为固定大小的页和页框,程序运行时通过页表完成地址映射"
all_relations.csv,990,用户接口,is_a,处理器管理,用户接口,is_a,处理器管理,is_a,kept,,is_a,0.5544,,,"is_a: score=0.554, conf=0.680, support=1, cues=!包含,!包括","操作系统的功能通常可以归纳为处理器管理、存储管理、设备管理和文件管理四大部分,同时还包括用户接口、安全保护、网络通信和系统调用等内容"
all_relations.csv,991,系统调用,is_a,文件管理,系统调用,is_a,文件管理,is_a,kept,,is_a,0.5544,,,"is_a: score=0.554, conf=0.680, support=1, cues=!包含,!包括","操作系统的功能通常可以归纳为处理器管理、存储管理、设备管理和文件管理四大部分,同时还包括用户接口、安全保护、网络通信和系统调用等内容"
all_relations.csv,992,操作系统,has_part,单级目录,操作系统,has_part,单级目录,has_part,kept,,has_part,0.7217,,,"has_part: score=0.722, conf=0.678, support=1, cues=整体部分,包括","操作系统通过目录结构组织大量文件,常见的目录结构包括单级目录、两级目录和树形目录"
all_relations.csv,993,进程,used_for,内存,进程,used_for,内存,used_for,kept,,used_for | causes,0.6856,0.6834,0.0022,"used_for: score=0.686, conf=0.674, support=1, cues=用途,用于,!导致；causes: score=0.683, conf=0.664, support=1, cues=因果,导致,!用于；low_margin=0.002","课程中还会讨论抖动(Thrashing)现象,即进程频繁换页导致系统大部分时间都用于页面调度而非真正计算,这反映出内存管理与系统性能之间的紧密联系"
all_relations.csv,994,页表,is_a,逻辑地址空间,页表,is_a,逻辑地址空间,is_a,kept,,is_a,0.5783,,,"is_a: score=0.578, conf=0.674, support=1, cues=!包含","分页将逻辑地址空间和物理内存都划分为固定大小的页和页框,程序运行时通过页表完成地址映射"
all_relations.csv,995,页框,is_a,分页,页框,is_a,分页,is_a,kept,,is_a,0.5771,,,"is_a: score=0.577, conf=0.672, support=1, cues=!包含","分页将逻辑地址空间和物理内存都划分为固定大小的页和页框,程序运行时通过页表完成地址映射"
all_relations.csv,996,文件,has_part,树形目录,文件,has_part,树形目录,has_part,kept,,has_part,0.7167,,,"has_part: score=0.717, conf=0.670, support=1, cues=整体部分,包括","操作系统通过目录结构组织大量文件,常见的目录结构包括单级目录、两级目录和树形目录"
all_relations.csv,997,设备管理,has_part,安全保护,设备管理,has_part,安全保护,has_part,kept,,has_part,0.7167,,,"has_part: score=0.717, conf=0.670, support=1, cues=整体部分,包括","操作系统的功能通常可以归纳为处理器管理、存储管理、设备管理和文件管理四大部分,同时还包括用户接口、安全保护、网络通信和系统调用等内容"
all_relations.csv,998,调度,has_part,系统吞吐量,调度,has_part,系统吞吐量,has_part,kept,,has_part,0.7167,,,"has_part: score=0.717, conf=0.670, support=1, cues=整体部分,包括",调度的目标通常包括提高 CPU 利用率、增加系统吞吐量、减少周转时间、缩短响应时间和保证公平性
all_relations.csv,999,两级目录,is_a,操作系统,两级目录,is_a,操作系统,is_a,kept,,is_a,0.5470,,,"is_a: score=0.547, conf=0.668, support=1, cues=!包含,!包括","操作系统通过目录结构组织大量文件,常见的目录结构包括单级目录、两级目录和树形目录"
all_relations.csv,1000,分段,is_a,操作系统,分段,is_a,操作系统,is_a,kept,,is_a,0.5470,,,"is_a: score=0.547, conf=0.668, support=1, cues=!包含,!包括","为了提升内存利用率并简化分配管理,现代操作系统普遍采用非连续分配技术,主要包括分页(Paging)和分段(Segmentation)"
all_relations.csv,1001,多线程,used_for,并行计算任务,多线程,used_for,并行计算任务,used_for,kept,,used_for,0.7256,,,"used_for: score=0.726, conf=0.668, support=1, cues=用途,用于,适用于","多线程机制有助于提升程序并发能力,尤其适用于图形界面程序、服务器程序和并行计算任务"
all_relations.csv,1002,地址空间,is_a,进程,地址空间,is_a,进程,is_a,kept,,is_a,0.5458,,,"is_a: score=0.546, conf=0.666, support=1, cues=!包含,!包括","进程不仅包含程序本身,还包括程序计数器、寄存器内容、地址空间、打开的文件、相关资源和运行状态等信息"
all_relations.csv,1003,计算机系统,has_part,权衡,计算机系统,has_part,权衡,has_part,kept,,has_part,0.6982,,,"has_part: score=0.698, conf=0.666, support=1, cues=枚举结构","学习操作系统的价值,不仅在于掌握某些具体算法或概念,更在于理解计算机系统设计中的基本思想:抽象、分层、共享、保护、并发与权衡"
all_relations.csv,1004,进程,causes,内存,进程,causes,内存,used_for,relation_conflict_resolved,,used_for | causes,0.6856,0.6834,0.0022,"used_for: score=0.686, conf=0.674, support=1, cues=用途,用于,!导致；causes: score=0.683, conf=0.664, support=1, cues=因果,导致,!用于；low_margin=0.002","课程中还会讨论抖动(Thrashing)现象,即进程频繁换页导致系统大部分时间都用于页面调度而非真正计算,这反映出内存管理与系统性能之间的紧密联系"
all_relations.csv,1005,非连续分配,has_part,Segmentation,非连续分配,has_part,Segmentation,has_part,kept,,has_part,0.7130,,,"has_part: score=0.713, conf=0.664, support=1, cues=整体部分,包括","为了提升内存利用率并简化分配管理,现代操作系统普遍采用非连续分配技术,主要包括分页(Paging)和分段(Segmentation)"
all_relations.csv,1006,课程中还会讨论抖动,used_for,页面调度,课程中还会讨论抖动,used_for,页面调度,used_for,kept,,used_for | causes,0.6782,0.6760,0.0022,"used_for: score=0.678, conf=0.662, support=1, cues=用途,用于,!导致；causes: score=0.676, conf=0.652, support=1, cues=因果,导致,!用于；low_margin=0.002","课程中还会讨论抖动(Thrashing)现象,即进程频繁换页导致系统大部分时间都用于页面调度而非真正计算,这反映出内存管理与系统性能之间的紧密联系"
all_relations.csv,1007,OS,is_a,资源管理,OS,is_a,资源管理,is_a,kept,,is_a,0.6984,,,"is_a: score=0.698, conf=0.660, support=1, cues=上下位","操作系统(Operating System,简称 OS)是计算机系统中最核心的系统软件之一,它位于硬件与应用程序之间,承担资源管理、任务调度、服务提供和用户接口等重要职责"
all_relations.csv,1008,Thrashing,used_for,内存,Thrashing,used_for,内存,used_for,kept,,used_for | causes,0.6769,0.6747,0.0022,"used_for: score=0.677, conf=0.660, support=1, cues=用途,用于,!导致；causes: score=0.675, conf=0.650, support=1, cues=因果,导致,!用于；low_margin=0.002","课程中还会讨论抖动(Thrashing)现象,即进程频繁换页导致系统大部分时间都用于页面调度而非真正计算,这反映出内存管理与系统性能之间的紧密联系"
all_relations.csv,1009,处理器管理,has_part,用户接口,处理器管理,has_part,用户接口,has_part,kept,,has_part,0.7105,,,"has_part: score=0.711, conf=0.660, support=1, cues=整体部分,包括","操作系统的功能通常可以归纳为处理器管理、存储管理、设备管理和文件管理四大部分,同时还包括用户接口、安全保护、网络通信和系统调用等内容"
all_relations.csv,1010,安全保护,is_a,存储管理,安全保护,is_a,存储管理,is_a,kept,,is_a,0.5420,,,"is_a: score=0.542, conf=0.660, support=1, cues=!包含,!包括","操作系统的功能通常可以归纳为处理器管理、存储管理、设备管理和文件管理四大部分,同时还包括用户接口、安全保护、网络通信和系统调用等内容"
all_relations.csv,1011,操作系统,is_a,系统软件,操作系统,is_a,系统软件,is_a,kept,,is_a,0.6984,,,"is_a: score=0.698, conf=0.660, support=1, cues=上下位","操作系统(Operating System,简称 OS)是计算机系统中最核心的系统软件之一,它位于硬件与应用程序之间,承担资源管理、任务调度、服务提供和用户接口等重要职责"
all_relations.csv,1012,文件管理,has_part,系统调用,文件管理,has_part,系统调用,has_part,kept,,has_part,0.7105,,,"has_part: score=0.711, conf=0.660, support=1, cues=整体部分,包括","操作系统的功能通常可以归纳为处理器管理、存储管理、设备管理和文件管理四大部分,同时还包括用户接口、安全保护、网络通信和系统调用等内容"
all_relations.csv,1013,网络通信,is_a,设备管理,网络通信,is_a,设备管理,is_a,kept,,is_a,0.5420,,,"is_a: score=0.542, conf=0.660, support=1, cues=!包含,!包括","操作系统的功能通常可以归纳为处理器管理、存储管理、设备管理和文件管理四大部分,同时还包括用户接口、安全保护、网络通信和系统调用等内容"
all_relations.csv,1014,课程中还会讨论抖动,used_for,内存,课程中还会讨论抖动,used_for,内存,used_for,kept,,used_for,0.6769,,,"used_for: score=0.677, conf=0.660, support=1, cues=用途,用于,!导致","课程中还会讨论抖动(Thrashing)现象,即进程频繁换页导致系统大部分时间都用于页面调度而非真正计算,这反映出内存管理与系统性能之间的紧密联系"
all_relations.csv,1015,课程中还会讨论抖动,causes,页面调度,课程中还会讨论抖动,causes,页面调度,used_for,relation_conflict_resolved,,used_for | causes,0.6782,0.6760,0.0022,"used_for: score=0.678, conf=0.662, support=1, cues=用途,用于,!导致；causes: score=0.676, conf=0.652, support=1, cues=因果,导致,!用于；low_margin=0.002","课程中还会讨论抖动(Thrashing)现象,即进程频繁换页导致系统大部分时间都用于页面调度而非真正计算,这反映出内存管理与系统性能之间的紧密联系"
all_relations.csv,1016,Segmentation,is_a,操作系统,Segmentation,is_a,操作系统,is_a,kept,,is_a,0.5358,,,"is_a: score=0.536, conf=0.650, support=1, cues=!包含,!包括","为了提升内存利用率并简化分配管理,现代操作系统普遍采用非连续分配技术,主要包括分页(Paging)和分段(Segmentation)"
all_relations.csv,1017,Thrashing,causes,内存,Thrashing,causes,内存,used_for,relation_conflict_resolved,,used_for | causes,0.6769,0.6747,0.0022,"used_for: score=0.677, conf=0.660, support=1, cues=用途,用于,!导致；causes: score=0.675, conf=0.650, support=1, cues=因果,导致,!用于；low_margin=0.002","课程中还会讨论抖动(Thrashing)现象,即进程频繁换页导致系统大部分时间都用于页面调度而非真正计算,这反映出内存管理与系统性能之间的紧密联系"
all_relations.csv,1018,地址映射,is_a,逻辑地址空间,地址映射,is_a,逻辑地址空间,is_a,kept,,is_a,0.5634,,,"is_a: score=0.563, conf=0.650, support=1, cues=!包含","分页将逻辑地址空间和物理内存都划分为固定大小的页和页框,程序运行时通过页表完成地址映射"
all_relations.csv,1019,安全保护,is_a,处理器管理,安全保护,is_a,处理器管理,is_a,kept,,is_a,0.5358,,,"is_a: score=0.536, conf=0.650, support=1, cues=!包含,!包括","操作系统的功能通常可以归纳为处理器管理、存储管理、设备管理和文件管理四大部分,同时还包括用户接口、安全保护、网络通信和系统调用等内容"
all_relations.csv,1020,系统调用,is_a,设备管理,系统调用,is_a,设备管理,is_a,kept,,is_a,0.5358,,,"is_a: score=0.536, conf=0.650, support=1, cues=!包含,!包括","操作系统的功能通常可以归纳为处理器管理、存储管理、设备管理和文件管理四大部分,同时还包括用户接口、安全保护、网络通信和系统调用等内容"
all_relations.csv,1021,操作系统,has_part,两级目录,操作系统,has_part,两级目录,has_part,kept,,has_part,0.7031,,,"has_part: score=0.703, conf=0.648, support=1, cues=整体部分,包括","操作系统通过目录结构组织大量文件,常见的目录结构包括单级目录、两级目录和树形目录"
all_relations.csv,1022,操作系统,has_part,分段,操作系统,has_part,分段,has_part,kept,,has_part,0.7031,,,"has_part: score=0.703, conf=0.648, support=1, cues=整体部分,包括","为了提升内存利用率并简化分配管理,现代操作系统普遍采用非连续分配技术,主要包括分页(Paging)和分段(Segmentation)"
all_relations.csv,1023,进程,has_part,地址空间,进程,has_part,地址空间,has_part,kept,,has_part,0.7180,,,"has_part: score=0.718, conf=0.646, support=1, cues=整体部分,包含,包括","进程不仅包含程序本身,还包括程序计数器、寄存器内容、地址空间、打开的文件、相关资源和运行状态等信息"
all_relations.csv,1024,周转时间,is_a,调度,周转时间,is_a,调度,is_a,kept,,is_a,0.5309,,,"is_a: score=0.531, conf=0.642, support=1, cues=!包含,!包括",调度的目标通常包括提高 CPU 利用率、增加系统吞吐量、减少周转时间、缩短响应时间和保证公平性
all_relations.csv,1025,存储管理,has_part,安全保护,存储管理,has_part,安全保护,has_part,kept,,has_part,0.6981,,,"has_part: score=0.698, conf=0.640, support=1, cues=整体部分,包括","操作系统的功能通常可以归纳为处理器管理、存储管理、设备管理和文件管理四大部分,同时还包括用户接口、安全保护、网络通信和系统调用等内容"
all_relations.csv,1026,设备管理,has_part,网络通信,设备管理,has_part,网络通信,has_part,kept,,has_part,0.6981,,,"has_part: score=0.698, conf=0.640, support=1, cues=整体部分,包括","操作系统的功能通常可以归纳为处理器管理、存储管理、设备管理和文件管理四大部分,同时还包括用户接口、安全保护、网络通信和系统调用等内容"
all_relations.csv,1027,树形目录,is_a,操作系统,树形目录,is_a,操作系统,is_a,kept,,is_a,0.5284,,,"is_a: score=0.528, conf=0.638, support=1, cues=!包含,!包括","操作系统通过目录结构组织大量文件,常见的目录结构包括单级目录、两级目录和树形目录"
all_relations.csv,1028,打开的文件,is_a,进程,打开的文件,is_a,进程,is_a,kept,,is_a,0.5272,,,"is_a: score=0.527, conf=0.636, support=1, cues=!包含,!包括","进程不仅包含程序本身,还包括程序计数器、寄存器内容、地址空间、打开的文件、相关资源和运行状态等信息"
all_relations.csv,1029,FCFS,is_a,调度,FCFS,is_a,调度,is_a,kept,,is_a,0.5234,,,"is_a: score=0.523, conf=0.630, support=1, cues=!包含,!包括","常见的调度算法包括先来先服务(First Come First Served,FCFS)、短作业优先(Shortest Job First,SJF)、时间片轮转(Round Robin,RR)、优先级调度和多级反馈队列(Multilevel Feedback Queue)等"
all_relations.csv,1030,Paging,is_a,内存,Paging,is_a,内存,is_a,kept,,is_a,0.5234,,,"is_a: score=0.523, conf=0.630, support=1, cues=!包含,!包括","为了提升内存利用率并简化分配管理,现代操作系统普遍采用非连续分配技术,主要包括分页(Paging)和分段(Segmentation)"
all_relations.csv,1031,Segmentation,is_a,内存,Segmentation,is_a,内存,is_a,kept,,is_a,0.5234,,,"is_a: score=0.523, conf=0.630, support=1, cues=!包含,!包括","为了提升内存利用率并简化分配管理,现代操作系统普遍采用非连续分配技术,主要包括分页(Paging)和分段(Segmentation)"
all_relations.csv,1032,Shortest Job First,is_a,调度,Shortest Job First,is_a,调度,is_a,kept,,is_a,0.5234,,,"is_a: score=0.523, conf=0.630, support=1, cues=!包含,!包括","常见的调度算法包括先来先服务(First Come First Served,FCFS)、短作业优先(Shortest Job First,SJF)、时间片轮转(Round Robin,RR)、优先级调度和多级反馈队列(Multilevel Feedback Queue)等"
all_relations.csv,1033,分段,is_a,内存,分段,is_a,内存,is_a,kept,,is_a,0.5234,,,"is_a: score=0.523, conf=0.630, support=1, cues=!包含,!包括","为了提升内存利用率并简化分配管理,现代操作系统普遍采用非连续分配技术,主要包括分页(Paging)和分段(Segmentation)"
all_relations.csv,1034,地址映射,is_a,分页,地址映射,is_a,分页,is_a,kept,,is_a,0.5510,,,"is_a: score=0.551, conf=0.630, support=1, cues=!包含","分页将逻辑地址空间和物理内存都划分为固定大小的页和页框,程序运行时通过页表完成地址映射"
all_relations.csv,1035,处理器管理,has_part,安全保护,处理器管理,has_part,安全保护,has_part,kept,,has_part,0.6919,,,"has_part: score=0.692, conf=0.630, support=1, cues=整体部分,包括","操作系统的功能通常可以归纳为处理器管理、存储管理、设备管理和文件管理四大部分,同时还包括用户接口、安全保护、网络通信和系统调用等内容"
all_relations.csv,1036,安全保护,is_a,操作系统,安全保护,is_a,操作系统,is_a,kept,,is_a,0.5234,,,"is_a: score=0.523, conf=0.630, support=1, cues=!包含,!包括","操作系统的功能通常可以归纳为处理器管理、存储管理、设备管理和文件管理四大部分,同时还包括用户接口、安全保护、网络通信和系统调用等内容"
all_relations.csv,1037,操作系统,has_part,Segmentation,操作系统,has_part,Segmentation,has_part,kept,,has_part,0.6919,,,"has_part: score=0.692, conf=0.630, support=1, cues=整体部分,包括","为了提升内存利用率并简化分配管理,现代操作系统普遍采用非连续分配技术,主要包括分页(Paging)和分段(Segmentation)"
all_relations.csv,1038,短作业优先,is_a,调度,短作业优先,is_a,调度,is_a,kept,,is_a,0.5234,,,"is_a: score=0.523, conf=0.630, support=1, cues=!包含,!包括","常见的调度算法包括先来先服务(First Come First Served,FCFS)、短作业优先(Shortest Job First,SJF)、时间片轮转(Round Robin,RR)、优先级调度和多级反馈队列(Multilevel Feedback Queue)等"
all_relations.csv,1039,系统调用,is_a,处理器管理,系统调用,is_a,处理器管理,is_a,kept,,is_a,0.5234,,,"is_a: score=0.523, conf=0.630, support=1, cues=!包含,!包括","操作系统的功能通常可以归纳为处理器管理、存储管理、设备管理和文件管理四大部分,同时还包括用户接口、安全保护、网络通信和系统调用等内容"
all_relations.csv,1040,系统调用,is_a,存储管理,系统调用,is_a,存储管理,is_a,kept,,is_a,0.5234,,,"is_a: score=0.523, conf=0.630, support=1, cues=!包含,!包括","操作系统的功能通常可以归纳为处理器管理、存储管理、设备管理和文件管理四大部分,同时还包括用户接口、安全保护、网络通信和系统调用等内容"
all_relations.csv,1041,网络通信,is_a,处理器管理,网络通信,is_a,处理器管理,is_a,kept,,is_a,0.5234,,,"is_a: score=0.523, conf=0.630, support=1, cues=!包含,!包括","操作系统的功能通常可以归纳为处理器管理、存储管理、设备管理和文件管理四大部分,同时还包括用户接口、安全保护、网络通信和系统调用等内容"
all_relations.csv,1042,网络通信,is_a,存储管理,网络通信,is_a,存储管理,is_a,kept,,is_a,0.5234,,,"is_a: score=0.523, conf=0.630, support=1, cues=!包含,!包括","操作系统的功能通常可以归纳为处理器管理、存储管理、设备管理和文件管理四大部分,同时还包括用户接口、安全保护、网络通信和系统调用等内容"
all_relations.csv,1043,设备管理,has_part,系统调用,设备管理,has_part,系统调用,has_part,kept,,has_part,0.6919,,,"has_part: score=0.692, conf=0.630, support=1, cues=整体部分,包括","操作系统的功能通常可以归纳为处理器管理、存储管理、设备管理和文件管理四大部分,同时还包括用户接口、安全保护、网络通信和系统调用等内容"
all_relations.csv,1044,运行状态,is_a,进程,运行状态,is_a,进程,is_a,kept,,is_a,0.5234,,,"is_a: score=0.523, conf=0.630, support=1, cues=!包含,!包括","进程不仅包含程序本身,还包括程序计数器、寄存器内容、地址空间、打开的文件、相关资源和运行状态等信息"
all_relations.csv,1045,调度,has_part,周转时间,调度,has_part,周转时间,has_part,kept,,has_part,0.6870,,,"has_part: score=0.687, conf=0.622, support=1, cues=整体部分,包括",调度的目标通常包括提高 CPU 利用率、增加系统吞吐量、减少周转时间、缩短响应时间和保证公平性
all_relations.csv,1046,操作系统,has_part,树形目录,操作系统,has_part,树形目录,has_part,kept,,has_part,0.6845,,,"has_part: score=0.684, conf=0.618, support=1, cues=整体部分,包括","操作系统通过目录结构组织大量文件,常见的目录结构包括单级目录、两级目录和树形目录"
all_relations.csv,1047,进程,has_part,打开的文件,进程,has_part,打开的文件,has_part,kept,,has_part,0.6994,,,"has_part: score=0.699, conf=0.616, support=1, cues=整体部分,包含,包括","进程不仅包含程序本身,还包括程序计数器、寄存器内容、地址空间、打开的文件、相关资源和运行状态等信息"
all_relations.csv,1048,分页,is_a,内存,分页,is_a,内存,is_a,kept,,is_a,0.5123,,,"is_a: score=0.512, conf=0.612, support=1, cues=!包含,!包括","为了提升内存利用率并简化分配管理,现代操作系统普遍采用非连续分配技术,主要包括分页(Paging)和分段(Segmentation)"
all_relations.csv,1049,页表,is_a,分页,页表,is_a,分页,is_a,kept,,is_a,0.5399,,,"is_a: score=0.540, conf=0.612, support=1, cues=!包含","分页将逻辑地址空间和物理内存都划分为固定大小的页和页框,程序运行时通过页表完成地址映射"
all_relations.csv,1050,公平性,is_a,调度,公平性,is_a,调度,is_a,kept,,is_a,0.5110,,,"is_a: score=0.511, conf=0.610, support=1, cues=!包含,!包括",调度的目标通常包括提高 CPU 利用率、增加系统吞吐量、减少周转时间、缩短响应时间和保证公平性
all_relations.csv,1051,内存,has_part,Paging,内存,has_part,Paging,has_part,kept,,has_part,0.6795,,,"has_part: score=0.680, conf=0.610, support=1, cues=整体部分,包括","为了提升内存利用率并简化分配管理,现代操作系统普遍采用非连续分配技术,主要包括分页(Paging)和分段(Segmentation)"
all_relations.csv,1052,内存,has_part,Segmentation,内存,has_part,Segmentation,has_part,kept,,has_part,0.6795,,,"has_part: score=0.680, conf=0.610, support=1, cues=整体部分,包括","为了提升内存利用率并简化分配管理,现代操作系统普遍采用非连续分配技术,主要包括分页(Paging)和分段(Segmentation)"
all_relations.csv,1053,内存,has_part,分段,内存,has_part,分段,has_part,kept,,has_part,0.6795,,,"has_part: score=0.680, conf=0.610, support=1, cues=整体部分,包括","为了提升内存利用率并简化分配管理,现代操作系统普遍采用非连续分配技术,主要包括分页(Paging)和分段(Segmentation)"
all_relations.csv,1054,响应时间,is_a,调度,响应时间,is_a,调度,is_a,kept,,is_a,0.5110,,,"is_a: score=0.511, conf=0.610, support=1, cues=!包含,!包括",调度的目标通常包括提高 CPU 利用率、增加系统吞吐量、减少周转时间、缩短响应时间和保证公平性
all_relations.csv,1055,处理器管理,has_part,系统调用,处理器管理,has_part,系统调用,has_part,kept,,has_part,0.6795,,,"has_part: score=0.680, conf=0.610, support=1, cues=整体部分,包括","操作系统的功能通常可以归纳为处理器管理、存储管理、设备管理和文件管理四大部分,同时还包括用户接口、安全保护、网络通信和系统调用等内容"
all_relations.csv,1056,处理器管理,has_part,网络通信,处理器管理,has_part,网络通信,has_part,kept,,has_part,0.6795,,,"has_part: score=0.680, conf=0.610, support=1, cues=整体部分,包括","操作系统的功能通常可以归纳为处理器管理、存储管理、设备管理和文件管理四大部分,同时还包括用户接口、安全保护、网络通信和系统调用等内容"
all_relations.csv,1057,存储管理,has_part,系统调用,存储管理,has_part,系统调用,has_part,kept,,has_part,0.6795,,,"has_part: score=0.680, conf=0.610, support=1, cues=整体部分,包括","操作系统的功能通常可以归纳为处理器管理、存储管理、设备管理和文件管理四大部分,同时还包括用户接口、安全保护、网络通信和系统调用等内容"
all_relations.csv,1058,存储管理,has_part,网络通信,存储管理,has_part,网络通信,has_part,kept,,has_part,0.6795,,,"has_part: score=0.680, conf=0.610, support=1, cues=整体部分,包括","操作系统的功能通常可以归纳为处理器管理、存储管理、设备管理和文件管理四大部分,同时还包括用户接口、安全保护、网络通信和系统调用等内容"
all_relations.csv,1059,操作系统,has_part,安全保护,操作系统,has_part,安全保护,has_part,kept,,has_part,0.6795,,,"has_part: score=0.680, conf=0.610, support=1, cues=整体部分,包括","操作系统的功能通常可以归纳为处理器管理、存储管理、设备管理和文件管理四大部分,同时还包括用户接口、安全保护、网络通信和系统调用等内容"
all_relations.csv,1060,用户接口,is_a,操作系统,用户接口,is_a,操作系统,is_a,kept,,is_a,0.5110,,,"is_a: score=0.511, conf=0.610, support=1, cues=!包含,!包括","操作系统的功能通常可以归纳为处理器管理、存储管理、设备管理和文件管理四大部分,同时还包括用户接口、安全保护、网络通信和系统调用等内容"
all_relations.csv,1061,调度,has_part,FCFS,调度,has_part,FCFS,has_part,kept,,has_part,0.6795,,,"has_part: score=0.680, conf=0.610, support=1, cues=整体部分,包括","常见的调度算法包括先来先服务(First Come First Served,FCFS)、短作业优先(Shortest Job First,SJF)、时间片轮转(Round Robin,RR)、优先级调度和多级反馈队列(Multilevel Feedback Queue)等"
all_relations.csv,1062,调度,has_part,Shortest Job First,调度,has_part,Shortest Job First,has_part,kept,,has_part,0.6795,,,"has_part: score=0.680, conf=0.610, support=1, cues=整体部分,包括","常见的调度算法包括先来先服务(First Come First Served,FCFS)、短作业优先(Shortest Job First,SJF)、时间片轮转(Round Robin,RR)、优先级调度和多级反馈队列(Multilevel Feedback Queue)等"
all_relations.csv,1063,调度,has_part,短作业优先,调度,has_part,短作业优先,has_part,kept,,has_part,0.6795,,,"has_part: score=0.680, conf=0.610, support=1, cues=整体部分,包括","常见的调度算法包括先来先服务(First Come First Served,FCFS)、短作业优先(Shortest Job First,SJF)、时间片轮转(Round Robin,RR)、优先级调度和多级反馈队列(Multilevel Feedback Queue)等"
all_relations.csv,1064,进程,has_part,运行状态,进程,has_part,运行状态,has_part,kept,,has_part,0.6956,,,"has_part: score=0.696, conf=0.610, support=1, cues=整体部分,包含,包括","进程不仅包含程序本身,还包括程序计数器、寄存器内容、地址空间、打开的文件、相关资源和运行状态等信息"
all_relations.csv,1065,内存,has_part,分页,内存,has_part,分页,has_part,kept,,has_part,0.6684,,,"has_part: score=0.668, conf=0.592, support=1, cues=整体部分,包括","为了提升内存利用率并简化分配管理,现代操作系统普遍采用非连续分配技术,主要包括分页(Paging)和分段(Segmentation)"
all_relations.csv,1066,操作系统,has_part,用户接口,操作系统,has_part,用户接口,has_part,kept,,has_part,0.6671,,,"has_part: score=0.667, conf=0.590, support=1, cues=整体部分,包括","操作系统的功能通常可以归纳为处理器管理、存储管理、设备管理和文件管理四大部分,同时还包括用户接口、安全保护、网络通信和系统调用等内容"
all_relations.csv,1067,调度,has_part,公平性,调度,has_part,公平性,has_part,kept,,has_part,0.6671,,,"has_part: score=0.667, conf=0.590, support=1, cues=整体部分,包括",调度的目标通常包括提高 CPU 利用率、增加系统吞吐量、减少周转时间、缩短响应时间和保证公平性
all_relations.csv,1068,调度,has_part,响应时间,调度,has_part,响应时间,has_part,kept,,has_part,0.6671,,,"has_part: score=0.667, conf=0.590, support=1, cues=整体部分,包括",调度的目标通常包括提高 CPU 利用率、增加系统吞吐量、减少周转时间、缩短响应时间和保证公平性
