head,relation,tail,head_type,tail_type,confidence,evidence,pattern_names,section_titles,source_files,record_count,source_row_ids,source_relations,conflicting_relations,disambiguation_score,disambiguation_method,disambiguation_basis
CMS,is_a,G1,垃圾回收器实体,垃圾回收器实体,0.6980,标记-复制算法应用在CMS新生代(ParNew是CMS默认的新生代垃圾回收器)和G1垃圾回收器中,上下位关系,使用ThreadLocal,JVM.txt,1,299,is_a,,0.7220,relation_taxonomy_normalization + direction_normalization + duplicate_merge,"is_a: score=0.722, conf=0.698, support=1, cues=上下位"
CMS,is_a,ParNew,垃圾回收器实体,垃圾回收器实体,0.6980,"CMS收集器是老年代的收集器,可以配合新生代的Serial和ParNew收集器一起使用",上下位关系,使用ThreadLocal,JVM.txt,1,300,is_a,,0.7220,relation_taxonomy_normalization + direction_normalization + duplicate_merge,"is_a: score=0.722, conf=0.698, support=1, cues=上下位"
CMS,is_a,Serial,垃圾回收器实体,垃圾回收器实体,0.7400,"CMS收集器是老年代的收集器,可以配合新生代的Serial和ParNew收集器一起使用",上下位关系,使用ThreadLocal,JVM.txt,1,213,is_a,,0.7480,relation_taxonomy_normalization + direction_normalization + duplicate_merge,"is_a: score=0.748, conf=0.740, support=1, cues=上下位"
CMS,is_a,使用,垃圾回收器实体,类加载过程实体,0.8560,"CMS收集器是使用“标记-清除”算法进行的垃圾回收,容易产生内存碎片",上下位关系,使用ThreadLocal,JVM.txt,1,14,is_a,,0.8200,relation_taxonomy_normalization + direction_normalization + duplicate_merge,"is_a: score=0.820, conf=0.856, support=1, cues=上下位"
CMS,is_a,内存碎片,垃圾回收器实体,场景与问题实体,0.7180,"CMS收集器是使用“标记-清除”算法进行的垃圾回收,容易产生内存碎片",上下位关系,使用ThreadLocal,JVM.txt,1,250,is_a,,0.7344,relation_taxonomy_normalization + direction_normalization + duplicate_merge,"is_a: score=0.734, conf=0.718, support=1, cues=上下位"
CMS,is_a,垃圾回收,垃圾回收器实体,领域实体,0.7780,"CMS产生浮动垃圾过多时会退化为serial old,效率低,因为在上图的第四阶段,CMS清除垃圾时是并发清除的,这个时候,垃圾回收线程和用户线程同时工作会产生浮动垃圾,也就意味着CMS垃圾回收器必须预留一部分内存空间用于存放浮动垃圾",上下位关系,使用ThreadLocal,JVM.txt,1,123,is_a,,0.7440,relation_taxonomy_normalization + direction_normalization + duplicate_merge,"is_a: score=0.744, conf=0.778, support=1, cues=上下位,!用于"
CMS,is_a,新生代,垃圾回收器实体,堆结构实体,0.7840,"CMS收集器是老年代的收集器,可以配合新生代的Serial和ParNew收集器一起使用",上下位关系,使用ThreadLocal,JVM.txt,1,109,is_a,,0.7753,relation_taxonomy_normalization + direction_normalization + duplicate_merge,"is_a: score=0.775, conf=0.784, support=1, cues=上下位"
CMS,is_a,线程,垃圾回收器实体,线程与私有性相关实体,0.7540,"CMS产生浮动垃圾过多时会退化为serial old,效率低,因为在上图的第四阶段,CMS清除垃圾时是并发清除的,这个时候,垃圾回收线程和用户线程同时工作会产生浮动垃圾,也就意味着CMS垃圾回收器必须预留一部分内存空间用于存放浮动垃圾",上下位关系,使用ThreadLocal,JVM.txt,1,177,is_a,,0.7291,relation_taxonomy_normalization + direction_normalization + duplicate_merge,"is_a: score=0.729, conf=0.754, support=1, cues=上下位,!用于"
CMS,is_a,老年代,垃圾回收器实体,堆结构实体,0.8560,"CMS收集器是老年代的收集器,可以配合新生代的Serial和ParNew收集器一起使用",上下位关系,使用ThreadLocal,JVM.txt,1,15,is_a,,0.8200,relation_taxonomy_normalization + direction_normalization + duplicate_merge,"is_a: score=0.820, conf=0.856, support=1, cues=上下位"
CMS,used_for,浮动垃圾,垃圾回收器实体,垃圾回收核心概念实体,0.7400,"CMS产生浮动垃圾过多时会退化为serial old,效率低,因为在上图的第四阶段,CMS清除垃圾时是并发清除的,这个时候,垃圾回收线程和用户线程同时工作会产生浮动垃圾,也就意味着CMS垃圾回收器必须预留一部分内存空间用于存放浮动垃圾",用途关系,使用ThreadLocal,JVM.txt,1,214 | 328,used_for | is_a,is_a,0.7541,relation_taxonomy_normalization + direction_normalization + evidence_weighted_relation_voting,"used_for: score=0.754, conf=0.740, support=1, cues=用途,用于；is_a: score=0.683, conf=0.680, support=1, cues=上下位,!用于"
Eden 区,is_a,新生代,堆结构实体,堆结构实体,0.7860,"从内存回收角度,堆被划分为新生代和老年代,新生代又分为 Eden 区和两个 Survivor 区(From Survivor 和 To Survivor)",上位包含关系,全文,JVM.txt,1,108,is_a,,0.6478,relation_taxonomy_normalization + direction_normalization + duplicate_merge,"is_a: score=0.648, conf=0.786, support=1, cues=!包含"
Eden 区,is_a,老年代,堆结构实体,堆结构实体,0.7620,"从内存回收角度,堆被划分为新生代和老年代,新生代又分为 Eden 区和两个 Survivor 区(From Survivor 和 To Survivor)",上位包含关系,全文,JVM.txt,1,163,is_a,,0.6329,relation_taxonomy_normalization + direction_normalization + duplicate_merge,"is_a: score=0.633, conf=0.762, support=1, cues=!包含"
Entry,causes,内存泄漏,代码与容器实体,领域实体,0.7420,"如果当前线程迟迟不结束的话,这些key为null的Entry的value就会一直存在一条强引用链:Thread Ref -> Thread -> ThreaLocalMap -> Entry -> value永远无法回收,造成内存泄漏",因果关系,使用ThreadLocal,JVM.txt,1,206,causes,,0.7594,relation_taxonomy_normalization + direction_normalization + duplicate_merge,"causes: score=0.759, conf=0.742, support=1, cues=因果,造成"
From Survivor,is_a,新生代,堆结构实体,堆结构实体,0.6600,"从内存回收角度,堆被划分为新生代和老年代,新生代又分为 Eden 区和两个 Survivor 区(From Survivor 和 To Survivor)",上位包含关系,全文,JVM.txt,1,363,is_a,,0.5696,relation_taxonomy_normalization + direction_normalization + duplicate_merge,"is_a: score=0.570, conf=0.660, support=1, cues=!包含"
From Survivor,is_a,老年代,堆结构实体,堆结构实体,0.6360,"从内存回收角度,堆被划分为新生代和老年代,新生代又分为 Eden 区和两个 Survivor 区(From Survivor 和 To Survivor)",上位包含关系,全文,JVM.txt,1,398,is_a,,0.5548,relation_taxonomy_normalization + direction_normalization + duplicate_merge,"is_a: score=0.555, conf=0.636, support=1, cues=!包含"
Full GC,alias_of,Major GC,垃圾回收核心概念实体,垃圾回收核心概念实体,0.9260,"老年代中的对象生命周期较长,因此Major GC(也称为Full GC,涉及老年代的垃圾回收)发生的频率相对较低,但其执行时间通常比Minor GC长",别名关系,全文,JVM.txt,1,1,alias_of,,0.8885,relation_taxonomy_normalization + direction_normalization + duplicate_merge,"alias_of: score=0.888, conf=0.926, support=1, cues=也称,别名"
Full GC,is_a,Stop The World,垃圾回收核心概念实体,垃圾回收核心概念实体,0.7220,"特点:Full GC是最昂贵的操作,因为它需要停止所有的工作线程(Stop The World),遍历整个堆内存来查找和回收不再使用的对象,因此应尽量减少Full GC的触发",上下位关系,使用ThreadLocal,JVM.txt,1,244,is_a,,0.7369,relation_taxonomy_normalization + direction_normalization + duplicate_merge,"is_a: score=0.737, conf=0.722, support=1, cues=上下位"
Full GC,is_a,线程,垃圾回收核心概念实体,线程与私有性相关实体,0.7600,"特点:Full GC是最昂贵的操作,因为它需要停止所有的工作线程(Stop The World),遍历整个堆内存来查找和回收不再使用的对象,因此应尽量减少Full GC的触发",上下位关系,使用ThreadLocal,JVM.txt,1,165,is_a,,0.7604,relation_taxonomy_normalization + direction_normalization + duplicate_merge,"is_a: score=0.760, conf=0.760, support=1, cues=上下位"
G1,depends_on,内存碎片,垃圾回收器实体,场景与问题实体,0.7200,"G1(Garbage First)收集器 (标记-整理算法): Java堆并行收集器,G1收集器是JDK1.7提供的一个新收集器,G1收集器基于“标记-整理”算法实现,也就是说不会产生内存碎片",依赖关系,使用ThreadLocal,JVM.txt,1,231 | 246,is_a | depends_on,is_a,0.7437,relation_taxonomy_normalization + direction_normalization + evidence_weighted_relation_voting,"depends_on: score=0.744, conf=0.720, support=1, cues=依赖,基于；is_a: score=0.714, conf=0.730, support=1, cues=上下位,!基于"
G1,depends_on,大对象,垃圾回收器实体,对象与字符串相关实体,0.7200,"算法: G1 基于标记--整理算法, 不会产生空间碎片,在分配大对象时,不会因无法得到连续的空间,而提前触发一次 FULL GC",依赖关系,使用ThreadLocal,JVM.txt,1,247,depends_on,,0.7437,relation_taxonomy_normalization + direction_normalization + duplicate_merge,"depends_on: score=0.744, conf=0.720, support=1, cues=依赖,基于"
G1,implemented_by,JVM,垃圾回收器实体,领域实体,0.8600,"大对象区(Large Object Space / Humongous Objects):在某些JVM实现中(如G1垃圾收集器),为大对象分配了专门的区域,称为大对象区或Humongous Objects区域",实现关系,全文,JVM.txt,1,13,implemented_by,,0.8365,relation_taxonomy_normalization + direction_normalization + duplicate_merge,"implemented_by: score=0.837, conf=0.860, support=1, cues=实现关系,实现"
G1,is_a,Java 堆,垃圾回收器实体,内存区域实体,0.8320,"此外,G1收集器不同于之前的收集器的一个重要特点是:G1回收的范围是整个Java堆(包括新生代,老年代),而前六种收集器回收的范围仅限于新生代或老年代",上下位关系,使用ThreadLocal,JVM.txt,1,33,is_a,,0.7775,relation_taxonomy_normalization + direction_normalization + duplicate_merge,"is_a: score=0.777, conf=0.832, support=1, cues=上下位,!包括"
G1,is_a,STW,垃圾回收器实体,垃圾回收核心概念实体,0.7540,"因此,G1停顿时间的瓶颈主要是标记-复制中的转移阶段STW",上下位关系,使用ThreadLocal,JVM.txt,1,178,is_a,,0.7567,relation_taxonomy_normalization + direction_normalization + duplicate_merge,"is_a: score=0.757, conf=0.754, support=1, cues=上下位"
G1,is_a,gc,垃圾回收器实体,领域实体,0.7840,"而G1没有浮动垃圾,G1的筛选回收是多个垃圾回收线程并行gc的,没有浮动垃圾的回收,在执行‘并发清理’步骤时,用户线程也会同时产生一部分可回收对象,但是这部分可回收对象只能在下次执行清理是才会被回收",上下位关系,使用ThreadLocal,JVM.txt,1,110,is_a,,0.7753,relation_taxonomy_normalization + direction_normalization + duplicate_merge,"is_a: score=0.775, conf=0.784, support=1, cues=上下位"
G1,is_a,垃圾回收,垃圾回收器实体,领域实体,0.8320,"而G1没有浮动垃圾,G1的筛选回收是多个垃圾回收线程并行gc的,没有浮动垃圾的回收,在执行‘并发清理’步骤时,用户线程也会同时产生一部分可回收对象,但是这部分可回收对象只能在下次执行清理是才会被回收",上下位关系,使用ThreadLocal,JVM.txt,1,34,is_a,,0.8051,relation_taxonomy_normalization + direction_normalization + duplicate_merge,"is_a: score=0.805, conf=0.832, support=1, cues=上下位"
G1,is_a,新生代,垃圾回收器实体,堆结构实体,0.8080,G1收集器收集范围是老年代和新生代,上下位关系,使用ThreadLocal,JVM.txt,1,60 | 264,is_a | has_part,has_part,0.7902,relation_taxonomy_normalization + direction_normalization + evidence_weighted_relation_voting,"is_a: score=0.790, conf=0.808, support=1, cues=上下位；has_part: score=0.744, conf=0.714, support=1, cues=整体部分,包括"
G1,is_a,浮动垃圾,垃圾回收器实体,垃圾回收核心概念实体,0.7480,"而G1没有浮动垃圾,G1的筛选回收是多个垃圾回收线程并行gc的,没有浮动垃圾的回收,在执行‘并发清理’步骤时,用户线程也会同时产生一部分可回收对象,但是这部分可回收对象只能在下次执行清理是才会被回收",上下位关系,使用ThreadLocal,JVM.txt,1,191,is_a,,0.7530,relation_taxonomy_normalization + direction_normalization + duplicate_merge,"is_a: score=0.753, conf=0.748, support=1, cues=上下位"
G1,is_a,线程,垃圾回收器实体,线程与私有性相关实体,0.8080,"而G1没有浮动垃圾,G1的筛选回收是多个垃圾回收线程并行gc的,没有浮动垃圾的回收,在执行‘并发清理’步骤时,用户线程也会同时产生一部分可回收对象,但是这部分可回收对象只能在下次执行清理是才会被回收",上下位关系,使用ThreadLocal,JVM.txt,1,61,is_a,,0.7902,relation_taxonomy_normalization + direction_normalization + duplicate_merge,"is_a: score=0.790, conf=0.808, support=1, cues=上下位"
G1,is_a,老年代,垃圾回收器实体,堆结构实体,0.8320,G1收集器收集范围是老年代和新生代,上下位关系,使用ThreadLocal,JVM.txt,1,35 | 311,is_a | has_part,has_part,0.8051,relation_taxonomy_normalization + direction_normalization + evidence_weighted_relation_voting,"is_a: score=0.805, conf=0.832, support=1, cues=上下位；has_part: score=0.729, conf=0.690, support=1, cues=整体部分,包括"
G1,is_a,转移阶段,垃圾回收器实体,垃圾回收算法实体,0.7780,"因此,G1停顿时间的瓶颈主要是标记-复制中的转移阶段STW",上下位关系,使用ThreadLocal,JVM.txt,1,124,is_a,,0.7716,relation_taxonomy_normalization + direction_normalization + duplicate_merge,"is_a: score=0.772, conf=0.778, support=1, cues=上下位"
GC Roots,alias_of,标记阶段,垃圾回收核心概念实体,垃圾回收算法实体,0.9520,"标记阶段,即从GC Roots集合开始,标记活跃对象",别名关系,使用ThreadLocal,JVM.txt,1,0,alias_of,,0.8885,relation_taxonomy_normalization + direction_normalization + duplicate_merge,"alias_of: score=0.888, conf=0.952, support=1, cues=别名"
GC Roots,has_part,方法区,垃圾回收核心概念实体,内存区域实体,0.6480,GC Roots对象包括:虚拟机栈(栈帧中的本地变量表)中引用的对象、方法区中类静态属性引用的对象、本地方法栈中JNI(Java Native Interface)引用的对象、活跃线程的引用等,整体部分关系,使用ThreadLocal,JVM.txt,1,391,has_part,,0.7031,relation_taxonomy_normalization + direction_normalization + duplicate_merge,"has_part: score=0.703, conf=0.648, support=1, cues=整体部分,包括"
GC Roots,has_part,本地方法栈,垃圾回收核心概念实体,内存区域实体,0.6100,GC Roots对象包括:虚拟机栈(栈帧中的本地变量表)中引用的对象、方法区中类静态属性引用的对象、本地方法栈中JNI(Java Native Interface)引用的对象、活跃线程的引用等,整体部分关系,使用ThreadLocal,JVM.txt,1,403,has_part,,0.6795,relation_taxonomy_normalization + direction_normalization + duplicate_merge,"has_part: score=0.680, conf=0.610, support=1, cues=整体部分,包括"
GC Roots,has_part,栈帧,垃圾回收核心概念实体,栈与栈帧相关实体,0.7500,GC Roots对象包括:虚拟机栈(栈帧中的本地变量表)中引用的对象、方法区中类静态属性引用的对象、本地方法栈中JNI(Java Native Interface)引用的对象、活跃线程的引用等,枚举结构关系,使用ThreadLocal,JVM.txt,1,186,has_part,,0.7663,relation_taxonomy_normalization + direction_normalization + duplicate_merge,"has_part: score=0.766, conf=0.750, support=1, cues=枚举结构,包括"
GC Roots,has_part,虚拟机栈,垃圾回收核心概念实体,内存区域实体,0.7800,GC Roots对象包括:虚拟机栈(栈帧中的本地变量表)中引用的对象、方法区中类静态属性引用的对象、本地方法栈中JNI(Java Native Interface)引用的对象、活跃线程的引用等,枚举结构关系,使用ThreadLocal,JVM.txt,1,119,has_part,,0.7849,relation_taxonomy_normalization + direction_normalization + duplicate_merge,"has_part: score=0.785, conf=0.780, support=1, cues=枚举结构,包括"
GC Roots,is_a,STW,垃圾回收核心概念实体,垃圾回收核心概念实体,0.7460,"初始标记阶段:初始标记阶段是指从GC Roots出发标记全部直接子节点的过程,该阶段是STW的",上下位关系,使用ThreadLocal,JVM.txt,1,200,is_a,,0.7518,relation_taxonomy_normalization + direction_normalization + duplicate_merge,"is_a: score=0.752, conf=0.746, support=1, cues=上下位"
Humongous Objects,has_part,G1,堆结构实体,垃圾回收器实体,0.7320,"大对象区(Large Object Space / Humongous Objects):在某些JVM实现中(如G1垃圾收集器),为大对象分配了专门的区域,称为大对象区或Humongous Objects区域",枚举结构关系,全文,JVM.txt,1,228,has_part,,0.7391,relation_taxonomy_normalization + direction_normalization + duplicate_merge,"has_part: score=0.739, conf=0.732, support=1, cues=枚举结构"
Humongous Objects,has_part,JVM,堆结构实体,领域实体,0.7800,"大对象区(Large Object Space / Humongous Objects):在某些JVM实现中(如G1垃圾收集器),为大对象分配了专门的区域,称为大对象区或Humongous Objects区域",枚举结构关系,全文,JVM.txt,1,120,has_part,,0.7688,relation_taxonomy_normalization + direction_normalization + duplicate_merge,"has_part: score=0.769, conf=0.780, support=1, cues=枚举结构"
Humongous Objects,has_part,大对象,堆结构实体,对象与字符串相关实体,0.6720,"大对象区(Large Object Space / Humongous Objects):在某些JVM实现中(如G1垃圾收集器),为大对象分配了专门的区域,称为大对象区或Humongous Objects区域",枚举结构关系,全文,JVM.txt,1,347,has_part,,0.7019,relation_taxonomy_normalization + direction_normalization + duplicate_merge,"has_part: score=0.702, conf=0.672, support=1, cues=枚举结构"
JProfiler,is_a,内存泄漏,工具与排查实体,领域实体,0.7120,"分析快照文件:使用 MAT(Memory Analyzer Tool)或 JProfiler 等工具分析快照,重点看哪些对象占用了大量内存、是否存在内存泄漏(如对象长期被无用引用持有,无法回收)",上下位关系,全文,JVM.txt,1,270,is_a,,0.7307,relation_taxonomy_normalization + direction_normalization + duplicate_merge,"is_a: score=0.731, conf=0.712, support=1, cues=上下位"
JVM,is_a,Java 虚拟机,领域实体,领域实体,0.7820,"验证(Verification),这是虚拟机安全的重要保障,JVM 需要核验字节信息是符合 Java 虚拟机规范的,否则就被认为是 VerifyError,这样就防止了恶意信息或者不合规的信息危害 JVM 的运行,验证阶段有可能触发更多 class 的加载",上下位关系,使用ThreadLocal,JVM.txt,1,117,is_a,,0.7741,relation_taxonomy_normalization + direction_normalization + duplicate_merge,"is_a: score=0.774, conf=0.782, support=1, cues=上下位"
JVM,is_a,VerifyError,领域实体,异常与错误实体,0.6820,"验证(Verification),这是虚拟机安全的重要保障,JVM 需要核验字节信息是符合 Java 虚拟机规范的,否则就被认为是 VerifyError,这样就防止了恶意信息或者不合规的信息危害 JVM 的运行,验证阶段有可能触发更多 class 的加载",上下位关系,使用ThreadLocal,JVM.txt,1,326,is_a,,0.7121,relation_taxonomy_normalization + direction_normalization + duplicate_merge,"is_a: score=0.712, conf=0.682, support=1, cues=上下位"
JVM,is_a,堆外内存,领域实体,内存区域实体,0.7240,"直接内存:不属于 JVM 运行时数据区的一部分,通过 NIO 类引入,是一种堆外内存,可以显著提高 I/O 性能",上下位关系,全文,JVM.txt,1,239,is_a,,0.7703,relation_taxonomy_normalization + direction_normalization + duplicate_merge,"is_a: score=0.770, conf=0.724, support=1, cues=上下位,属于,是一种"
JVM,used_for,动态链接,领域实体,栈与栈帧相关实体,0.6600,"栈帧创建:在调用一个方法前,JVM会在当前线程的Java虚拟机栈中为该方法分配一个新的栈帧,用于存储局部变量表、操作数栈、动态链接、方法出口等信息",用途关系,全文,JVM.txt,1,364,used_for,,0.7045,relation_taxonomy_normalization + direction_normalization + duplicate_merge,"used_for: score=0.705, conf=0.660, support=1, cues=用途,用于"
JVM,used_for,对象实例,领域实体,对象与字符串相关实体,0.7400,"Java堆(Heap)是Java虚拟机(JVM)中内存管理的一个重要区域,主要用于存放对象实例和数组",用途关系,全文,JVM.txt,1,215,used_for,,0.7541,relation_taxonomy_normalization + direction_normalization + duplicate_merge,"used_for: score=0.754, conf=0.740, support=1, cues=用途,用于"
JVM,used_for,局部变量表,领域实体,栈与栈帧相关实体,0.6620,"栈帧创建:在调用一个方法前,JVM会在当前线程的Java虚拟机栈中为该方法分配一个新的栈帧,用于存储局部变量表、操作数栈、动态链接、方法出口等信息",用途关系,全文,JVM.txt,1,360,used_for,,0.7058,relation_taxonomy_normalization + direction_normalization + duplicate_merge,"used_for: score=0.706, conf=0.662, support=1, cues=用途,用于"
JVM,used_for,操作数栈,领域实体,栈与栈帧相关实体,0.6600,"栈帧创建:在调用一个方法前,JVM会在当前线程的Java虚拟机栈中为该方法分配一个新的栈帧,用于存储局部变量表、操作数栈、动态链接、方法出口等信息",用途关系,全文,JVM.txt,1,365,used_for,,0.7045,relation_taxonomy_normalization + direction_normalization + duplicate_merge,"used_for: score=0.705, conf=0.660, support=1, cues=用途,用于"
JVM,used_for,数组,领域实体,对象与字符串相关实体,0.7100,"Java堆(Heap)是Java虚拟机(JVM)中内存管理的一个重要区域,主要用于存放对象实例和数组",用途关系,全文,JVM.txt,1,276,used_for,,0.7355,relation_taxonomy_normalization + direction_normalization + duplicate_merge,"used_for: score=0.736, conf=0.710, support=1, cues=用途,用于"
JVM内存模型,used_for,局部变量,领域实体,栈与栈帧相关实体,0.7460,"在JVM内存模型中,栈(Stack)主要用于管理线程的局部变量和方法调用的上下文,而堆(Heap)则是用于存储所有类的实例和数组",用途关系,全文,JVM.txt,1,201,used_for,,0.7579,relation_taxonomy_normalization + direction_normalization + duplicate_merge,"used_for: score=0.758, conf=0.746, support=1, cues=用途,用于"
JVM内存模型,used_for,方法调用,领域实体,栈与栈帧相关实体,0.7160,"在JVM内存模型中,栈(Stack)主要用于管理线程的局部变量和方法调用的上下文,而堆(Heap)则是用于存储所有类的实例和数组",用途关系,全文,JVM.txt,1,258,used_for,,0.7393,relation_taxonomy_normalization + direction_normalization + duplicate_merge,"used_for: score=0.739, conf=0.716, support=1, cues=用途,用于"
JVM内存模型,used_for,线程,领域实体,线程与私有性相关实体,0.7640,"在JVM内存模型中,栈(Stack)主要用于管理线程的局部变量和方法调用的上下文,而堆(Heap)则是用于存储所有类的实例和数组",用途关系,全文,JVM.txt,1,158,used_for,,0.7690,relation_taxonomy_normalization + direction_normalization + duplicate_merge,"used_for: score=0.769, conf=0.764, support=1, cues=用途,用于"
Java heap space,is_a,堆内存溢,异常与错误实体,内存区域实体,0.8440,"堆内存溢出:当出现Java.lang.OutOfMemoryError:Java heap space异常时,就是堆内存溢出了",上下位关系,全文,JVM.txt,1,24,is_a,,0.8125,relation_taxonomy_normalization + direction_normalization + duplicate_merge,"is_a: score=0.813, conf=0.844, support=1, cues=上下位"
Java 堆,has_part,新生代,内存区域实体,堆结构实体,0.7920,"此外,G1收集器不同于之前的收集器的一个重要特点是:G1回收的范围是整个Java堆(包括新生代,老年代),而前六种收集器回收的范围仅限于新生代或老年代",整体部分关系,使用ThreadLocal,JVM.txt,1,87,has_part,,0.7924,relation_taxonomy_normalization + direction_normalization + duplicate_merge,"has_part: score=0.792, conf=0.792, support=1, cues=整体部分,包括"
Java 堆,has_part,老年代,内存区域实体,堆结构实体,0.7680,"此外,G1收集器不同于之前的收集器的一个重要特点是:G1回收的范围是整个Java堆(包括新生代,老年代),而前六种收集器回收的范围仅限于新生代或老年代",整体部分关系,使用ThreadLocal,JVM.txt,1,140,has_part,,0.7775,relation_taxonomy_normalization + direction_normalization + duplicate_merge,"has_part: score=0.777, conf=0.768, support=1, cues=整体部分,包括"
Java 堆,is_a,G1,内存区域实体,垃圾回收器实体,0.7120,"G1(Garbage First)收集器 (标记-整理算法): Java堆并行收集器,G1收集器是JDK1.7提供的一个新收集器,G1收集器基于“标记-整理”算法实现,也就是说不会产生内存碎片",上下位关系,使用ThreadLocal,JVM.txt,1,271,is_a,,0.7031,relation_taxonomy_normalization + direction_normalization + duplicate_merge,"is_a: score=0.703, conf=0.712, support=1, cues=上下位,!基于"
Java 堆,is_a,JVM,内存区域实体,领域实体,0.7900,"Java堆(Heap)是Java虚拟机(JVM)中内存管理的一个重要区域,主要用于存放对象实例和数组",上下位关系,全文,JVM.txt,1,86 | 96,has_part | is_a,has_part,0.7514,relation_taxonomy_normalization + direction_normalization + evidence_weighted_relation_voting,"is_a: score=0.751, conf=0.790, support=1, cues=上下位,!用于；has_part: score=0.749, conf=0.792, support=1, cues=枚举结构,!用于；low_margin=0.003"
Java 堆,is_a,Java 虚拟机,内存区域实体,领域实体,0.8380,"Java堆(Heap)是Java虚拟机(JVM)中内存管理的一个重要区域,主要用于存放对象实例和数组",上下位关系,全文,JVM.txt,1,29,is_a,,0.7812,relation_taxonomy_normalization + direction_normalization + duplicate_merge,"is_a: score=0.781, conf=0.838, support=1, cues=上下位,!用于"
Java 堆,is_a,使用,内存区域实体,类加载过程实体,0.8560,"元空间并不在Java堆中,而是使用本地内存,这解决了永久代容易出现的内存溢出问题",上下位关系,全文,JVM.txt,1,16,is_a,,0.8200,relation_taxonomy_normalization + direction_normalization + duplicate_merge,"is_a: score=0.820, conf=0.856, support=1, cues=上下位"
Java 堆,is_a,内存溢出,内存区域实体,领域实体,0.7420,"元空间并不在Java堆中,而是使用本地内存,这解决了永久代容易出现的内存溢出问题",上下位关系,全文,JVM.txt,1,207,is_a,,0.7493,relation_taxonomy_normalization + direction_normalization + duplicate_merge,"is_a: score=0.749, conf=0.742, support=1, cues=上下位"
Java 堆,is_a,本地内存,内存区域实体,内存区域实体,0.8240,"元空间并不在Java堆中,而是使用本地内存,这解决了永久代容易出现的内存溢出问题",上下位关系,全文,JVM.txt,1,44,is_a,,0.8001,relation_taxonomy_normalization + direction_normalization + duplicate_merge,"is_a: score=0.800, conf=0.824, support=1, cues=上下位"
Java 堆,is_a,线程共享,内存区域实体,线程与私有性相关实体,0.7540,"Java 堆:是 JVM 中最大的一块内存区域,被所有线程共享,在虚拟机启动时创建,用于存放对象实例",上下位关系,全文,JVM.txt,1,179 | 322,is_a | has_part,has_part,0.7291,relation_taxonomy_normalization + direction_normalization + evidence_weighted_relation_voting,"is_a: score=0.729, conf=0.754, support=1, cues=上下位,!用于；has_part: score=0.682, conf=0.684, support=1, cues=枚举结构,!用于"
Java 堆,used_for,对象实例,内存区域实体,对象与字符串相关实体,0.6600,"Java 堆:是 JVM 中最大的一块内存区域,被所有线程共享,在虚拟机启动时创建,用于存放对象实例",用途关系,全文,JVM.txt,1,366,used_for,,0.7045,relation_taxonomy_normalization + direction_normalization + duplicate_merge,"used_for: score=0.705, conf=0.660, support=1, cues=用途,用于"
Java 堆,used_for,数组,内存区域实体,对象与字符串相关实体,0.6600,"Java堆(Heap)是Java虚拟机(JVM)中内存管理的一个重要区域,主要用于存放对象实例和数组",用途关系,全文,JVM.txt,1,367,used_for,,0.7045,relation_taxonomy_normalization + direction_normalization + duplicate_merge,"used_for: score=0.705, conf=0.660, support=1, cues=用途,用于"
Java 虚拟机,is_a,VerifyError,领域实体,异常与错误实体,0.8080,"验证(Verification),这是虚拟机安全的重要保障,JVM 需要核验字节信息是符合 Java 虚拟机规范的,否则就被认为是 VerifyError,这样就防止了恶意信息或者不合规的信息危害 JVM 的运行,验证阶段有可能触发更多 class 的加载",上下位关系,使用ThreadLocal,JVM.txt,1,62,is_a,,0.7902,relation_taxonomy_normalization + direction_normalization + duplicate_merge,"is_a: score=0.790, conf=0.808, support=1, cues=上下位"
Java 虚拟机,used_for,加载,领域实体,类加载过程实体,0.6600,《深入理解Java虚拟机》书中对方法区(Method Area)存储内容描述如下:它用于存储已被虚拟机加载的类型信息、常量、静态变量、即时编译器编译后的代码缓存等,用途关系,全文,JVM.txt,1,368,used_for,,0.7045,relation_taxonomy_normalization + direction_normalization + duplicate_merge,"used_for: score=0.705, conf=0.660, support=1, cues=用途,用于"
Java 虚拟机,used_for,对象实例,领域实体,对象与字符串相关实体,0.7160,"Java堆(Heap)是Java虚拟机(JVM)中内存管理的一个重要区域,主要用于存放对象实例和数组",用途关系,全文,JVM.txt,1,259,used_for,,0.7393,relation_taxonomy_normalization + direction_normalization + duplicate_merge,"used_for: score=0.739, conf=0.716, support=1, cues=用途,用于"
Java 虚拟机,used_for,常量,领域实体,方法区与元数据相关实体,0.6600,《深入理解Java虚拟机》书中对方法区(Method Area)存储内容描述如下:它用于存储已被虚拟机加载的类型信息、常量、静态变量、即时编译器编译后的代码缓存等,用途关系,全文,JVM.txt,1,369,used_for,,0.7045,relation_taxonomy_normalization + direction_normalization + duplicate_merge,"used_for: score=0.705, conf=0.660, support=1, cues=用途,用于"
Java 虚拟机,used_for,数组,领域实体,对象与字符串相关实体,0.6860,"Java堆(Heap)是Java虚拟机(JVM)中内存管理的一个重要区域,主要用于存放对象实例和数组",用途关系,全文,JVM.txt,1,319,used_for,,0.7207,relation_taxonomy_normalization + direction_normalization + duplicate_merge,"used_for: score=0.721, conf=0.686, support=1, cues=用途,用于"
Java 虚拟机,used_for,类型信息,领域实体,方法区与元数据相关实体,0.6600,《深入理解Java虚拟机》书中对方法区(Method Area)存储内容描述如下:它用于存储已被虚拟机加载的类型信息、常量、静态变量、即时编译器编译后的代码缓存等,用途关系,全文,JVM.txt,1,370,used_for,,0.7045,relation_taxonomy_normalization + direction_normalization + duplicate_merge,"used_for: score=0.705, conf=0.660, support=1, cues=用途,用于"
Java 虚拟机栈,has_part,线程,领域实体,线程与私有性相关实体,0.7920,"Java 虚拟机栈:每个线程都有自己独立的 Java 虚拟机栈,生命周期与线程相同",枚举结构关系,全文,JVM.txt,1,88,has_part,,0.7763,relation_taxonomy_normalization + direction_normalization + duplicate_merge,"has_part: score=0.776, conf=0.792, support=1, cues=枚举结构"
Java 虚拟机栈,used_for,动态链接,领域实体,栈与栈帧相关实体,0.6860,"栈帧创建:在调用一个方法前,JVM会在当前线程的Java虚拟机栈中为该方法分配一个新的栈帧,用于存储局部变量表、操作数栈、动态链接、方法出口等信息",用途关系,全文,JVM.txt,1,320,used_for,,0.7207,relation_taxonomy_normalization + direction_normalization + duplicate_merge,"used_for: score=0.721, conf=0.686, support=1, cues=用途,用于"
Java 虚拟机栈,used_for,局部变量表,领域实体,栈与栈帧相关实体,0.7520,"栈帧创建:在调用一个方法前,JVM会在当前线程的Java虚拟机栈中为该方法分配一个新的栈帧,用于存储局部变量表、操作数栈、动态链接、方法出口等信息",用途关系,全文,JVM.txt,1,183,used_for,,0.7616,relation_taxonomy_normalization + direction_normalization + duplicate_merge,"used_for: score=0.762, conf=0.752, support=1, cues=用途,用于"
Java 虚拟机栈,used_for,操作数栈,领域实体,栈与栈帧相关实体,0.7160,"栈帧创建:在调用一个方法前,JVM会在当前线程的Java虚拟机栈中为该方法分配一个新的栈帧,用于存储局部变量表、操作数栈、动态链接、方法出口等信息",用途关系,全文,JVM.txt,1,260,used_for,,0.7393,relation_taxonomy_normalization + direction_normalization + duplicate_merge,"used_for: score=0.739, conf=0.716, support=1, cues=用途,用于"
Java 虚拟机栈,used_for,方法出口,领域实体,栈与栈帧相关实体,0.6600,"栈帧创建:在调用一个方法前,JVM会在当前线程的Java虚拟机栈中为该方法分配一个新的栈帧,用于存储局部变量表、操作数栈、动态链接、方法出口等信息",用途关系,全文,JVM.txt,1,371,used_for,,0.7045,relation_taxonomy_normalization + direction_normalization + duplicate_merge,"used_for: score=0.705, conf=0.660, support=1, cues=用途,用于"
List,causes,堆溢出,代码与容器实体,内存区域实体,0.7660,"举个例子:曾遇到过一个批量处理任务,代码中把所有处理结果都存到了一个静态 List 里,导致对象越积越多,最终堆溢出",因果关系,全文,JVM.txt,1,149,causes,,0.7743,relation_taxonomy_normalization + direction_normalization + duplicate_merge,"causes: score=0.774, conf=0.766, support=1, cues=因果,导致"
Major GC,alias_of,Minor GC,垃圾回收核心概念实体,垃圾回收核心概念实体,0.8660,"根据其作用范围和触发条件的不同,可以将GC分为三种类型:Minor GC(也称为Young GC)、Major GC(有时也称为Old GC)、以及Full GC",别名关系,使用ThreadLocal,JVM.txt,1,6,alias_of,,0.8513,relation_taxonomy_normalization + direction_normalization + duplicate_merge,"alias_of: score=0.851, conf=0.866, support=1, cues=也称,别名"
Major GC,alias_of,垃圾回收,垃圾回收核心概念实体,领域实体,0.8620,"老年代中的对象生命周期较长,因此Major GC(也称为Full GC,涉及老年代的垃圾回收)发生的频率相对较低,但其执行时间通常比Minor GC长",别名关系,全文,JVM.txt,1,12,alias_of,,0.8488,relation_taxonomy_normalization + direction_normalization + duplicate_merge,"alias_of: score=0.849, conf=0.862, support=1, cues=也称,别名"
Major GC,alias_of,老年代,垃圾回收核心概念实体,堆结构实体,0.8860,"老年代中的对象生命周期较长,因此Major GC(也称为Full GC,涉及老年代的垃圾回收)发生的频率相对较低,但其执行时间通常比Minor GC长",别名关系,全文,JVM.txt,1,4,alias_of,,0.8637,relation_taxonomy_normalization + direction_normalization + duplicate_merge,"alias_of: score=0.864, conf=0.886, support=1, cues=也称,别名"
Major GC,is_a,gc,垃圾回收核心概念实体,领域实体,0.6560,"根据其作用范围和触发条件的不同,可以将GC分为三种类型:Minor GC(也称为Young GC)、Major GC(有时也称为Old GC)、以及Full GC",上位包含关系,使用ThreadLocal,JVM.txt,1,387,is_a,,0.5672,relation_taxonomy_normalization + direction_normalization + duplicate_merge,"is_a: score=0.567, conf=0.656, support=1, cues=!包含"
Metaspace,used_for,类的元数据信息,异常与错误实体,方法区与元数据相关实体,0.6600,"元空间(Metaspace):从Java 8开始,永久代(Permanent Generation)被元空间取代,用于存储类的元数据信息,如类的结构信息(如字段、方法信息等)",用途关系,全文,JVM.txt,1,372,used_for,,0.7045,relation_taxonomy_normalization + direction_normalization + duplicate_merge,"used_for: score=0.705, conf=0.660, support=1, cues=用途,用于"
Minor GC,alias_of,Young GC,垃圾回收核心概念实体,垃圾回收核心概念实体,0.9260,"根据其作用范围和触发条件的不同,可以将GC分为三种类型:Minor GC(也称为Young GC)、Major GC(有时也称为Old GC)、以及Full GC",别名关系,使用ThreadLocal,JVM.txt,1,2,alias_of,,0.8885,relation_taxonomy_normalization + direction_normalization + duplicate_merge,"alias_of: score=0.888, conf=0.926, support=1, cues=也称,别名"
Minor GC,is_a,gc,垃圾回收核心概念实体,领域实体,0.7880,"根据其作用范围和触发条件的不同,可以将GC分为三种类型:Minor GC(也称为Young GC)、Major GC(有时也称为Old GC)、以及Full GC",上位包含关系,使用ThreadLocal,JVM.txt,1,102,is_a,,0.6490,relation_taxonomy_normalization + direction_normalization + duplicate_merge,"is_a: score=0.649, conf=0.788, support=1, cues=!包含"
NIO,is_a,堆外内存,工具与排查实体,内存区域实体,0.8320,"直接内存:不属于 JVM 运行时数据区的一部分,通过 NIO 类引入,是一种堆外内存,可以显著提高 I/O 性能",上下位关系,全文,JVM.txt,1,36,is_a,,0.8373,relation_taxonomy_normalization + direction_normalization + duplicate_merge,"is_a: score=0.837, conf=0.832, support=1, cues=上下位,属于,是一种"
OutOfMemoryError,has_part,Java heap space,异常与错误实体,异常与错误实体,0.7840,"堆内存溢出:当出现Java.lang.OutOfMemoryError:Java heap space异常时,就是堆内存溢出了",枚举结构关系,全文,JVM.txt,1,111,has_part,,0.7713,relation_taxonomy_normalization + direction_normalization + duplicate_merge,"has_part: score=0.771, conf=0.784, support=1, cues=枚举结构"
OutOfMemoryError,is_a,堆内存溢,异常与错误实体,内存区域实体,0.7480,"堆内存溢出:当出现Java.lang.OutOfMemoryError:Java heap space异常时,就是堆内存溢出了",上下位关系,全文,JVM.txt,1,192 | 340,is_a | has_part,has_part,0.7530,relation_taxonomy_normalization + direction_normalization + evidence_weighted_relation_voting,"is_a: score=0.753, conf=0.748, support=1, cues=上下位；has_part: score=0.706, conf=0.678, support=1, cues=枚举结构"
ParNew,is_a,G1,垃圾回收器实体,垃圾回收器实体,0.7580,标记-复制算法应用在CMS新生代(ParNew是CMS默认的新生代垃圾回收器)和G1垃圾回收器中,上下位关系,使用ThreadLocal,JVM.txt,1,170,is_a,,0.7592,relation_taxonomy_normalization + direction_normalization + duplicate_merge,"is_a: score=0.759, conf=0.758, support=1, cues=上下位"
ParNew,is_a,Serial,垃圾回收器实体,垃圾回收器实体,0.7100,"ParNew收集器 (复制算法): 新生代收并行集器,实际上是Serial收集器的多线程版本,在多核CPU环境下有着比Serial更好的表现",上下位关系,使用ThreadLocal,JVM.txt,1,277,is_a,,0.7294,relation_taxonomy_normalization + direction_normalization + duplicate_merge,"is_a: score=0.729, conf=0.710, support=1, cues=上下位"
ParNew,is_a,垃圾回收,垃圾回收器实体,领域实体,0.8200,标记-复制算法应用在CMS新生代(ParNew是CMS默认的新生代垃圾回收器)和G1垃圾回收器中,上下位关系,使用ThreadLocal,JVM.txt,1,45,is_a,,0.7976,relation_taxonomy_normalization + direction_normalization + duplicate_merge,"is_a: score=0.798, conf=0.820, support=1, cues=上下位"
ParNew,is_a,新生代,垃圾回收器实体,堆结构实体,0.8380,标记-复制算法应用在CMS新生代(ParNew是CMS默认的新生代垃圾回收器)和G1垃圾回收器中,上下位关系,使用ThreadLocal,JVM.txt,1,30,is_a,,0.8088,relation_taxonomy_normalization + direction_normalization + duplicate_merge,"is_a: score=0.809, conf=0.838, support=1, cues=上下位"
ParNew,is_a,线程,垃圾回收器实体,线程与私有性相关实体,0.6800,"ParNew收集器 (复制算法): 新生代收并行集器,实际上是Serial收集器的多线程版本,在多核CPU环境下有着比Serial更好的表现",上下位关系,使用ThreadLocal,JVM.txt,1,329,is_a,,0.7108,relation_taxonomy_normalization + direction_normalization + duplicate_merge,"is_a: score=0.711, conf=0.680, support=1, cues=上下位"
Serial,is_a,线程,垃圾回收器实体,线程与私有性相关实体,0.8440,"Serial GC 是单线程回收,简单但效率低,适合小内存应用",上下位关系,使用ThreadLocal,JVM.txt,1,25,is_a,,0.8125,relation_taxonomy_normalization + direction_normalization + duplicate_merge,"is_a: score=0.813, conf=0.844, support=1, cues=上下位"
StackOverFlowError,is_a,JVM,异常与错误实体,领域实体,0.8620,"栈溢出(java.lang.StackOverflowError)是 JVM 中另一种常见的内存错误,和堆溢出的原理与场景截然不同",上下位关系,全文,JVM.txt,1,7,is_a,,0.8237,relation_taxonomy_normalization + direction_normalization + duplicate_merge,"is_a: score=0.824, conf=0.862, support=1, cues=上下位"
StackOverFlowError,is_a,堆溢出,异常与错误实体,内存区域实体,0.7600,"栈溢出(java.lang.StackOverflowError)是 JVM 中另一种常见的内存错误,和堆溢出的原理与场景截然不同",上下位关系,全文,JVM.txt,1,166,is_a,,0.7604,relation_taxonomy_normalization + direction_normalization + duplicate_merge,"is_a: score=0.760, conf=0.760, support=1, cues=上下位"
String,is_a,Extension ClassLoader,对象与字符串相关实体,类加载器实体,0.8500,"具体来说,Java 的类加载器有一套默认的层级结构:最顶层是Bootstrap ClassLoader(启动类加载器,负责加载 JDK 核心类,如java.lang.String),往下是Extension ClassLoader(扩展类加载器,加载 JDK 扩展目录的类),再往下是AppClassLoader(应用类加载器,加载我们自己写的类和第三方 jar 包),我们也可以自定义类加载器,放在最下层",上下位关系,使用ThreadLocal,JVM.txt,1,19,is_a,,0.8162,relation_taxonomy_normalization + direction_normalization + duplicate_merge,"is_a: score=0.816, conf=0.850, support=1, cues=上下位"
String,is_a,加载,对象与字符串相关实体,类加载过程实体,0.6800,"具体来说,Java 的类加载器有一套默认的层级结构:最顶层是Bootstrap ClassLoader(启动类加载器,负责加载 JDK 核心类,如java.lang.String),往下是Extension ClassLoader(扩展类加载器,加载 JDK 扩展目录的类),再往下是AppClassLoader(应用类加载器,加载我们自己写的类和第三方 jar 包),我们也可以自定义类加载器,放在最下层",上下位关系,使用ThreadLocal,JVM.txt,1,330,is_a,,0.7108,relation_taxonomy_normalization + direction_normalization + duplicate_merge,"is_a: score=0.711, conf=0.680, support=1, cues=上下位"
String,is_a,扩展类加载器,对象与字符串相关实体,领域实体,0.7180,"具体来说,Java 的类加载器有一套默认的层级结构:最顶层是Bootstrap ClassLoader(启动类加载器,负责加载 JDK 核心类,如java.lang.String),往下是Extension ClassLoader(扩展类加载器,加载 JDK 扩展目录的类),再往下是AppClassLoader(应用类加载器,加载我们自己写的类和第三方 jar 包),我们也可以自定义类加载器,放在最下层",上下位关系,使用ThreadLocal,JVM.txt,1,251,is_a,,0.7344,relation_taxonomy_normalization + direction_normalization + duplicate_merge,"is_a: score=0.734, conf=0.718, support=1, cues=上下位"
Survivor 区,is_a,新生代,堆结构实体,堆结构实体,0.7260,"从内存回收角度,堆被划分为新生代和老年代,新生代又分为 Eden 区和两个 Survivor 区(From Survivor 和 To Survivor)",上位包含关系,全文,JVM.txt,1,236,is_a,,0.6106,relation_taxonomy_normalization + direction_normalization + duplicate_merge,"is_a: score=0.611, conf=0.726, support=1, cues=!包含"
Survivor 区,is_a,老年代,堆结构实体,堆结构实体,0.7020,"从内存回收角度,堆被划分为新生代和老年代,新生代又分为 Eden 区和两个 Survivor 区(From Survivor 和 To Survivor)",上位包含关系,全文,JVM.txt,1,291,is_a,,0.5957,relation_taxonomy_normalization + direction_normalization + duplicate_merge,"is_a: score=0.596, conf=0.702, support=1, cues=!包含"
Tenured Generation,has_part,Minor GC,堆结构实体,垃圾回收核心概念实体,0.7500,老年代(Old Generation/Tenured Generation):存放过一次或多次Minor GC仍存活的对象会被移动到老年代,枚举结构关系,全文,JVM.txt,1,187,has_part,,0.7502,relation_taxonomy_normalization + direction_normalization + duplicate_merge,"has_part: score=0.750, conf=0.750, support=1, cues=枚举结构"
ThreadLocal,is_a,线程,代码与容器实体,线程与私有性相关实体,0.7300,"ThreadLocal提供了线程本地变量,它可以保证访问到的变量属于当前线程,每个线程都保存有一个变量副本,每个线程的变量都不同",上下位关系,使用ThreadLocal,JVM.txt,1,232,is_a,,0.7579,relation_taxonomy_normalization + direction_normalization + duplicate_merge,"is_a: score=0.758, conf=0.730, support=1, cues=上下位,属于"
ThreadLocal,used_for,ThreadLocalMap,代码与容器实体,代码与容器实体,0.6400,"ThreadLocalMap使用ThreadLocal的弱引用作为key,如果一个ThreadLocal没有外部强引用来引用它,那么系统GC时,这个ThreadLocal势必会被回收,这样一来,ThreadLocalMap中就会出现key为null的Entry,就没有办法访问这些key为null的Entry的value",用途关系,使用ThreadLocal,JVM.txt,1,394,used_for,,0.7082,relation_taxonomy_normalization + direction_normalization + duplicate_merge,"used_for: score=0.708, conf=0.640, support=1, cues=用途,用来,用作"
ThreadLocal,used_for,gc,代码与容器实体,领域实体,0.7640,"ThreadLocalMap使用ThreadLocal的弱引用作为key,如果一个ThreadLocal没有外部强引用来引用它,那么系统GC时,这个ThreadLocal势必会被回收,这样一来,ThreadLocalMap中就会出现key为null的Entry,就没有办法访问这些key为null的Entry的value",用途关系,使用ThreadLocal,JVM.txt,1,159,used_for,,0.7851,relation_taxonomy_normalization + direction_normalization + duplicate_merge,"used_for: score=0.785, conf=0.764, support=1, cues=用途,用来,用作"
ThreadLocal,used_for,key,代码与容器实体,代码与容器实体,0.8040,"ThreadLocalMap使用ThreadLocal的弱引用作为key,如果一个ThreadLocal没有外部强引用来引用它,那么系统GC时,这个ThreadLocal势必会被回收,这样一来,ThreadLocalMap中就会出现key为null的Entry,就没有办法访问这些key为null的Entry的value",用途关系,使用ThreadLocal,JVM.txt,1,73,used_for,,0.8099,relation_taxonomy_normalization + direction_normalization + duplicate_merge,"used_for: score=0.810, conf=0.804, support=1, cues=用途,用来,用作"
ThreadLocal,used_for,强引用,代码与容器实体,引用类型实体,0.6860,"ThreadLocalMap使用ThreadLocal的弱引用作为key,如果一个ThreadLocal没有外部强引用来引用它,那么系统GC时,这个ThreadLocal势必会被回收,这样一来,ThreadLocalMap中就会出现key为null的Entry,就没有办法访问这些key为null的Entry的value",用途关系,使用ThreadLocal,JVM.txt,1,321,used_for,,0.7368,relation_taxonomy_normalization + direction_normalization + duplicate_merge,"used_for: score=0.737, conf=0.686, support=1, cues=用途,用来,用作"
ThreadLocalMap,is_a,ThreadLocal,代码与容器实体,代码与容器实体,0.8120,"ThreadLocal的实现中,每个Thread维护一个ThreadLocalMap映射表,key是ThreadLocal实例本身,value是真正需要存储的Object",上下位关系,使用ThreadLocal,JVM.txt,1,56 | 141 | 341,is_a | implemented_by | used_for,implemented_by | used_for,0.7927,relation_taxonomy_normalization + direction_normalization + evidence_weighted_relation_voting,"is_a: score=0.793, conf=0.812, support=1, cues=上下位；implemented_by: score=0.779, conf=0.768, support=1, cues=实现关系,实现；used_for: score=0.732, conf=0.678, support=1, cues=用途,用来,用作；low_margin=0.013"
ThreadLocalMap,is_a,value,代码与容器实体,代码与容器实体,0.7160,"ThreadLocal的实现中,每个Thread维护一个ThreadLocalMap映射表,key是ThreadLocal实例本身,value是真正需要存储的Object",上下位关系,使用ThreadLocal,JVM.txt,1,261,is_a,,0.7332,relation_taxonomy_normalization + direction_normalization + duplicate_merge,"is_a: score=0.733, conf=0.716, support=1, cues=上下位"
ThreadLocalMap,used_for,key,代码与容器实体,代码与容器实体,0.7260,"ThreadLocalMap使用ThreadLocal的弱引用作为key,如果一个ThreadLocal没有外部强引用来引用它,那么系统GC时,这个ThreadLocal势必会被回收,这样一来,ThreadLocalMap中就会出现key为null的Entry,就没有办法访问这些key为null的Entry的value",用途关系,使用ThreadLocal,JVM.txt,1,237,used_for,,0.7616,relation_taxonomy_normalization + direction_normalization + duplicate_merge,"used_for: score=0.762, conf=0.726, support=1, cues=用途,用来,用作"
ThreadLocalMap,used_for,强引用,代码与容器实体,引用类型实体,0.6600,"ThreadLocalMap使用ThreadLocal的弱引用作为key,如果一个ThreadLocal没有外部强引用来引用它,那么系统GC时,这个ThreadLocal势必会被回收,这样一来,ThreadLocalMap中就会出现key为null的Entry,就没有办法访问这些key为null的Entry的value",用途关系,使用ThreadLocal,JVM.txt,1,373,used_for,,0.7206,relation_taxonomy_normalization + direction_normalization + duplicate_merge,"used_for: score=0.721, conf=0.660, support=1, cues=用途,用来,用作"
To Survivor,is_a,新生代,堆结构实体,堆结构实体,0.6100,"从内存回收角度,堆被划分为新生代和老年代,新生代又分为 Eden 区和两个 Survivor 区(From Survivor 和 To Survivor)",上位包含关系,全文,JVM.txt,1,404,is_a,,0.5386,relation_taxonomy_normalization + direction_normalization + duplicate_merge,"is_a: score=0.539, conf=0.610, support=1, cues=!包含"
To Survivor,is_a,老年代,堆结构实体,堆结构实体,0.6100,"从内存回收角度,堆被划分为新生代和老年代,新生代又分为 Eden 区和两个 Survivor 区(From Survivor 和 To Survivor)",上位包含关系,全文,JVM.txt,1,405,is_a,,0.5386,relation_taxonomy_normalization + direction_normalization + duplicate_merge,"is_a: score=0.539, conf=0.610, support=1, cues=!包含"
Young GC,is_a,gc,垃圾回收核心概念实体,领域实体,0.7160,"根据其作用范围和触发条件的不同,可以将GC分为三种类型:Minor GC(也称为Young GC)、Major GC(有时也称为Old GC)、以及Full GC",上位包含关系,使用ThreadLocal,JVM.txt,1,262,is_a,,0.6044,relation_taxonomy_normalization + direction_normalization + duplicate_merge,"is_a: score=0.604, conf=0.716, support=1, cues=!包含"
gc,alias_of,JVM,领域实体,领域实体,0.8420,"直接调用System.gc()或Runtime.getRuntime().gc()方法时,虽然不能保证立即执行,但JVM会尝试执行Full GC",别名关系,使用ThreadLocal,JVM.txt,1,27,alias_of,,0.8203,relation_taxonomy_normalization + direction_normalization + duplicate_merge,"alias_of: score=0.820, conf=0.842, support=1, cues=别名"
gc,alias_of,Major GC,领域实体,垃圾回收核心概念实体,0.9100,"根据其作用范围和触发条件的不同,可以将GC分为三种类型:Minor GC(也称为Young GC)、Major GC(有时也称为Old GC)、以及Full GC",别名关系,使用ThreadLocal,JVM.txt,1,3,alias_of,,0.8785,relation_taxonomy_normalization + direction_normalization + duplicate_merge,"alias_of: score=0.879, conf=0.910, support=1, cues=也称,别名"
gc,alias_of,Young GC,领域实体,垃圾回收核心概念实体,0.8560,"根据其作用范围和触发条件的不同,可以将GC分为三种类型:Minor GC(也称为Young GC)、Major GC(有时也称为Old GC)、以及Full GC",别名关系,使用ThreadLocal,JVM.txt,1,17 | 302,alias_of | has_part,has_part,0.8451,relation_taxonomy_normalization + direction_normalization + evidence_weighted_relation_voting,"alias_of: score=0.845, conf=0.856, support=1, cues=也称,别名；has_part: score=0.733, conf=0.696, support=1, cues=枚举结构,分为"
gc,has_part,Minor GC,领域实体,垃圾回收核心概念实体,0.7680,"根据其作用范围和触发条件的不同,可以将GC分为三种类型:Minor GC(也称为Young GC)、Major GC(有时也称为Old GC)、以及Full GC",枚举结构关系,使用ThreadLocal,JVM.txt,1,142,has_part,,0.7775,relation_taxonomy_normalization + direction_normalization + duplicate_merge,"has_part: score=0.777, conf=0.768, support=1, cues=枚举结构,分为"
gc,is_a,使用,领域实体,类加载过程实体,0.7480,"Java 的 GC(垃圾回收)简单说就是 「自动识别并回收不再使用的对象,释放内存空间」,避免内存泄漏",上下位关系,使用ThreadLocal,JVM.txt,1,193,is_a,,0.7530,relation_taxonomy_normalization + direction_normalization + duplicate_merge,"is_a: score=0.753, conf=0.748, support=1, cues=上下位"
gc,is_a,可达性分析,领域实体,垃圾回收核心概念实体,0.7660,"总的来说,GC 机制的核心是 「自动管理内存」,通过可达性分析判断垃圾,结合分代思想和不同算法,再由具体的回收器实现,最终目的是在保证程序正常运行的前提下,高效释放内存,减少对用户线程的影响",上下位关系,使用ThreadLocal,JVM.txt,1,150,is_a,,0.7642,relation_taxonomy_normalization + direction_normalization + duplicate_merge,"is_a: score=0.764, conf=0.766, support=1, cues=上下位"
gc,is_a,线程,领域实体,线程与私有性相关实体,0.8620,"Serial GC 是单线程回收,简单但效率低,适合小内存应用",上下位关系,使用ThreadLocal,JVM.txt,1,8,is_a,,0.8237,relation_taxonomy_normalization + direction_normalization + duplicate_merge,"is_a: score=0.824, conf=0.862, support=1, cues=上下位"
key,implemented_by,ThreadLocal,代码与容器实体,代码与容器实体,0.6700,"ThreadLocal的实现中,每个Thread维护一个ThreadLocalMap映射表,key是ThreadLocal实例本身,value是真正需要存储的Object",实现关系,使用ThreadLocal,JVM.txt,1,350 | 395,implemented_by | used_for,used_for,0.7187,relation_taxonomy_normalization + direction_normalization + evidence_weighted_relation_voting,"implemented_by: score=0.719, conf=0.670, support=1, cues=实现关系,实现；used_for: score=0.708, conf=0.640, support=1, cues=用途,用来,用作；low_margin=0.010"
key,is_a,value,代码与容器实体,代码与容器实体,0.7580,"ThreadLocal的实现中,每个Thread维护一个ThreadLocalMap映射表,key是ThreadLocal实例本身,value是真正需要存储的Object",上下位关系,使用ThreadLocal,JVM.txt,1,171,is_a,,0.7592,relation_taxonomy_normalization + direction_normalization + duplicate_merge,"is_a: score=0.759, conf=0.758, support=1, cues=上下位"
key,used_for,gc,代码与容器实体,领域实体,0.6680,"ThreadLocalMap使用ThreadLocal的弱引用作为key,如果一个ThreadLocal没有外部强引用来引用它,那么系统GC时,这个ThreadLocal势必会被回收,这样一来,ThreadLocalMap中就会出现key为null的Entry,就没有办法访问这些key为null的Entry的value",用途关系,使用ThreadLocal,JVM.txt,1,355,used_for,,0.7256,relation_taxonomy_normalization + direction_normalization + duplicate_merge,"used_for: score=0.726, conf=0.668, support=1, cues=用途,用来,用作"
new 指令,is_a,初始化,对象与字符串相关实体,类加载过程实体,0.7840,"首先,我们看到这个代码中有一个new关键字,我们知道new指令是创建一个类的实例对象并完成加载初始化的,因此这个字符串对象是在运行期才能确定的,创建的字符串对象是在堆内存上",上下位关系,全文,JVM.txt,1,112,is_a,,0.7753,relation_taxonomy_normalization + direction_normalization + duplicate_merge,"is_a: score=0.775, conf=0.784, support=1, cues=上下位"
new 指令,is_a,加载,对象与字符串相关实体,类加载过程实体,0.7960,"首先,我们看到这个代码中有一个new关键字,我们知道new指令是创建一个类的实例对象并完成加载初始化的,因此这个字符串对象是在运行期才能确定的,创建的字符串对象是在堆内存上",上下位关系,全文,JVM.txt,1,83,is_a,,0.7828,relation_taxonomy_normalization + direction_normalization + duplicate_merge,"is_a: score=0.783, conf=0.796, support=1, cues=上下位"
new 指令,is_a,字符串对象,对象与字符串相关实体,对象与字符串相关实体,0.7100,"首先,我们看到这个代码中有一个new关键字,我们知道new指令是创建一个类的实例对象并完成加载初始化的,因此这个字符串对象是在运行期才能确定的,创建的字符串对象是在堆内存上",上下位关系,全文,JVM.txt,1,278,is_a,,0.7294,relation_taxonomy_normalization + direction_normalization + duplicate_merge,"is_a: score=0.729, conf=0.710, support=1, cues=上下位"
new 指令,is_a,常量池,对象与字符串相关实体,方法区与元数据相关实体,0.7660,"类加载检查:虚拟机遇到一条 new 指令时,首先将去检查这个指令的参数是否能在常量池中定位到一个类的符号引用,并且检查这个符号引用代表的类是否已被加载过、解析和初始化过",上下位关系,使用ThreadLocal,JVM.txt,1,151,is_a,,0.7642,relation_taxonomy_normalization + direction_normalization + duplicate_merge,"is_a: score=0.764, conf=0.766, support=1, cues=上下位"
new 指令,is_a,符号引用,对象与字符串相关实体,方法区与元数据相关实体,0.7000,"类加载检查:虚拟机遇到一条 new 指令时,首先将去检查这个指令的参数是否能在常量池中定位到一个类的符号引用,并且检查这个符号引用代表的类是否已被加载过、解析和初始化过",上下位关系,使用ThreadLocal,JVM.txt,1,293,is_a,,0.7232,relation_taxonomy_normalization + direction_normalization + duplicate_merge,"is_a: score=0.723, conf=0.700, support=1, cues=上下位"
value,causes,内存泄漏,代码与容器实体,领域实体,0.7960,"如果当前线程迟迟不结束的话,这些key为null的Entry的value就会一直存在一条强引用链:Thread Ref -> Thread -> ThreaLocalMap -> Entry -> value永远无法回收,造成内存泄漏",因果关系,使用ThreadLocal,JVM.txt,1,84,causes,,0.7929,relation_taxonomy_normalization + direction_normalization + duplicate_merge,"causes: score=0.793, conf=0.796, support=1, cues=因果,造成"
value,is_a,线程,代码与容器实体,线程与私有性相关实体,0.7660,"第二,不要使用ThreadLocal.set(null) 的方式清除value,它实际上并没有清除值,而是查找与当前线程关联的Map并将键值对分别设置为当前线程和null",上下位关系,使用ThreadLocal,JVM.txt,1,152,is_a,,0.7642,relation_taxonomy_normalization + direction_normalization + duplicate_merge,"is_a: score=0.764, conf=0.766, support=1, cues=上下位"
优化方法栈帧,has_part,局部变量,栈与栈帧相关实体,栈与栈帧相关实体,0.7540,"优化方法栈帧:减少方法内局部变量的数量,避免在方法中创建过大的对象或数组,将大对象的创建移到堆中(通过 new 关键字),降低单个栈帧的内存占用",枚举结构关系,全文,JVM.txt,1,180,has_part,,0.7527,relation_taxonomy_normalization + direction_normalization + duplicate_merge,"has_part: score=0.753, conf=0.754, support=1, cues=枚举结构"
使用,causes,OutOfMemoryError,类加载过程实体,异常与错误实体,0.7180,"直接内存的使用受到本机总内存的限制,若分配不当,可能导致 OutOfMemoryError 异常",因果关系,全文,JVM.txt,1,252,causes,,0.7445,relation_taxonomy_normalization + direction_normalization + duplicate_merge,"causes: score=0.744, conf=0.718, support=1, cues=因果,导致"
使用,is_a,初始化,类加载过程实体,类加载过程实体,0.6100,"初始化零值:内存分配完成后,虚拟机需要将分配到的内存空间都初始化为零值(不包括对象头),这一步操作保证了对象的实例字段在 Java 代码中可以不赋初始值就直接使用,程序能访问到这些字段的数据类型所对应的零值",上位包含关系,使用ThreadLocal,JVM.txt,1,406,is_a,,0.5110,relation_taxonomy_normalization + direction_normalization + duplicate_merge,"is_a: score=0.511, conf=0.610, support=1, cues=!包含,!包括"
使用,is_a,加载,类加载过程实体,类加载过程实体,0.7880,使用委派模型的目的是避免重复加载 Java 类型,上下位关系,使用ThreadLocal,JVM.txt,1,104,is_a,,0.7778,relation_taxonomy_normalization + direction_normalization + duplicate_merge,"is_a: score=0.778, conf=0.788, support=1, cues=上下位"
使用,used_for,JVM,类加载过程实体,领域实体,0.7880,"使用弱引用来维护缓存,可以让JVM在需要更多内存时自动清理这些缓存对象",用途关系,全文,JVM.txt,1,103,used_for,,0.7839,relation_taxonomy_normalization + direction_normalization + duplicate_merge,"used_for: score=0.784, conf=0.788, support=1, cues=用途,用来"
使用,used_for,ThreadLocal,类加载过程实体,代码与容器实体,0.7100,"ThreadLocalMap使用ThreadLocal的弱引用作为key,如果一个ThreadLocal没有外部强引用来引用它,那么系统GC时,这个ThreadLocal势必会被回收,这样一来,ThreadLocalMap中就会出现key为null的Entry,就没有办法访问这些key为null的Entry的value",用途关系,使用ThreadLocal,JVM.txt,1,279,used_for,,0.7516,relation_taxonomy_normalization + direction_normalization + duplicate_merge,"used_for: score=0.752, conf=0.710, support=1, cues=用途,用来,用作"
使用,used_for,key,类加载过程实体,代码与容器实体,0.7580,"ThreadLocalMap使用ThreadLocal的弱引用作为key,如果一个ThreadLocal没有外部强引用来引用它,那么系统GC时,这个ThreadLocal势必会被回收,这样一来,ThreadLocalMap中就会出现key为null的Entry,就没有办法访问这些key为null的Entry的value",用途关系,使用ThreadLocal,JVM.txt,1,172,used_for,,0.7814,relation_taxonomy_normalization + direction_normalization + duplicate_merge,"used_for: score=0.781, conf=0.758, support=1, cues=用途,用来,用作"
使用,used_for,强引用,类加载过程实体,引用类型实体,0.6600,"ThreadLocalMap使用ThreadLocal的弱引用作为key,如果一个ThreadLocal没有外部强引用来引用它,那么系统GC时,这个ThreadLocal势必会被回收,这样一来,ThreadLocalMap中就会出现key为null的Entry,就没有办法访问这些key为null的Entry的value",用途关系,使用ThreadLocal,JVM.txt,1,374,used_for,,0.7206,relation_taxonomy_normalization + direction_normalization + duplicate_merge,"used_for: score=0.721, conf=0.660, support=1, cues=用途,用来,用作"
元空间,has_part,方法区,内存区域实体,内存区域实体,0.6700,"方法区(元空间):在 JDK 1.8 及以后的版本中,方法区被元空间取代,使用本地内存",枚举结构关系,全文,JVM.txt,1,351,has_part,,0.7006,relation_taxonomy_normalization + direction_normalization + duplicate_merge,"has_part: score=0.701, conf=0.670, support=1, cues=枚举结构"
元空间,is_a,JVM,内存区域实体,领域实体,0.7340,"根据 JDK 8 规范,JVM 运行时内存共分为虚拟机栈、堆、元空间、程序计数器、本地方法栈五个部分",上位包含关系,全文,JVM.txt,1,224,is_a,,0.6155,relation_taxonomy_normalization + direction_normalization + duplicate_merge,"is_a: score=0.616, conf=0.734, support=1, cues=!包含"
元空间,is_a,使用,内存区域实体,类加载过程实体,0.8080,"元空间并不在Java堆中,而是使用本地内存,这解决了永久代容易出现的内存溢出问题",上下位关系,全文,JVM.txt,1,63,is_a,,0.7902,relation_taxonomy_normalization + direction_normalization + duplicate_merge,"is_a: score=0.790, conf=0.808, support=1, cues=上下位"
元空间,is_a,内存溢出,内存区域实体,领域实体,0.6940,"元空间并不在Java堆中,而是使用本地内存,这解决了永久代容易出现的内存溢出问题",上下位关系,全文,JVM.txt,1,304,is_a,,0.7195,relation_taxonomy_normalization + direction_normalization + duplicate_merge,"is_a: score=0.720, conf=0.694, support=1, cues=上下位"
元空间,is_a,本地内存,内存区域实体,内存区域实体,0.7760,"元空间并不在Java堆中,而是使用本地内存,这解决了永久代容易出现的内存溢出问题",上下位关系,全文,JVM.txt,1,130,is_a,,0.7704,relation_taxonomy_normalization + direction_normalization + duplicate_merge,"is_a: score=0.770, conf=0.776, support=1, cues=上下位"
元空间,used_for,类的元数据信息,内存区域实体,方法区与元数据相关实体,0.8180,"元空间(Metaspace):从Java 8开始,永久代(Permanent Generation)被元空间取代,用于存储类的元数据信息,如类的结构信息(如字段、方法信息等)",用途关系,全文,JVM.txt,1,48,used_for,,0.8025,relation_taxonomy_normalization + direction_normalization + duplicate_merge,"used_for: score=0.802, conf=0.818, support=1, cues=用途,用于"
内存泄漏,has_part,静态集合,领域实体,场景与问题实体,0.7920,如果是内存泄漏:比如静态集合无意识地缓存了大量对象、长生命周期对象持有短生命周期对象的引用(如单例类持有业务对象)等,枚举结构关系,全文,JVM.txt,1,89,has_part,,0.7763,relation_taxonomy_normalization + direction_normalization + duplicate_merge,"has_part: score=0.776, conf=0.792, support=1, cues=枚举结构"
内存泄漏,is_a,使用,领域实体,类加载过程实体,0.8080,"内存泄露:内存泄漏是指程序在运行过程中不再使用的对象仍然被引用,而无法被垃圾收集器回收,从而导致可用内存逐渐减少",上下位关系,全文,JVM.txt,1,64,is_a,,0.7626,relation_taxonomy_normalization + direction_normalization + duplicate_merge,"is_a: score=0.763, conf=0.808, support=1, cues=上下位,!导致"
内存溢出,is_a,JVM,领域实体,领域实体,0.8000,"内存溢出:内存溢出是指Java虚拟机(JVM)在申请内存时,无法找到足够的内存,最终引发OutOfMemoryError",上下位关系,全文,JVM.txt,1,80 | 294,is_a | has_part,has_part,0.7852,relation_taxonomy_normalization + direction_normalization + evidence_weighted_relation_voting,"is_a: score=0.785, conf=0.800, support=1, cues=上下位；has_part: score=0.719, conf=0.700, support=1, cues=枚举结构"
内存溢出,is_a,Java 虚拟机,领域实体,领域实体,0.8480,"内存溢出:内存溢出是指Java虚拟机(JVM)在申请内存时,无法找到足够的内存,最终引发OutOfMemoryError",上下位关系,全文,JVM.txt,1,23 | 194,is_a | has_part,has_part,0.8150,relation_taxonomy_normalization + direction_normalization + evidence_weighted_relation_voting,"is_a: score=0.815, conf=0.848, support=1, cues=上下位；has_part: score=0.749, conf=0.748, support=1, cues=枚举结构"
内存溢出,is_a,OutOfMemoryError,领域实体,异常与错误实体,0.6800,"内存溢出:内存溢出是指Java虚拟机(JVM)在申请内存时,无法找到足够的内存,最终引发OutOfMemoryError",上下位关系,全文,JVM.txt,1,331,is_a,,0.7108,relation_taxonomy_normalization + direction_normalization + duplicate_merge,"is_a: score=0.711, conf=0.680, support=1, cues=上下位"
内存碎片,causes,大对象,场景与问题实体,对象与字符串相关实体,0.8080,"大对象通常需要连续的内存空间,如果在新生代中频繁分配和回收大对象,容易产生内存碎片,导致后续分配大对象时可能因为内存不连续而失败",因果关系,全文,JVM.txt,1,65,causes,,0.8003,relation_taxonomy_normalization + direction_normalization + duplicate_merge,"causes: score=0.800, conf=0.808, support=1, cues=因果,导致"
内存碎片,has_part,G1,场景与问题实体,垃圾回收器实体,0.7920,"对内存碎片敏感:G1通过紧凑整理来减少内存碎片,降低了碎片化对性能的影响",枚举结构关系,使用ThreadLocal,JVM.txt,1,90 | 216,has_part | implemented_by,implemented_by,0.7763,relation_taxonomy_normalization + direction_normalization + evidence_weighted_relation_voting,"has_part: score=0.776, conf=0.792, support=1, cues=枚举结构；implemented_by: score=0.735, conf=0.740, support=1, cues=实现关系,实现,!基于"
分代回收,is_a,新生代,垃圾回收核心概念实体,堆结构实体,0.8020,分代回收算法:分代收集是将内存划分成了新生代和老年代,上下位关系,使用ThreadLocal,JVM.txt,1,76 | 229,is_a | has_part,has_part,0.7865,relation_taxonomy_normalization + direction_normalization + evidence_weighted_relation_voting,"is_a: score=0.786, conf=0.802, support=1, cues=上下位；has_part: score=0.739, conf=0.732, support=1, cues=枚举结构"
分代回收,is_a,老年代,垃圾回收核心概念实体,堆结构实体,0.7780,分代回收算法:分代收集是将内存划分成了新生代和老年代,上下位关系,使用ThreadLocal,JVM.txt,1,125 | 283,is_a | has_part,has_part,0.7716,relation_taxonomy_normalization + direction_normalization + evidence_weighted_relation_voting,"is_a: score=0.772, conf=0.778, support=1, cues=上下位；has_part: score=0.724, conf=0.708, support=1, cues=枚举结构"
初始化,has_part,使用,类加载过程实体,类加载过程实体,0.5900,"初始化零值:内存分配完成后,虚拟机需要将分配到的内存空间都初始化为零值(不包括对象头),这一步操作保证了对象的实例字段在 Java 代码中可以不赋初始值就直接使用,程序能访问到这些字段的数据类型所对应的零值",整体部分关系,使用ThreadLocal,JVM.txt,1,409,has_part,,0.6671,relation_taxonomy_normalization + direction_normalization + duplicate_merge,"has_part: score=0.667, conf=0.590, support=1, cues=整体部分,包括"
初始化,has_part,对象头,类加载过程实体,对象与字符串相关实体,0.7680,"初始化零值:内存分配完成后,虚拟机需要将分配到的内存空间都初始化为零值(不包括对象头),这一步操作保证了对象的实例字段在 Java 代码中可以不赋初始值就直接使用,程序能访问到这些字段的数据类型所对应的零值",整体部分关系,使用ThreadLocal,JVM.txt,1,143,has_part,,0.7775,relation_taxonomy_normalization + direction_normalization + duplicate_merge,"has_part: score=0.777, conf=0.768, support=1, cues=整体部分,包括"
初始化,is_a,JVM,类加载过程实体,领域实体,0.6800,"但这里的“初始化”和下面的显式初始化阶段是有区别的,侧重点在于分配所需要的内存空间,不会去执行更进一步的 JVM 指令",上下位关系,使用ThreadLocal,JVM.txt,1,332,is_a,,0.7108,relation_taxonomy_normalization + direction_normalization + duplicate_merge,"is_a: score=0.711, conf=0.680, support=1, cues=上下位"
初始化,is_a,字符串对象,类加载过程实体,对象与字符串相关实体,0.7300,"首先,我们看到这个代码中有一个new关键字,我们知道new指令是创建一个类的实例对象并完成加载初始化的,因此这个字符串对象是在运行期才能确定的,创建的字符串对象是在堆内存上",上下位关系,全文,JVM.txt,1,233,is_a,,0.7418,relation_taxonomy_normalization + direction_normalization + duplicate_merge,"is_a: score=0.742, conf=0.730, support=1, cues=上下位"
初始化,is_a,类初始化,类加载过程实体,类加载过程实体,0.6360,"最后是初始化阶段(initialization),这一步真正去执行类初始化的代码逻辑,包括静态字段赋值的动作,以及执行类定义中的静态初始化块内的逻辑,编译器在编译阶段就会把这部分逻辑整理好,父类型的初始化逻辑优先于当前类型的逻辑",上位包含关系,使用ThreadLocal,JVM.txt,1,399,is_a,,0.5272,relation_taxonomy_normalization + direction_normalization + duplicate_merge,"is_a: score=0.527, conf=0.636, support=1, cues=!包含,!包括"
初始化,is_a,类加载过程,类加载过程实体,领域实体,0.8620,"初始化:初始化是整个类加载过程的最后一个阶段,初始化阶段简单来说就是执行类的构造器方法(() ),要注意的是这里的构造器方法()并不是开发者写的,而是编译器自动生成的",上下位关系,使用ThreadLocal,JVM.txt,1,9 | 144,is_a | has_part,has_part,0.8237,relation_taxonomy_normalization + direction_normalization + evidence_weighted_relation_voting,"is_a: score=0.824, conf=0.862, support=1, cues=上下位；has_part: score=0.761, conf=0.768, support=1, cues=枚举结构"
初始化零值,has_part,初始化,类加载过程实体,类加载过程实体,0.6460,"初始化零值:内存分配完成后,虚拟机需要将分配到的内存空间都初始化为零值(不包括对象头),这一步操作保证了对象的实例字段在 Java 代码中可以不赋初始值就直接使用,程序能访问到这些字段的数据类型所对应的零值",枚举结构关系,使用ThreadLocal,JVM.txt,1,393,has_part,,0.7019,relation_taxonomy_normalization + direction_normalization + duplicate_merge,"has_part: score=0.702, conf=0.646, support=1, cues=枚举结构,包括"
初始化零值,has_part,对象头,类加载过程实体,对象与字符串相关实体,0.6100,"初始化零值:内存分配完成后,虚拟机需要将分配到的内存空间都初始化为零值(不包括对象头),这一步操作保证了对象的实例字段在 Java 代码中可以不赋初始值就直接使用,程序能访问到这些字段的数据类型所对应的零值",整体部分关系,使用ThreadLocal,JVM.txt,1,407,has_part,,0.6795,relation_taxonomy_normalization + direction_normalization + duplicate_merge,"has_part: score=0.680, conf=0.610, support=1, cues=整体部分,包括"
初始标记阶段,is_a,GC Roots,垃圾回收算法实体,垃圾回收核心概念实体,0.8620,"初始标记阶段:初始标记阶段是指从GC Roots出发标记全部直接子节点的过程,该阶段是STW的",上下位关系,使用ThreadLocal,JVM.txt,1,10 | 188,is_a | has_part,has_part,0.8237,relation_taxonomy_normalization + direction_normalization + evidence_weighted_relation_voting,"is_a: score=0.824, conf=0.862, support=1, cues=上下位；has_part: score=0.750, conf=0.750, support=1, cues=枚举结构"
初始标记阶段,is_a,STW,垃圾回收算法实体,垃圾回收核心概念实体,0.7000,"初始标记阶段:初始标记阶段是指从GC Roots出发标记全部直接子节点的过程,该阶段是STW的",上下位关系,使用ThreadLocal,JVM.txt,1,295,is_a,,0.7232,relation_taxonomy_normalization + direction_normalization + duplicate_merge,"is_a: score=0.723, conf=0.700, support=1, cues=上下位"
加载,has_part,全限定名,类加载过程实体,类加载过程实体,0.7600,"加载:通过类的全限定名(包名 + 类名),获取到该类的.class文件的二进制字节流,将二进制字节流所代表的静态存储结构,转化为方法区运行时的数据结构,在内存中生成一个代表该类的Java.lang.Class对象,作为方法区这个类的各种数据的访问入口",枚举结构关系,使用ThreadLocal,JVM.txt,1,167,has_part,,0.7564,relation_taxonomy_normalization + direction_normalization + duplicate_merge,"has_part: score=0.756, conf=0.760, support=1, cues=枚举结构"
加载,is_a,Class 对象,类加载过程实体,类加载过程实体,0.8060,"一个类由哪个类加载器加载,这个信息是存储在Class对象里的",上下位关系,使用ThreadLocal,JVM.txt,1,71,is_a,,0.7890,relation_taxonomy_normalization + direction_normalization + duplicate_merge,"is_a: score=0.789, conf=0.806, support=1, cues=上下位"
加载,is_a,Extension ClassLoader,类加载过程实体,类加载器实体,0.6940,"具体来说,Java 的类加载器有一套默认的层级结构:最顶层是Bootstrap ClassLoader(启动类加载器,负责加载 JDK 核心类,如java.lang.String),往下是Extension ClassLoader(扩展类加载器,加载 JDK 扩展目录的类),再往下是AppClassLoader(应用类加载器,加载我们自己写的类和第三方 jar 包),我们也可以自定义类加载器,放在最下层",上下位关系,使用ThreadLocal,JVM.txt,1,305,is_a,,0.7195,relation_taxonomy_normalization + direction_normalization + duplicate_merge,"is_a: score=0.720, conf=0.694, support=1, cues=上下位"
加载,is_a,启动类加载器,类加载过程实体,领域实体,0.8620,"扩展类加载器由启动类加载器加载,并且父加载器就是启动类加载器",上下位关系,使用ThreadLocal,JVM.txt,1,11,is_a,,0.8237,relation_taxonomy_normalization + direction_normalization + duplicate_merge,"is_a: score=0.824, conf=0.862, support=1, cues=上下位"
加载,is_a,字符串对象,类加载过程实体,对象与字符串相关实体,0.7120,"首先,我们看到这个代码中有一个new关键字,我们知道new指令是创建一个类的实例对象并完成加载初始化的,因此这个字符串对象是在运行期才能确定的,创建的字符串对象是在堆内存上",上下位关系,全文,JVM.txt,1,272,is_a,,0.7307,relation_taxonomy_normalization + direction_normalization + duplicate_merge,"is_a: score=0.731, conf=0.712, support=1, cues=上下位"
加载,is_a,扩展类加载器,类加载过程实体,领域实体,0.8680,系统类加载器的父加载器是扩展类加载器,上下位关系,使用ThreadLocal,JVM.txt,1,5,is_a,,0.8274,relation_taxonomy_normalization + direction_normalization + duplicate_merge,"is_a: score=0.827, conf=0.868, support=1, cues=上下位"
加载,is_a,类加载,类加载过程实体,领域实体,0.7900,"这些类加载器之间的关系形成了双亲委派模型,其核心思想是当一个类加载器收到类加载的请求时,首先不会自己去尝试加载这个类,而是把这个请求委派给父类加载器去完成,每一层次的类加载器都是如此,因此所有的加载请求最终都应该传送到顶层的启动类加载器中",上下位关系,使用ThreadLocal,JVM.txt,1,97,is_a,,0.7790,relation_taxonomy_normalization + direction_normalization + duplicate_merge,"is_a: score=0.779, conf=0.790, support=1, cues=上下位"
加载,is_a,验证,类加载过程实体,类加载过程实体,0.6100,"验证:确保class文件中的字节流包含的信息,符合当前虚拟机的要求,保证这个被加载的class类的正确性,不会危害到虚拟机的安全",上位包含关系,使用ThreadLocal,JVM.txt,1,408,is_a,,0.5386,relation_taxonomy_normalization + direction_normalization + duplicate_merge,"is_a: score=0.539, conf=0.610, support=1, cues=!包含"
加载阶段,is_a,类加载过程,类加载过程实体,领域实体,0.7180,"加载阶段是用户参与的阶段,我们可以自定义类加载器,去实现自己的类加载过程",上下位关系,使用ThreadLocal,JVM.txt,1,253,is_a,,0.7344,relation_taxonomy_normalization + direction_normalization + duplicate_merge,"is_a: score=0.734, conf=0.718, support=1, cues=上下位"
加载阶段,is_a,自定义类加载器,类加载过程实体,领域实体,0.8020,"加载阶段是用户参与的阶段,我们可以自定义类加载器,去实现自己的类加载过程",上下位关系,使用ThreadLocal,JVM.txt,1,77,is_a,,0.7865,relation_taxonomy_normalization + direction_normalization + duplicate_merge,"is_a: score=0.786, conf=0.802, support=1, cues=上下位"
卸载,has_part,JVM,类加载过程实体,领域实体,0.7740,"卸载:一个类要被JVM卸载,条件非常苛刻,需要同时满足以下三点:",枚举结构关系,使用ThreadLocal,JVM.txt,1,132,has_part,,0.7651,relation_taxonomy_normalization + direction_normalization + duplicate_merge,"has_part: score=0.765, conf=0.774, support=1, cues=枚举结构"
双亲委派,is_a,加载,领域实体,类加载过程实体,0.7120,"Java 中的 “双亲委派” 是类加载机制的核心原则,简单说就是 「一个类加载器要加载类时,先让父加载器去尝试加载,只有父加载器加载不了,自己才会去加载」",上下位关系,使用ThreadLocal,JVM.txt,1,273,is_a,,0.7307,relation_taxonomy_normalization + direction_normalization + duplicate_merge,"is_a: score=0.731, conf=0.712, support=1, cues=上下位"
双亲委派,is_a,类加载,领域实体,领域实体,0.7220,"Java 中的 “双亲委派” 是类加载机制的核心原则,简单说就是 「一个类加载器要加载类时,先让父加载器去尝试加载,只有父加载器加载不了,自己才会去加载」",上下位关系,使用ThreadLocal,JVM.txt,1,245,is_a,,0.7369,relation_taxonomy_normalization + direction_normalization + duplicate_merge,"is_a: score=0.737, conf=0.722, support=1, cues=上下位"
双亲委派,is_a,类加载机制,领域实体,领域实体,0.8420,"Java 中的 “双亲委派” 是类加载机制的核心原则,简单说就是 「一个类加载器要加载类时,先让父加载器去尝试加载,只有父加载器加载不了,自己才会去加载」",上下位关系,使用ThreadLocal,JVM.txt,1,28,is_a,,0.8113,relation_taxonomy_normalization + direction_normalization + duplicate_merge,"is_a: score=0.811, conf=0.842, support=1, cues=上下位"
双亲委派模型,is_a,加载,领域实体,类加载过程实体,0.7180,"再来谈谈双亲委派模型,简单说就是当类加载器(Class-Loader)试图加载某个类型的时候,除非父加载器找不到相应类型,否则尽量将这个任务代理给当前加载器的父加载器去做",上下位关系,使用ThreadLocal,JVM.txt,1,254,is_a,,0.7344,relation_taxonomy_normalization + direction_normalization + duplicate_merge,"is_a: score=0.734, conf=0.718, support=1, cues=上下位"
双亲委派模型,is_a,类加载,领域实体,领域实体,0.8180,"再来谈谈双亲委派模型,简单说就是当类加载器(Class-Loader)试图加载某个类型的时候,除非父加载器找不到相应类型,否则尽量将这个任务代理给当前加载器的父加载器去做",上下位关系,使用ThreadLocal,JVM.txt,1,49,is_a,,0.7964,relation_taxonomy_normalization + direction_normalization + duplicate_merge,"is_a: score=0.796, conf=0.818, support=1, cues=上下位"
可达性分析,has_part,GC Roots,垃圾回收核心概念实体,垃圾回收核心概念实体,0.7660,"最经典的是 「可达性分析」:以 GC Roots(比如虚拟机栈里的局部变量、静态变量、常量等)为起点,遍历对象的引用链,如果某个对象从 GC Roots 出发不可达,就会被标记为可回收对象",枚举结构关系,使用ThreadLocal,JVM.txt,1,153,has_part,,0.7602,relation_taxonomy_normalization + direction_normalization + duplicate_merge,"has_part: score=0.760, conf=0.766, support=1, cues=枚举结构"
可达性分析,has_part,局部变量,垃圾回收核心概念实体,栈与栈帧相关实体,0.6840,"最经典的是 「可达性分析」:以 GC Roots(比如虚拟机栈里的局部变量、静态变量、常量等)为起点,遍历对象的引用链,如果某个对象从 GC Roots 出发不可达,就会被标记为可回收对象",枚举结构关系,使用ThreadLocal,JVM.txt,1,323,has_part,,0.7093,relation_taxonomy_normalization + direction_normalization + duplicate_merge,"has_part: score=0.709, conf=0.684, support=1, cues=枚举结构"
可达性分析,has_part,虚拟机栈,垃圾回收核心概念实体,内存区域实体,0.7200,"最经典的是 「可达性分析」:以 GC Roots(比如虚拟机栈里的局部变量、静态变量、常量等)为起点,遍历对象的引用链,如果某个对象从 GC Roots 出发不可达,就会被标记为可回收对象",枚举结构关系,使用ThreadLocal,JVM.txt,1,248,has_part,,0.7316,relation_taxonomy_normalization + direction_normalization + duplicate_merge,"has_part: score=0.732, conf=0.720, support=1, cues=枚举结构"
可达性分析,is_a,标记-清除算法,垃圾回收核心概念实体,垃圾回收算法实体,0.7100,"标记-清除算法:标记-清除算法分为“标记”和“清除”两个阶段,首先通过可达性分析,标记出所有需要回收的对象,然后统一回收所有被标记的对象",上位包含关系,使用ThreadLocal,JVM.txt,1,280,is_a,,0.6006,relation_taxonomy_normalization + direction_normalization + duplicate_merge,"is_a: score=0.601, conf=0.710, support=1, cues=!包含"
启动类加载器,is_a,Extension ClassLoader,领域实体,类加载器实体,0.6800,"具体来说,Java 的类加载器有一套默认的层级结构:最顶层是Bootstrap ClassLoader(启动类加载器,负责加载 JDK 核心类,如java.lang.String),往下是Extension ClassLoader(扩展类加载器,加载 JDK 扩展目录的类),再往下是AppClassLoader(应用类加载器,加载我们自己写的类和第三方 jar 包),我们也可以自定义类加载器,放在最下层",上下位关系,使用ThreadLocal,JVM.txt,1,333,is_a,,0.7108,relation_taxonomy_normalization + direction_normalization + duplicate_merge,"is_a: score=0.711, conf=0.680, support=1, cues=上下位"
启动类加载器,is_a,类加载,领域实体,领域实体,0.6740,"启动类加载器(Bootstrap Class Loader):这是最顶层的类加载器,负责加载Java的核心库(如位于jre/lib/rt.jar中的类),它是用C++编写的,是JVM的一部分",上下位关系,使用ThreadLocal,JVM.txt,1,344,is_a,,0.7071,relation_taxonomy_normalization + direction_normalization + duplicate_merge,"is_a: score=0.707, conf=0.674, support=1, cues=上下位"
垃圾回收,has_part,可达性分析,领域实体,垃圾回收核心概念实体,0.7380,"在Java中,判断对象是否为垃圾(即不再被使用,可以被垃圾回收器回收)主要依据两种主流的垃圾回收算法来实现:引用计数法和可达性分析算法",枚举结构关系,使用ThreadLocal,JVM.txt,1,218,has_part,,0.7428,relation_taxonomy_normalization + direction_normalization + duplicate_merge,"has_part: score=0.743, conf=0.738, support=1, cues=枚举结构"
垃圾回收,has_part,引用计数法,领域实体,垃圾回收核心概念实体,0.7740,"在Java中,判断对象是否为垃圾(即不再被使用,可以被垃圾回收器回收)主要依据两种主流的垃圾回收算法来实现:引用计数法和可达性分析算法",枚举结构关系,使用ThreadLocal,JVM.txt,1,133,has_part,,0.7651,relation_taxonomy_normalization + direction_normalization + duplicate_merge,"has_part: score=0.765, conf=0.774, support=1, cues=枚举结构"
垃圾回收,is_a,System.gc,领域实体,领域实体,0.7700,"手动请求:虽然垃圾回收是自动的,开发者可以通过调用 System.gc() 或 Runtime.getRuntime().gc() 建议 JVM 进行垃圾回收",上下位关系,使用ThreadLocal,JVM.txt,1,136,is_a,,0.7666,relation_taxonomy_normalization + direction_normalization + duplicate_merge,"is_a: score=0.767, conf=0.770, support=1, cues=上下位"
垃圾回收,is_a,使用,领域实体,类加载过程实体,0.7780,"垃圾回收机制的主要目标是自动检测和回收不再使用的对象,从而释放它们所占用的内存空间",上下位关系,使用ThreadLocal,JVM.txt,1,126,is_a,,0.7716,relation_taxonomy_normalization + direction_normalization + duplicate_merge,"is_a: score=0.772, conf=0.778, support=1, cues=上下位"
垃圾回收,is_a,内存泄漏,领域实体,领域实体,0.6620,"Java 的 GC(垃圾回收)简单说就是 「自动识别并回收不再使用的对象,释放内存空间」,避免内存泄漏",上下位关系,使用ThreadLocal,JVM.txt,1,361,is_a,,0.6997,relation_taxonomy_normalization + direction_normalization + duplicate_merge,"is_a: score=0.700, conf=0.662, support=1, cues=上下位"
垃圾回收,is_a,常量,领域实体,方法区与元数据相关实体,0.7660,"虽然方法区中的垃圾回收与堆有所不同,但是同样存在对不再需要的常量、无用的类信息等进行清理的过程",上下位关系,使用ThreadLocal,JVM.txt,1,154,is_a,,0.7642,relation_taxonomy_normalization + direction_normalization + duplicate_merge,"is_a: score=0.764, conf=0.766, support=1, cues=上下位"
垃圾回收,is_a,类信息,领域实体,方法区与元数据相关实体,0.7300,"虽然方法区中的垃圾回收与堆有所不同,但是同样存在对不再需要的常量、无用的类信息等进行清理的过程",上下位关系,使用ThreadLocal,JVM.txt,1,234,is_a,,0.7418,relation_taxonomy_normalization + direction_normalization + duplicate_merge,"is_a: score=0.742, conf=0.730, support=1, cues=上下位"
垃圾回收,used_for,浮动垃圾,领域实体,垃圾回收核心概念实体,0.7640,"CMS产生浮动垃圾过多时会退化为serial old,效率低,因为在上图的第四阶段,CMS清除垃圾时是并发清除的,这个时候,垃圾回收线程和用户线程同时工作会产生浮动垃圾,也就意味着CMS垃圾回收器必须预留一部分内存空间用于存放浮动垃圾",用途关系,使用ThreadLocal,JVM.txt,1,160,used_for,,0.7690,relation_taxonomy_normalization + direction_normalization + duplicate_merge,"used_for: score=0.769, conf=0.764, support=1, cues=用途,用于"
堆溢出,is_a,使用,内存区域实体,类加载过程实体,0.7420,堆溢出通常是由于创建了太多的大对象或未能及时回收不再使用的对象,上下位关系,全文,JVM.txt,1,208,is_a,,0.7493,relation_taxonomy_normalization + direction_normalization + duplicate_merge,"is_a: score=0.749, conf=0.742, support=1, cues=上下位"
堆溢出,is_a,大对象,内存区域实体,对象与字符串相关实体,0.8140,堆溢出通常是由于创建了太多的大对象或未能及时回收不再使用的对象,上下位关系,全文,JVM.txt,1,52,is_a,,0.7939,relation_taxonomy_normalization + direction_normalization + duplicate_merge,"is_a: score=0.794, conf=0.814, support=1, cues=上下位"
复制算法,has_part,新生代,垃圾回收算法实体,堆结构实体,0.7920,"Serial收集器(复制算法): 新生代单线程收集器,标记和清理都是单线程,优点是简单高效",枚举结构关系,使用ThreadLocal,JVM.txt,1,91 | 209,has_part | is_a,is_a,0.7763,relation_taxonomy_normalization + direction_normalization + evidence_weighted_relation_voting,"has_part: score=0.776, conf=0.792, support=1, cues=枚举结构；is_a: score=0.749, conf=0.742, support=1, cues=上下位"
复制算法,has_part,线程,垃圾回收算法实体,线程与私有性相关实体,0.7680,"Serial收集器(复制算法): 新生代单线程收集器,标记和清理都是单线程,优点是简单高效",枚举结构关系,使用ThreadLocal,JVM.txt,1,145 | 182,has_part | is_a,is_a,0.7614,relation_taxonomy_normalization + direction_normalization + evidence_weighted_relation_voting,"has_part: score=0.761, conf=0.768, support=1, cues=枚举结构；is_a: score=0.757, conf=0.754, support=1, cues=上下位；low_margin=0.005"
复制算法,is_a,CMS,垃圾回收算法实体,垃圾回收器实体,0.7780,标记-复制算法应用在CMS新生代(ParNew是CMS默认的新生代垃圾回收器)和G1垃圾回收器中,上下位关系,使用ThreadLocal,JVM.txt,1,127,is_a,,0.7716,relation_taxonomy_normalization + direction_normalization + duplicate_merge,"is_a: score=0.772, conf=0.778, support=1, cues=上下位"
复制算法,is_a,G1,垃圾回收算法实体,垃圾回收器实体,0.6820,标记-复制算法应用在CMS新生代(ParNew是CMS默认的新生代垃圾回收器)和G1垃圾回收器中,上下位关系,使用ThreadLocal,JVM.txt,1,327,is_a,,0.7121,relation_taxonomy_normalization + direction_normalization + duplicate_merge,"is_a: score=0.712, conf=0.682, support=1, cues=上下位"
复制算法,is_a,Serial,垃圾回收算法实体,垃圾回收器实体,0.7840,"ParNew收集器 (复制算法): 新生代收并行集器,实际上是Serial收集器的多线程版本,在多核CPU环境下有着比Serial更好的表现",上下位关系,使用ThreadLocal,JVM.txt,1,113 | 265,is_a | has_part,has_part,0.7753,relation_taxonomy_normalization + direction_normalization + evidence_weighted_relation_voting,"is_a: score=0.775, conf=0.784, support=1, cues=上下位；has_part: score=0.728, conf=0.714, support=1, cues=枚举结构"
复制算法,is_a,使用,垃圾回收算法实体,类加载过程实体,0.7540,"复制算法的原理是,将内存分成两块,每次申请内存时都使用其中的一块,当内存不够时,将这一块内存中所有存活的复制到另一块上",上下位关系,使用ThreadLocal,JVM.txt,1,181,is_a,,0.7567,relation_taxonomy_normalization + direction_normalization + duplicate_merge,"is_a: score=0.757, conf=0.754, support=1, cues=上下位"
复制算法,is_a,垃圾回收,垃圾回收算法实体,领域实体,0.7240,标记-复制算法应用在CMS新生代(ParNew是CMS默认的新生代垃圾回收器)和G1垃圾回收器中,上下位关系,使用ThreadLocal,JVM.txt,1,240,is_a,,0.7381,relation_taxonomy_normalization + direction_normalization + duplicate_merge,"is_a: score=0.738, conf=0.724, support=1, cues=上下位"
复制阶段,is_a,G1,垃圾回收算法实体,垃圾回收器实体,0.7040,G1的混合回收过程可以分为标记阶段、清理阶段和复制阶段,上位包含关系,使用ThreadLocal,JVM.txt,1,287,is_a,,0.5969,relation_taxonomy_normalization + direction_normalization + duplicate_merge,"is_a: score=0.597, conf=0.704, support=1, cues=!包含"
大对象,causes,Minor GC,对象与字符串相关实体,垃圾回收核心概念实体,0.6760,"如果将大对象分配到新生代,可能会很快导致新生代空间不足,从而频繁触发 Minor GC",因果关系,全文,JVM.txt,1,343,causes,,0.7346,relation_taxonomy_normalization + direction_normalization + duplicate_merge,"causes: score=0.735, conf=0.676, support=1, cues=因果,导致,触发"
大对象,causes,gc,对象与字符串相关实体,领域实体,0.7420,"原因是代码中可能存在大对象分配,或者发生了内存泄露,导致在多次GC之后,还是无法找到一块足够大的内存容纳当前对象",因果关系,全文,JVM.txt,1,210,causes,,0.7594,relation_taxonomy_normalization + direction_normalization + duplicate_merge,"causes: score=0.759, conf=0.742, support=1, cues=因果,导致"
大对象,causes,新生代,对象与字符串相关实体,堆结构实体,0.7660,"如果将大对象分配到新生代,可能会很快导致新生代空间不足,从而频繁触发 Minor GC",因果关系,全文,JVM.txt,1,155,causes,,0.7904,relation_taxonomy_normalization + direction_normalization + duplicate_merge,"causes: score=0.790, conf=0.766, support=1, cues=因果,导致,触发"
大对象,is_a,数组,对象与字符串相关实体,对象与字符串相关实体,0.7520,"大对象是指需要大量连续内存空间的对象,如大数组",上下位关系,全文,JVM.txt,1,184,is_a,,0.7555,relation_taxonomy_normalization + direction_normalization + duplicate_merge,"is_a: score=0.755, conf=0.752, support=1, cues=上下位"
大对象区,implemented_by,Humongous Objects,堆结构实体,堆结构实体,0.6700,"大对象区(Large Object Space / Humongous Objects):在某些JVM实现中(如G1垃圾收集器),为大对象分配了专门的区域,称为大对象区或Humongous Objects区域",实现关系,全文,JVM.txt,1,352,implemented_by,,0.7187,relation_taxonomy_normalization + direction_normalization + duplicate_merge,"implemented_by: score=0.719, conf=0.670, support=1, cues=实现关系,实现"
字面量,has_part,运行时常量池,对象与字符串相关实体,内存区域实体,0.7180,"运行时常量池:是方法区的一部分,用于存放编译期生成的各种字面量和符号引用,具有动态性,运行时也可将新的常量放入池中",部分整体关系,全文,JVM.txt,1,256,part_of,,0.7189,relation_taxonomy_normalization + direction_normalization + duplicate_merge,"has_part: score=0.719, conf=0.718, support=1, cues=部分整体,一部分,!用于"
对象头,has_part,初始化零值,对象与字符串相关实体,类加载过程实体,0.8040,"进行必要设置,比如对象头:初始化零值完成之后,虚拟机要对对象进行必要的设置,例如这个对象是哪个类的实例、如何才能找到类的元数据信息、对象的哈希码、对象的 GC 分代年龄等信息",枚举结构关系,使用ThreadLocal,JVM.txt,1,74 | 400,has_part | is_a,is_a,0.7837,relation_taxonomy_normalization + direction_normalization + evidence_weighted_relation_voting,"has_part: score=0.784, conf=0.804, support=1, cues=枚举结构；is_a: score=0.523, conf=0.630, support=1, cues=!包含,!包括"
对象头,is_a,初始化,对象与字符串相关实体,类加载过程实体,0.7880,"初始化零值:内存分配完成后,虚拟机需要将分配到的内存空间都初始化为零值(不包括对象头),这一步操作保证了对象的实例字段在 Java 代码中可以不赋初始值就直接使用,程序能访问到这些字段的数据类型所对应的零值",上位包含关系,使用ThreadLocal,JVM.txt,1,105,is_a,,0.6214,relation_taxonomy_normalization + direction_normalization + duplicate_merge,"is_a: score=0.621, conf=0.788, support=1, cues=!包含,!包括"
对象池,has_part,弱引用可,场景与问题实体,引用类型实体,0.7680,"对象池:在对象池中,弱引用可以用来管理那些暂时不使用的对象",枚举结构关系,全文,JVM.txt,1,146,has_part,,0.7338,relation_taxonomy_normalization + direction_normalization + duplicate_merge,"has_part: score=0.734, conf=0.768, support=1, cues=枚举结构,!用来"
对象池,used_for,使用,场景与问题实体,类加载过程实体,0.7640,"对象池:在对象池中,弱引用可以用来管理那些暂时不使用的对象",用途关系,全文,JVM.txt,1,161 | 324,used_for | has_part,has_part,0.7690,relation_taxonomy_normalization + direction_normalization + evidence_weighted_relation_voting,"used_for: score=0.769, conf=0.764, support=1, cues=用途,用来；has_part: score=0.682, conf=0.684, support=1, cues=枚举结构,!用来"
局部变量,used_for,数组,栈与栈帧相关实体,对象与字符串相关实体,0.6740,"在JVM内存模型中,栈(Stack)主要用于管理线程的局部变量和方法调用的上下文,而堆(Heap)则是用于存储所有类的实例和数组",用途关系,全文,JVM.txt,1,306 | 345,is_a | used_for,is_a,0.7132,relation_taxonomy_normalization + direction_normalization + evidence_weighted_relation_voting,"used_for: score=0.713, conf=0.674, support=1, cues=用途,用于；is_a: score=0.692, conf=0.694, support=1, cues=上下位,!用于"
常量,has_part,符号引用,方法区与元数据相关实体,方法区与元数据相关实体,0.7360,"常量池:存储类和接口中的常量,包括字面值常量、符号引用,以及运行时常量池",整体部分关系,全文,JVM.txt,1,221,has_part,,0.7577,relation_taxonomy_normalization + direction_normalization + duplicate_merge,"has_part: score=0.758, conf=0.736, support=1, cues=整体部分,包括"
常量,has_part,运行时常量池,方法区与元数据相关实体,内存区域实体,0.7140,"常量池:存储类和接口中的常量,包括字面值常量、符号引用,以及运行时常量池",整体部分关系,全文,JVM.txt,1,266,has_part,,0.7440,relation_taxonomy_normalization + direction_normalization + duplicate_merge,"has_part: score=0.744, conf=0.714, support=1, cues=整体部分,包括"
常量,is_a,String,方法区与元数据相关实体,对象与字符串相关实体,0.6880,"所以,如果abc这个字符串常量不存在,则创建两个对象,分别是abc这个字符串常量,以及new String这个实例对象",上下位关系,全文,JVM.txt,1,315,is_a,,0.7158,relation_taxonomy_normalization + direction_normalization + duplicate_merge,"is_a: score=0.716, conf=0.688, support=1, cues=上下位"
常量,is_a,常量池,方法区与元数据相关实体,方法区与元数据相关实体,0.7080,"常量池:存储类和接口中的常量,包括字面值常量、符号引用,以及运行时常量池",上位包含关系,全文,JVM.txt,1,284,is_a,,0.5718,relation_taxonomy_normalization + direction_normalization + duplicate_merge,"is_a: score=0.572, conf=0.708, support=1, cues=!包含,!包括"
常量池,has_part,常量,方法区与元数据相关实体,方法区与元数据相关实体,0.7360,"常量池:存储类和接口中的常量,包括字面值常量、符号引用,以及运行时常量池",枚举结构关系,全文,JVM.txt,1,222,has_part,,0.7577,relation_taxonomy_normalization + direction_normalization + duplicate_merge,"has_part: score=0.758, conf=0.736, support=1, cues=枚举结构,包括"
常量池,has_part,符号引用,方法区与元数据相关实体,方法区与元数据相关实体,0.6700,"常量池:存储类和接口中的常量,包括字面值常量、符号引用,以及运行时常量池",枚举结构关系,全文,JVM.txt,1,353,has_part,,0.7167,relation_taxonomy_normalization + direction_normalization + duplicate_merge,"has_part: score=0.717, conf=0.670, support=1, cues=枚举结构,包括"
常量池,has_part,运行时常量池,方法区与元数据相关实体,内存区域实体,0.6480,"常量池:存储类和接口中的常量,包括字面值常量、符号引用,以及运行时常量池",整体部分关系,全文,JVM.txt,1,392,has_part,,0.7031,relation_taxonomy_normalization + direction_normalization + duplicate_merge,"has_part: score=0.703, conf=0.648, support=1, cues=整体部分,包括"
常量池,is_a,加载,方法区与元数据相关实体,类加载过程实体,0.6940,"类加载检查:虚拟机遇到一条 new 指令时,首先将去检查这个指令的参数是否能在常量池中定位到一个类的符号引用,并且检查这个符号引用代表的类是否已被加载过、解析和初始化过",上下位关系,使用ThreadLocal,JVM.txt,1,307,is_a,,0.7195,relation_taxonomy_normalization + direction_normalization + duplicate_merge,"is_a: score=0.720, conf=0.694, support=1, cues=上下位"
常量池,is_a,解析,方法区与元数据相关实体,类加载过程实体,0.6800,"类加载检查:虚拟机遇到一条 new 指令时,首先将去检查这个指令的参数是否能在常量池中定位到一个类的符号引用,并且检查这个符号引用代表的类是否已被加载过、解析和初始化过",上下位关系,使用ThreadLocal,JVM.txt,1,334,is_a,,0.7108,relation_taxonomy_normalization + direction_normalization + duplicate_merge,"is_a: score=0.711, conf=0.680, support=1, cues=上下位"
常量池缓存,used_for,使用,方法区与元数据相关实体,类加载过程实体,0.7160,"常量池缓存:用于提升类加载的效率,将常用的常量缓存起来方便使用",用途关系,全文,JVM.txt,1,263 | 359,used_for | has_part,has_part,0.7393,relation_taxonomy_normalization + direction_normalization + evidence_weighted_relation_voting,"used_for: score=0.739, conf=0.716, support=1, cues=用途,用于；has_part: score=0.671, conf=0.666, support=1, cues=枚举结构,!用于"
常量池缓存,used_for,常量,方法区与元数据相关实体,方法区与元数据相关实体,0.7440,"常量池缓存:用于提升类加载的效率,将常用的常量缓存起来方便使用",用途关系,全文,JVM.txt,1,202 | 308,used_for | has_part,has_part,0.7566,relation_taxonomy_normalization + direction_normalization + evidence_weighted_relation_voting,"used_for: score=0.757, conf=0.744, support=1, cues=用途,用于；has_part: score=0.688, conf=0.694, support=1, cues=枚举结构,!用于"
常量池缓存,used_for,类加载,方法区与元数据相关实体,领域实体,0.8300,"常量池缓存:用于提升类加载的效率,将常用的常量缓存起来方便使用",用途关系,全文,JVM.txt,1,40 | 121,used_for | has_part,has_part,0.8099,relation_taxonomy_normalization + direction_normalization + evidence_weighted_relation_voting,"used_for: score=0.810, conf=0.830, support=1, cues=用途,用于；has_part: score=0.741, conf=0.780, support=1, cues=枚举结构,!用于"
并发标记,is_a,GC Roots,垃圾回收算法实体,垃圾回收核心概念实体,0.8500,"并发标记阶段:并发标记阶段是指从GC Roots开始对堆中对象进行可达性分析,找出存活对象",上下位关系,使用ThreadLocal,JVM.txt,1,20 | 219,is_a | has_part,has_part,0.8162,relation_taxonomy_normalization + direction_normalization + evidence_weighted_relation_voting,"is_a: score=0.816, conf=0.850, support=1, cues=上下位；has_part: score=0.743, conf=0.738, support=1, cues=枚举结构"
并发标记,is_a,STW,垃圾回收算法实体,垃圾回收核心概念实体,0.8020,"并发标记耗时相对长很多,但因为不是STW,所以我们不太关心该阶段耗时的长短",上下位关系,使用ThreadLocal,JVM.txt,1,78,is_a,,0.7865,relation_taxonomy_normalization + direction_normalization + duplicate_merge,"is_a: score=0.786, conf=0.802, support=1, cues=上下位"
并发标记,is_a,可达性分析,垃圾回收算法实体,垃圾回收核心概念实体,0.7480,"并发标记阶段:并发标记阶段是指从GC Roots开始对堆中对象进行可达性分析,找出存活对象",上下位关系,使用ThreadLocal,JVM.txt,1,195,is_a,,0.7530,relation_taxonomy_normalization + direction_normalization + duplicate_merge,"is_a: score=0.753, conf=0.748, support=1, cues=上下位"
并发标记,is_a,存活对象,垃圾回收算法实体,垃圾回收核心概念实体,0.7000,"并发标记阶段:并发标记阶段是指从GC Roots开始对堆中对象进行可达性分析,找出存活对象",上下位关系,使用ThreadLocal,JVM.txt,1,296,is_a,,0.7232,relation_taxonomy_normalization + direction_normalization + duplicate_merge,"is_a: score=0.723, conf=0.700, support=1, cues=上下位"
幻影引用,is_a,PhantomReference,引用类型实体,引用类型实体,0.7820,"虚引用也被称作幻影引用,是最弱的引用关系,可以用PhantomReference来描述,他必须和ReferenceQueue一起使用,同样的当发生GC的时候,虚引用也会被回收",上下位关系,全文,JVM.txt,1,118,is_a,,0.7741,relation_taxonomy_normalization + direction_normalization + duplicate_merge,"is_a: score=0.774, conf=0.782, support=1, cues=上下位"
引用计数法,implemented_by,垃圾回收,垃圾回收核心概念实体,领域实体,0.8540,"在Java中,判断对象是否为垃圾(即不再被使用,可以被垃圾回收器回收)主要依据两种主流的垃圾回收算法来实现:引用计数法和可达性分析算法",实现关系,使用ThreadLocal,JVM.txt,1,18,implemented_by,,0.8328,relation_taxonomy_normalization + direction_normalization + duplicate_merge,"implemented_by: score=0.833, conf=0.854, support=1, cues=实现关系,实现"
弱引用,is_a,WeakReference,引用类型实体,引用类型实体,0.7580,"在Java中,弱引用是通过Java.lang.ref.WeakReference类实现的",上下位关系,全文,JVM.txt,1,173,is_a,,0.7592,relation_taxonomy_normalization + direction_normalization + duplicate_merge,"is_a: score=0.759, conf=0.758, support=1, cues=上下位"
弱引用,is_a,垃圾回收,引用类型实体,领域实体,0.7720,"Java中的弱引用是一种引用类型,它不会阻止一个对象被垃圾回收",上下位关系,全文,JVM.txt,1,135,is_a,,0.7840,relation_taxonomy_normalization + direction_normalization + duplicate_merge,"is_a: score=0.784, conf=0.772, support=1, cues=上下位,是一种"
弱引用,is_a,对象引用,引用类型实体,栈与栈帧相关实体,0.7900,"弱引用的一个主要用途是创建非强制性的对象引用,这些引用可以在内存压力大时被垃圾回收器清理,从而避免内存泄露",上下位关系,全文,JVM.txt,1,98,is_a,,0.7790,relation_taxonomy_normalization + direction_normalization + duplicate_merge,"is_a: score=0.779, conf=0.790, support=1, cues=上下位"
弱引用,used_for,ThreadLocal,引用类型实体,代码与容器实体,0.6600,"ThreadLocalMap使用ThreadLocal的弱引用作为key,如果一个ThreadLocal没有外部强引用来引用它,那么系统GC时,这个ThreadLocal势必会被回收,这样一来,ThreadLocalMap中就会出现key为null的Entry,就没有办法访问这些key为null的Entry的value",用途关系,使用ThreadLocal,JVM.txt,1,375,used_for,,0.7206,relation_taxonomy_normalization + direction_normalization + duplicate_merge,"used_for: score=0.721, conf=0.660, support=1, cues=用途,用来,用作"
弱引用,used_for,gc,引用类型实体,领域实体,0.6600,"ThreadLocalMap使用ThreadLocal的弱引用作为key,如果一个ThreadLocal没有外部强引用来引用它,那么系统GC时,这个ThreadLocal势必会被回收,这样一来,ThreadLocalMap中就会出现key为null的Entry,就没有办法访问这些key为null的Entry的value",用途关系,使用ThreadLocal,JVM.txt,1,376,used_for,,0.7206,relation_taxonomy_normalization + direction_normalization + duplicate_merge,"used_for: score=0.721, conf=0.660, support=1, cues=用途,用来,用作"
弱引用可,used_for,使用,引用类型实体,类加载过程实体,0.8000,"对象池:在对象池中,弱引用可以用来管理那些暂时不使用的对象",用途关系,全文,JVM.txt,1,81,used_for,,0.7913,relation_taxonomy_normalization + direction_normalization + duplicate_merge,"used_for: score=0.791, conf=0.800, support=1, cues=用途,用来"
扩展类加载器,is_a,启动类加载器,领域实体,领域实体,0.7520,"扩展类加载器由启动类加载器加载,并且父加载器就是启动类加载器",上下位关系,使用ThreadLocal,JVM.txt,1,185,is_a,,0.7555,relation_taxonomy_normalization + direction_normalization + duplicate_merge,"is_a: score=0.755, conf=0.752, support=1, cues=上下位"
批量处理任务,causes,堆溢出,场景与问题实体,内存区域实体,0.6500,"举个例子:曾遇到过一个批量处理任务,代码中把所有处理结果都存到了一个静态 List 里,导致对象越积越多,最终堆溢出",因果关系,全文,JVM.txt,1,388,causes,,0.7023,relation_taxonomy_normalization + direction_normalization + duplicate_merge,"causes: score=0.702, conf=0.650, support=1, cues=因果,导致"
指令地址,is_a,程序计数器,线程与私有性相关实体,内存区域实体,0.7600,"每个线程都有自己的程序计数器,因为它们各自执行的代码的指令地址是不一样的呀,所以每个线程都应该有自己的程序计数器",上下位关系,全文,JVM.txt,1,168,is_a,,0.7604,relation_taxonomy_normalization + direction_normalization + duplicate_merge,"is_a: score=0.760, conf=0.760, support=1, cues=上下位"
指令地址,is_a,线程,线程与私有性相关实体,线程与私有性相关实体,0.7940,"每个线程都有自己的程序计数器,因为它们各自执行的代码的指令地址是不一样的呀,所以每个线程都应该有自己的程序计数器",上下位关系,全文,JVM.txt,1,85,is_a,,0.7815,relation_taxonomy_normalization + direction_normalization + duplicate_merge,"is_a: score=0.782, conf=0.794, support=1, cues=上下位"
指针,is_a,直接引用,栈与栈帧相关实体,方法区与元数据相关实体,0.7480,"直接引用可以是直接指向目标的指针、相对偏移量或是一个能间接定位到目标的句柄,直接引用是和虚拟机实现的内存布局相关的",上下位关系,使用ThreadLocal,JVM.txt,1,196,is_a,,0.7691,relation_taxonomy_normalization + direction_normalization + duplicate_merge,"is_a: score=0.769, conf=0.748, support=1, cues=上下位,是一个"
新生代,causes,Minor GC,堆结构实体,垃圾回收核心概念实体,0.7120,"如果将大对象分配到新生代,可能会很快导致新生代空间不足,从而频繁触发 Minor GC",因果关系,全文,JVM.txt,1,274,causes,,0.7569,relation_taxonomy_normalization + direction_normalization + duplicate_merge,"causes: score=0.757, conf=0.712, support=1, cues=因果,导致,触发"
新生代,causes,大对象,堆结构实体,对象与字符串相关实体,0.6880,"大对象通常需要连续的内存空间,如果在新生代中频繁分配和回收大对象,容易产生内存碎片,导致后续分配大对象时可能因为内存不连续而失败",因果关系,全文,JVM.txt,1,316,causes,,0.7259,relation_taxonomy_normalization + direction_normalization + duplicate_merge,"causes: score=0.726, conf=0.688, support=1, cues=因果,导致"
新生代,is_a,CMS,堆结构实体,垃圾回收器实体,0.8320,标记-复制算法应用在CMS新生代(ParNew是CMS默认的新生代垃圾回收器)和G1垃圾回收器中,上下位关系,使用ThreadLocal,JVM.txt,1,37,is_a,,0.8051,relation_taxonomy_normalization + direction_normalization + duplicate_merge,"is_a: score=0.805, conf=0.832, support=1, cues=上下位"
新生代,is_a,G1,堆结构实体,垃圾回收器实体,0.7360,标记-复制算法应用在CMS新生代(ParNew是CMS默认的新生代垃圾回收器)和G1垃圾回收器中,上下位关系,使用ThreadLocal,JVM.txt,1,223,is_a,,0.7456,relation_taxonomy_normalization + direction_normalization + duplicate_merge,"is_a: score=0.746, conf=0.736, support=1, cues=上下位"
新生代,is_a,Java 堆,堆结构实体,内存区域实体,0.8120,"此外,G1收集器不同于之前的收集器的一个重要特点是:G1回收的范围是整个Java堆(包括新生代,老年代),而前六种收集器回收的范围仅限于新生代或老年代",上位包含关系,使用ThreadLocal,JVM.txt,1,57,is_a,,0.6363,relation_taxonomy_normalization + direction_normalization + duplicate_merge,"is_a: score=0.636, conf=0.812, support=1, cues=!包含,!包括"
新生代,is_a,Serial,堆结构实体,垃圾回收器实体,0.8200,"ParNew收集器 (复制算法): 新生代收并行集器,实际上是Serial收集器的多线程版本,在多核CPU环境下有着比Serial更好的表现",上下位关系,使用ThreadLocal,JVM.txt,1,46,is_a,,0.7976,relation_taxonomy_normalization + direction_normalization + duplicate_merge,"is_a: score=0.798, conf=0.820, support=1, cues=上下位"
新生代,is_a,垃圾回收,堆结构实体,领域实体,0.7780,标记-复制算法应用在CMS新生代(ParNew是CMS默认的新生代垃圾回收器)和G1垃圾回收器中,上下位关系,使用ThreadLocal,JVM.txt,1,128,is_a,,0.7716,relation_taxonomy_normalization + direction_normalization + duplicate_merge,"is_a: score=0.772, conf=0.778, support=1, cues=上下位"
新生代,is_a,线程,堆结构实体,线程与私有性相关实体,0.7900,"Serial收集器(复制算法): 新生代单线程收集器,标记和清理都是单线程,优点是简单高效",上下位关系,使用ThreadLocal,JVM.txt,1,99,is_a,,0.7790,relation_taxonomy_normalization + direction_normalization + duplicate_merge,"is_a: score=0.779, conf=0.790, support=1, cues=上下位"
方法区,is_a,GC Roots,内存区域实体,垃圾回收核心概念实体,0.6680,GC Roots对象包括:虚拟机栈(栈帧中的本地变量表)中引用的对象、方法区中类静态属性引用的对象、本地方法栈中JNI(Java Native Interface)引用的对象、活跃线程的引用等,上位包含关系,使用ThreadLocal,JVM.txt,1,356,is_a,,0.5470,relation_taxonomy_normalization + direction_normalization + duplicate_merge,"is_a: score=0.547, conf=0.668, support=1, cues=!包含,!包括"
方法区,used_for,加载,内存区域实体,类加载过程实体,0.6680,《深入理解Java虚拟机》书中对方法区(Method Area)存储内容描述如下:它用于存储已被虚拟机加载的类型信息、常量、静态变量、即时编译器编译后的代码缓存等,用途关系,全文,JVM.txt,1,357,used_for,,0.7095,relation_taxonomy_normalization + direction_normalization + duplicate_merge,"used_for: score=0.709, conf=0.668, support=1, cues=用途,用于"
方法区,used_for,即时编译器编译后的代码缓存,内存区域实体,方法区与元数据相关实体,0.6600,《深入理解Java虚拟机》书中对方法区(Method Area)存储内容描述如下:它用于存储已被虚拟机加载的类型信息、常量、静态变量、即时编译器编译后的代码缓存等,用途关系,全文,JVM.txt,1,377,used_for,,0.7045,relation_taxonomy_normalization + direction_normalization + duplicate_merge,"used_for: score=0.705, conf=0.660, support=1, cues=用途,用于"
方法区,used_for,字面量,内存区域实体,对象与字符串相关实体,0.7580,"运行时常量池:是方法区的一部分,用于存放编译期生成的各种字面量和符号引用,具有动态性,运行时也可将新的常量放入池中",用途关系,全文,JVM.txt,1,174,used_for,,0.7653,relation_taxonomy_normalization + direction_normalization + duplicate_merge,"used_for: score=0.765, conf=0.758, support=1, cues=用途,用于"
方法区,used_for,常量,内存区域实体,方法区与元数据相关实体,0.8060,方法区(Method Area): 方法区是用于存储类信息、常量、静态变量等数据的区域,用途关系,使用ThreadLocal,JVM.txt,1,43 | 72,is_a | used_for,is_a,0.7951,relation_taxonomy_normalization + direction_normalization + evidence_weighted_relation_voting,"used_for: score=0.795, conf=0.806, support=1, cues=用途,用于；is_a: score=0.774, conf=0.826, support=1, cues=上下位,!用于"
方法区,used_for,符号引用,内存区域实体,方法区与元数据相关实体,0.7340,"运行时常量池:是方法区的一部分,用于存放编译期生成的各种字面量和符号引用,具有动态性,运行时也可将新的常量放入池中",用途关系,全文,JVM.txt,1,225,used_for,,0.7504,relation_taxonomy_normalization + direction_normalization + duplicate_merge,"used_for: score=0.750, conf=0.734, support=1, cues=用途,用于"
方法区,used_for,类信息,内存区域实体,方法区与元数据相关实体,0.8300,方法区(Method Area): 方法区是用于存储类信息、常量、静态变量等数据的区域,用途关系,使用ThreadLocal,JVM.txt,1,21 | 41 | 348,is_a | used_for | has_part,is_a | has_part,0.8099,relation_taxonomy_normalization + direction_normalization + evidence_weighted_relation_voting,"used_for: score=0.810, conf=0.830, support=1, cues=用途,用于；is_a: score=0.789, conf=0.850, support=1, cues=上下位,!用于；has_part: score=0.674, conf=0.672, support=1, cues=枚举结构,!用于"
方法区,used_for,类型信息,内存区域实体,方法区与元数据相关实体,0.6600,《深入理解Java虚拟机》书中对方法区(Method Area)存储内容描述如下:它用于存储已被虚拟机加载的类型信息、常量、静态变量、即时编译器编译后的代码缓存等,用途关系,全文,JVM.txt,1,378,used_for,,0.7045,relation_taxonomy_normalization + direction_normalization + duplicate_merge,"used_for: score=0.705, conf=0.660, support=1, cues=用途,用于"
方法区,used_for,静态变量,内存区域实体,方法区与元数据相关实体,0.7880,方法区(Method Area): 方法区是用于存储类信息、常量、静态变量等数据的区域,用途关系,使用ThreadLocal,JVM.txt,1,66 | 106,is_a | used_for,is_a,0.7839,relation_taxonomy_normalization + direction_normalization + evidence_weighted_relation_voting,"used_for: score=0.784, conf=0.788, support=1, cues=用途,用于；is_a: score=0.763, conf=0.808, support=1, cues=上下位,!用于"
方法调用,used_for,数组,栈与栈帧相关实体,对象与字符串相关实体,0.7040,"在JVM内存模型中,栈(Stack)主要用于管理线程的局部变量和方法调用的上下文,而堆(Heap)则是用于存储所有类的实例和数组",用途关系,全文,JVM.txt,1,241 | 288,is_a | used_for,is_a,0.7318,relation_taxonomy_normalization + direction_normalization + evidence_weighted_relation_voting,"used_for: score=0.732, conf=0.704, support=1, cues=用途,用于；is_a: score=0.711, conf=0.724, support=1, cues=上下位,!用于"
本地方法栈,has_part,Java 虚拟机栈,内存区域实体,领域实体,0.7920,"本地方法栈:与 Java 虚拟机栈类似,主要为虚拟机使用到的 Native 方法服务,在 HotSpot 虚拟机中和 Java 虚拟机栈合二为一",枚举结构关系,全文,JVM.txt,1,92,has_part,,0.7763,relation_taxonomy_normalization + direction_normalization + duplicate_merge,"has_part: score=0.776, conf=0.792, support=1, cues=枚举结构"
本地方法栈,has_part,使用,内存区域实体,类加载过程实体,0.6840,"本地方法栈:与 Java 虚拟机栈类似,主要为虚拟机使用到的 Native 方法服务,在 HotSpot 虚拟机中和 Java 虚拟机栈合二为一",枚举结构关系,全文,JVM.txt,1,325,has_part,,0.7093,relation_taxonomy_normalization + direction_normalization + duplicate_merge,"has_part: score=0.709, conf=0.684, support=1, cues=枚举结构"
本地方法栈,is_a,GC Roots,内存区域实体,垃圾回收核心概念实体,0.6300,GC Roots对象包括:虚拟机栈(栈帧中的本地变量表)中引用的对象、方法区中类静态属性引用的对象、本地方法栈中JNI(Java Native Interface)引用的对象、活跃线程的引用等,上位包含关系,使用ThreadLocal,JVM.txt,1,401,is_a,,0.5234,relation_taxonomy_normalization + direction_normalization + duplicate_merge,"is_a: score=0.523, conf=0.630, support=1, cues=!包含,!包括"
本地方法栈,is_a,JVM,内存区域实体,领域实体,0.6740,"根据 JDK 8 规范,JVM 运行时内存共分为虚拟机栈、堆、元空间、程序计数器、本地方法栈五个部分",上位包含关系,全文,JVM.txt,1,346,is_a,,0.5783,relation_taxonomy_normalization + direction_normalization + duplicate_merge,"is_a: score=0.578, conf=0.674, support=1, cues=!包含"
标记-整理算法,has_part,G1,垃圾回收算法实体,垃圾回收器实体,0.7260,"G1(Garbage First)收集器 (标记-整理算法): Java堆并行收集器,G1收集器是JDK1.7提供的一个新收集器,G1收集器基于“标记-整理”算法实现,也就是说不会产生内存碎片",枚举结构关系,使用ThreadLocal,JVM.txt,1,238 | 335,has_part | is_a,is_a,0.7078,relation_taxonomy_normalization + direction_normalization + evidence_weighted_relation_voting,"has_part: score=0.708, conf=0.726, support=1, cues=枚举结构,!基于；is_a: score=0.683, conf=0.680, support=1, cues=上下位,!基于"
标记-整理算法,has_part,Java 堆,垃圾回收算法实体,内存区域实体,0.7920,"G1(Garbage First)收集器 (标记-整理算法): Java堆并行收集器,G1收集器是JDK1.7提供的一个新收集器,G1收集器基于“标记-整理”算法实现,也就是说不会产生内存碎片",枚举结构关系,使用ThreadLocal,JVM.txt,1,93,has_part,,0.7487,relation_taxonomy_normalization + direction_normalization + duplicate_merge,"has_part: score=0.749, conf=0.792, support=1, cues=枚举结构,!基于"
标记-整理算法,has_part,Parallel Scavenge,垃圾回收算法实体,垃圾回收器实体,0.7020,"Parallel Old收集器 (标记-整理算法): 老年代并行收集器,吞吐量优先,Parallel Scavenge收集器的老年代版本",枚举结构关系,使用ThreadLocal,JVM.txt,1,292,has_part,,0.7205,relation_taxonomy_normalization + direction_normalization + duplicate_merge,"has_part: score=0.720, conf=0.702, support=1, cues=枚举结构"
标记-整理算法,has_part,Serial,垃圾回收算法实体,垃圾回收器实体,0.7320,"Serial Old收集器 (标记-整理算法): 老年代单线程收集器,Serial收集器的老年代版本",枚举结构关系,使用ThreadLocal,JVM.txt,1,230,has_part,,0.7391,relation_taxonomy_normalization + direction_normalization + duplicate_merge,"has_part: score=0.739, conf=0.732, support=1, cues=枚举结构"
标记-整理算法,has_part,gc,垃圾回收算法实体,领域实体,0.7680,"标记-整理算法:复制算法在 GC 之后存活对象较少的情况下效率比较高,但如果存活对象比较多时,会执行较多的复制操作,效率就会下降",枚举结构关系,使用ThreadLocal,JVM.txt,1,147,has_part,,0.7614,relation_taxonomy_normalization + direction_normalization + duplicate_merge,"has_part: score=0.761, conf=0.768, support=1, cues=枚举结构"
标记-整理算法,has_part,复制算法,垃圾回收算法实体,垃圾回收算法实体,0.7840,"标记-整理算法:复制算法在 GC 之后存活对象较少的情况下效率比较高,但如果存活对象比较多时,会执行较多的复制操作,效率就会下降",枚举结构关系,使用ThreadLocal,JVM.txt,1,114,has_part,,0.7713,relation_taxonomy_normalization + direction_normalization + duplicate_merge,"has_part: score=0.771, conf=0.784, support=1, cues=枚举结构"
标记-整理算法,has_part,存活对象,垃圾回收算法实体,垃圾回收核心概念实体,0.7380,"标记-整理算法:复制算法在 GC 之后存活对象较少的情况下效率比较高,但如果存活对象比较多时,会执行较多的复制操作,效率就会下降",枚举结构关系,使用ThreadLocal,JVM.txt,1,220,has_part,,0.7428,relation_taxonomy_normalization + direction_normalization + duplicate_merge,"has_part: score=0.743, conf=0.738, support=1, cues=枚举结构"
标记-整理算法,has_part,线程,垃圾回收算法实体,线程与私有性相关实体,0.7680,"Serial Old收集器 (标记-整理算法): 老年代单线程收集器,Serial收集器的老年代版本",枚举结构关系,使用ThreadLocal,JVM.txt,1,148,has_part,,0.7614,relation_taxonomy_normalization + direction_normalization + duplicate_merge,"has_part: score=0.761, conf=0.768, support=1, cues=枚举结构"
标记-整理算法,has_part,老年代,垃圾回收算法实体,堆结构实体,0.7920,"Serial Old收集器 (标记-整理算法): 老年代单线程收集器,Serial收集器的老年代版本",枚举结构关系,使用ThreadLocal,JVM.txt,1,94,has_part,,0.7763,relation_taxonomy_normalization + direction_normalization + duplicate_merge,"has_part: score=0.776, conf=0.792, support=1, cues=枚举结构"
标记-清除算法,has_part,老年代,垃圾回收算法实体,堆结构实体,0.7920,"CMS(Concurrent Mark Sweep)收集器(标记-清除算法): 老年代并行收集器,以获取最短回收停顿时间为目标的收集器,具有高并发、低停顿的特点,追求最短GC回收停顿时间",枚举结构关系,使用ThreadLocal,JVM.txt,1,95,has_part,,0.7763,relation_taxonomy_normalization + direction_normalization + duplicate_merge,"has_part: score=0.776, conf=0.792, support=1, cues=枚举结构"
标记阶段,is_a,G1,垃圾回收算法实体,垃圾回收器实体,0.7640,G1的混合回收过程可以分为标记阶段、清理阶段和复制阶段,上位包含关系,使用ThreadLocal,JVM.txt,1,162,is_a,,0.6341,relation_taxonomy_normalization + direction_normalization + duplicate_merge,"is_a: score=0.634, conf=0.764, support=1, cues=!包含"
栈帧,causes,栈溢出,栈与栈帧相关实体,场景与问题实体,0.7180,"如果递归没有正确的终止条件,栈帧会不断累积,最终超过虚拟机栈的最大容量,导致栈溢出",因果关系,全文,JVM.txt,1,255,causes,,0.7445,relation_taxonomy_normalization + direction_normalization + duplicate_merge,"causes: score=0.744, conf=0.718, support=1, cues=因果,导致"
栈帧,is_a,GC Roots,栈与栈帧相关实体,垃圾回收核心概念实体,0.7700,GC Roots对象包括:虚拟机栈(栈帧中的本地变量表)中引用的对象、方法区中类静态属性引用的对象、本地方法栈中JNI(Java Native Interface)引用的对象、活跃线程的引用等,上位包含关系,使用ThreadLocal,JVM.txt,1,137,is_a,,0.6102,relation_taxonomy_normalization + direction_normalization + duplicate_merge,"is_a: score=0.610, conf=0.770, support=1, cues=!包含,!包括"
栈帧,used_for,动态链接,栈与栈帧相关实体,栈与栈帧相关实体,0.7440,"每个方法在执行时都会创建一个栈帧,用于存储局部变量表、操作数栈、动态链接、方法出口等信息",用途关系,全文,JVM.txt,1,203,used_for,,0.7566,relation_taxonomy_normalization + direction_normalization + duplicate_merge,"used_for: score=0.757, conf=0.744, support=1, cues=用途,用于"
栈帧,used_for,局部变量表,栈与栈帧相关实体,栈与栈帧相关实体,0.8100,"每个方法在执行时都会创建一个栈帧,用于存储局部变量表、操作数栈、动态链接、方法出口等信息",用途关系,全文,JVM.txt,1,59,used_for,,0.7975,relation_taxonomy_normalization + direction_normalization + duplicate_merge,"used_for: score=0.798, conf=0.810, support=1, cues=用途,用于"
栈帧,used_for,操作数栈,栈与栈帧相关实体,栈与栈帧相关实体,0.7740,"每个方法在执行时都会创建一个栈帧,用于存储局部变量表、操作数栈、动态链接、方法出口等信息",用途关系,全文,JVM.txt,1,134,used_for,,0.7752,relation_taxonomy_normalization + direction_normalization + duplicate_merge,"used_for: score=0.775, conf=0.774, support=1, cues=用途,用于"
栈帧,used_for,方法出口,栈与栈帧相关实体,栈与栈帧相关实体,0.7140,"每个方法在执行时都会创建一个栈帧,用于存储局部变量表、操作数栈、动态链接、方法出口等信息",用途关系,全文,JVM.txt,1,267,used_for,,0.7380,relation_taxonomy_normalization + direction_normalization + duplicate_merge,"used_for: score=0.738, conf=0.714, support=1, cues=用途,用于"
栈帧创建,has_part,JVM,栈与栈帧相关实体,领域实体,0.7500,"栈帧创建:在调用一个方法前,JVM会在当前线程的Java虚拟机栈中为该方法分配一个新的栈帧,用于存储局部变量表、操作数栈、动态链接、方法出口等信息",枚举结构关系,全文,JVM.txt,1,189,has_part,,0.7226,relation_taxonomy_normalization + direction_normalization + duplicate_merge,"has_part: score=0.723, conf=0.750, support=1, cues=枚举结构,!用于"
栈帧创建,has_part,Java 虚拟机栈,栈与栈帧相关实体,领域实体,0.6900,"栈帧创建:在调用一个方法前,JVM会在当前线程的Java虚拟机栈中为该方法分配一个新的栈帧,用于存储局部变量表、操作数栈、动态链接、方法出口等信息",枚举结构关系,全文,JVM.txt,1,312,has_part,,0.6854,relation_taxonomy_normalization + direction_normalization + duplicate_merge,"has_part: score=0.685, conf=0.690, support=1, cues=枚举结构,!用于"
栈帧创建,has_part,线程,栈与栈帧相关实体,线程与私有性相关实体,0.7080,"栈帧创建:在调用一个方法前,JVM会在当前线程的Java虚拟机栈中为该方法分配一个新的栈帧,用于存储局部变量表、操作数栈、动态链接、方法出口等信息",枚举结构关系,全文,JVM.txt,1,285,has_part,,0.6966,relation_taxonomy_normalization + direction_normalization + duplicate_merge,"has_part: score=0.697, conf=0.708, support=1, cues=枚举结构,!用于"
栈帧创建,used_for,局部变量表,栈与栈帧相关实体,栈与栈帧相关实体,0.6400,"栈帧创建:在调用一个方法前,JVM会在当前线程的Java虚拟机栈中为该方法分配一个新的栈帧,用于存储局部变量表、操作数栈、动态链接、方法出口等信息",用途关系,全文,JVM.txt,1,396,used_for,,0.6921,relation_taxonomy_normalization + direction_normalization + duplicate_merge,"used_for: score=0.692, conf=0.640, support=1, cues=用途,用于"
栈溢出,implemented_by,树形结构遍历,场景与问题实体,场景与问题实体,0.6900,"举个实际例子:曾遇到一个树形结构遍历的方法,因节点层级极深(超过 10 万层)且用递归实现,导致栈溢出",实现关系,全文,JVM.txt,1,313,implemented_by,,0.7035,relation_taxonomy_normalization + direction_normalization + duplicate_merge,"implemented_by: score=0.704, conf=0.690, support=1, cues=实现关系,实现,!导致"
栈溢出,is_a,JVM,场景与问题实体,领域实体,0.6880,"栈溢出(java.lang.StackOverflowError)是 JVM 中另一种常见的内存错误,和堆溢出的原理与场景截然不同",上下位关系,全文,JVM.txt,1,317,is_a,,0.7158,relation_taxonomy_normalization + direction_normalization + duplicate_merge,"is_a: score=0.716, conf=0.688, support=1, cues=上下位"
栈溢出,is_a,局部变量,场景与问题实体,栈与栈帧相关实体,0.8080,"当栈溢出时,通常是因为递归过深或局部变量过大",上下位关系,全文,JVM.txt,1,67,is_a,,0.7902,relation_taxonomy_normalization + direction_normalization + duplicate_merge,"is_a: score=0.790, conf=0.808, support=1, cues=上下位"
栈溢出,is_a,方法调用,场景与问题实体,栈与栈帧相关实体,0.8440,"总的来说,栈溢出的核心原因是方法调用栈深度超过了栈内存限制,解决时应优先从代码逻辑(尤其是递归)入手,而非单纯调大栈内存",上下位关系,全文,JVM.txt,1,26,is_a,,0.8125,relation_taxonomy_normalization + direction_normalization + duplicate_merge,"is_a: score=0.813, conf=0.844, support=1, cues=上下位"
树形结构遍历,causes,栈溢出,场景与问题实体,场景与问题实体,0.6500,"举个实际例子:曾遇到一个树形结构遍历的方法,因节点层级极深(超过 10 万层)且用递归实现,导致栈溢出",因果关系,全文,JVM.txt,1,389,causes,,0.7023,relation_taxonomy_normalization + direction_normalization + duplicate_merge,"causes: score=0.702, conf=0.650, support=1, cues=因果,导致"
浮动垃圾,is_a,gc,垃圾回收核心概念实体,领域实体,0.7660,"而G1没有浮动垃圾,G1的筛选回收是多个垃圾回收线程并行gc的,没有浮动垃圾的回收,在执行‘并发清理’步骤时,用户线程也会同时产生一部分可回收对象,但是这部分可回收对象只能在下次执行清理是才会被回收",上下位关系,使用ThreadLocal,JVM.txt,1,156,is_a,,0.7642,relation_taxonomy_normalization + direction_normalization + duplicate_merge,"is_a: score=0.764, conf=0.766, support=1, cues=上下位"
浮动垃圾,is_a,垃圾回收,垃圾回收核心概念实体,领域实体,0.8140,"而G1没有浮动垃圾,G1的筛选回收是多个垃圾回收线程并行gc的,没有浮动垃圾的回收,在执行‘并发清理’步骤时,用户线程也会同时产生一部分可回收对象,但是这部分可回收对象只能在下次执行清理是才会被回收",上下位关系,使用ThreadLocal,JVM.txt,1,53,is_a,,0.7939,relation_taxonomy_normalization + direction_normalization + duplicate_merge,"is_a: score=0.794, conf=0.814, support=1, cues=上下位"
浮动垃圾,is_a,线程,垃圾回收核心概念实体,线程与私有性相关实体,0.7900,"而G1没有浮动垃圾,G1的筛选回收是多个垃圾回收线程并行gc的,没有浮动垃圾的回收,在执行‘并发清理’步骤时,用户线程也会同时产生一部分可回收对象,但是这部分可回收对象只能在下次执行清理是才会被回收",上下位关系,使用ThreadLocal,JVM.txt,1,100,is_a,,0.7790,relation_taxonomy_normalization + direction_normalization + duplicate_merge,"is_a: score=0.779, conf=0.790, support=1, cues=上下位"
深度递归,causes,栈溢出,场景与问题实体,场景与问题实体,0.8180,递归调用:深度递归导致栈溢出,因果关系,全文,JVM.txt,1,50,causes,,0.8065,relation_taxonomy_normalization + direction_normalization + duplicate_merge,"causes: score=0.806, conf=0.818, support=1, cues=因果,导致"
清理阶段,is_a,G1,垃圾回收算法实体,垃圾回收器实体,0.7340,G1的混合回收过程可以分为标记阶段、清理阶段和复制阶段,上位包含关系,使用ThreadLocal,JVM.txt,1,226,is_a,,0.6155,relation_taxonomy_normalization + direction_normalization + duplicate_merge,"is_a: score=0.616, conf=0.734, support=1, cues=!包含"
直接内存,causes,OutOfMemoryError,内存区域实体,异常与错误实体,0.7000,"直接内存的使用受到本机总内存的限制,若分配不当,可能导致 OutOfMemoryError 异常",因果关系,全文,JVM.txt,1,297,causes,,0.7333,relation_taxonomy_normalization + direction_normalization + duplicate_merge,"causes: score=0.733, conf=0.700, support=1, cues=因果,导致"
直接内存,is_a,JVM,内存区域实体,领域实体,0.8500,"直接内存:不属于 JVM 运行时数据区的一部分,通过 NIO 类引入,是一种堆外内存,可以显著提高 I/O 性能",上下位关系,全文,JVM.txt,1,22 | 122,is_a | has_part,has_part,0.8484,relation_taxonomy_normalization + direction_normalization + evidence_weighted_relation_voting,"is_a: score=0.848, conf=0.850, support=1, cues=上下位,属于,是一种；has_part: score=0.785, conf=0.780, support=1, cues=枚举结构,一部分"
直接内存,is_a,NIO,内存区域实体,工具与排查实体,0.7420,"直接内存:不属于 JVM 运行时数据区的一部分,通过 NIO 类引入,是一种堆外内存,可以显著提高 I/O 性能",上下位关系,全文,JVM.txt,1,211 | 349,is_a | has_part,has_part,0.7815,relation_taxonomy_normalization + direction_normalization + evidence_weighted_relation_voting,"is_a: score=0.781, conf=0.742, support=1, cues=上下位,属于,是一种；has_part: score=0.718, conf=0.672, support=1, cues=枚举结构,一部分"
直接内存,is_a,堆外内存,内存区域实体,内存区域实体,0.6600,"直接内存:不属于 JVM 运行时数据区的一部分,通过 NIO 类引入,是一种堆外内存,可以显著提高 I/O 性能",上下位关系,全文,JVM.txt,1,379,is_a,,0.7306,relation_taxonomy_normalization + direction_normalization + duplicate_merge,"is_a: score=0.731, conf=0.660, support=1, cues=上下位,属于,是一种"
直接内存,is_a,本地内存,内存区域实体,内存区域实体,0.8120,"还有一部分内存叫直接内存,属于操作系统的本地内存,也是可以直接操作的",上下位关系,全文,JVM.txt,1,58,is_a,,0.8088,relation_taxonomy_normalization + direction_normalization + duplicate_merge,"is_a: score=0.809, conf=0.812, support=1, cues=上下位,属于"
直接引用,is_a,指针,方法区与元数据相关实体,栈与栈帧相关实体,0.8200,"直接引用可以是直接指向目标的指针、相对偏移量或是一个能间接定位到目标的句柄,直接引用是和虚拟机实现的内存布局相关的",上下位关系,使用ThreadLocal,JVM.txt,1,47,is_a,,0.8137,relation_taxonomy_normalization + direction_normalization + duplicate_merge,"is_a: score=0.814, conf=0.820, support=1, cues=上下位,是一个"
程序计数器,is_a,线程,内存区域实体,线程与私有性相关实体,0.8320,"程序计数器:可以看作是当前线程所执行的字节码的行号指示器,用于存储当前线程正在执行的 Java 方法的 JVM 指令地址",上下位关系,全文,JVM.txt,1,38 | 164 | 336,is_a | has_part | used_for,has_part | used_for,0.7775,relation_taxonomy_normalization + direction_normalization + evidence_weighted_relation_voting,"is_a: score=0.777, conf=0.832, support=1, cues=上下位,!用于；has_part: score=0.730, conf=0.762, support=1, cues=枚举结构,!用于；used_for: score=0.717, conf=0.680, support=1, cues=用途,用于"
程序计数器,used_for,JVM,内存区域实体,领域实体,0.6600,"程序计数器:可以看作是当前线程所执行的字节码的行号指示器,用于存储当前线程正在执行的 Java 方法的 JVM 指令地址",用途关系,全文,JVM.txt,1,281 | 380,is_a | used_for,is_a,0.7045,relation_taxonomy_normalization + direction_normalization + evidence_weighted_relation_voting,"used_for: score=0.705, conf=0.660, support=1, cues=用途,用于；is_a: score=0.601, conf=0.710, support=1, cues=!包含"
符号引用,has_part,运行时常量池,方法区与元数据相关实体,内存区域实体,0.6940,"运行时常量池:是方法区的一部分,用于存放编译期生成的各种字面量和符号引用,具有动态性,运行时也可将新的常量放入池中",部分整体关系,全文,JVM.txt,1,310,part_of,,0.7040,relation_taxonomy_normalization + direction_normalization + duplicate_merge,"has_part: score=0.704, conf=0.694, support=1, cues=部分整体,一部分,!用于"
符号引用,is_a,使用,方法区与元数据相关实体,类加载过程实体,0.6880,"符号引用是以一组符号来描述所引用的目标,符号可以是任何形式的字面量,只要使用的时候可以无歧义地定位到目标即可",上下位关系,使用ThreadLocal,JVM.txt,1,318,is_a,,0.7158,relation_taxonomy_normalization + direction_normalization + duplicate_merge,"is_a: score=0.716, conf=0.688, support=1, cues=上下位"
符号引用,is_a,初始化,方法区与元数据相关实体,类加载过程实体,0.7900,"类加载检查:虚拟机遇到一条 new 指令时,首先将去检查这个指令的参数是否能在常量池中定位到一个类的符号引用,并且检查这个符号引用代表的类是否已被加载过、解析和初始化过",上下位关系,使用ThreadLocal,JVM.txt,1,101,is_a,,0.7790,relation_taxonomy_normalization + direction_normalization + duplicate_merge,"is_a: score=0.779, conf=0.790, support=1, cues=上下位"
符号引用,is_a,加载,方法区与元数据相关实体,类加载过程实体,0.8320,"类加载检查:虚拟机遇到一条 new 指令时,首先将去检查这个指令的参数是否能在常量池中定位到一个类的符号引用,并且检查这个符号引用代表的类是否已被加载过、解析和初始化过",上下位关系,使用ThreadLocal,JVM.txt,1,39,is_a,,0.8051,relation_taxonomy_normalization + direction_normalization + duplicate_merge,"is_a: score=0.805, conf=0.832, support=1, cues=上下位"
符号引用,is_a,字面量,方法区与元数据相关实体,对象与字符串相关实体,0.7240,"符号引用是以一组符号来描述所引用的目标,符号可以是任何形式的字面量,只要使用的时候可以无歧义地定位到目标即可",上下位关系,使用ThreadLocal,JVM.txt,1,242,is_a,,0.7381,relation_taxonomy_normalization + direction_normalization + duplicate_merge,"is_a: score=0.738, conf=0.724, support=1, cues=上下位"
符号引用,is_a,常量,方法区与元数据相关实体,方法区与元数据相关实体,0.7560,"常量池:存储类和接口中的常量,包括字面值常量、符号引用,以及运行时常量池",上位包含关系,全文,JVM.txt,1,175,is_a,,0.6016,relation_taxonomy_normalization + direction_normalization + duplicate_merge,"is_a: score=0.602, conf=0.756, support=1, cues=!包含,!包括"
符号引用,is_a,常量池,方法区与元数据相关实体,方法区与元数据相关实体,0.6900,"常量池:存储类和接口中的常量,包括字面值常量、符号引用,以及运行时常量池",上位包含关系,全文,JVM.txt,1,314,is_a,,0.5606,relation_taxonomy_normalization + direction_normalization + duplicate_merge,"is_a: score=0.561, conf=0.690, support=1, cues=!包含,!包括"
符号引用,is_a,直接引用,方法区与元数据相关实体,方法区与元数据相关实体,0.8360,"符号引用:存储类和方法的符号引用,是一种直接引用不同于直接引用的引用类型",上下位关系,全文,JVM.txt,1,32 | 309,is_a | has_part,has_part,0.8237,relation_taxonomy_normalization + direction_normalization + evidence_weighted_relation_voting,"is_a: score=0.824, conf=0.836, support=1, cues=上下位,是一种；has_part: score=0.716, conf=0.694, support=1, cues=枚举结构"
符号引用,is_a,解析,方法区与元数据相关实体,类加载过程实体,0.8080,"类加载检查:虚拟机遇到一条 new 指令时,首先将去检查这个指令的参数是否能在常量池中定位到一个类的符号引用,并且检查这个符号引用代表的类是否已被加载过、解析和初始化过",上下位关系,使用ThreadLocal,JVM.txt,1,68,is_a,,0.7902,relation_taxonomy_normalization + direction_normalization + duplicate_merge,"is_a: score=0.790, conf=0.808, support=1, cues=上下位"
简化了加载流程,has_part,加载,类加载过程实体,类加载过程实体,0.6700,"简化了加载流程:通过委派,大部分类能够被正确的类加载器加载,减少了每个加载器需要处理的类的数量,简化了类的加载过程,提高了加载效率",枚举结构关系,使用ThreadLocal,JVM.txt,1,354,has_part,,0.7006,relation_taxonomy_normalization + direction_normalization + duplicate_merge,"has_part: score=0.701, conf=0.670, support=1, cues=枚举结构"
简化了加载流程,has_part,类加载,类加载过程实体,领域实体,0.7140,"简化了加载流程:通过委派,大部分类能够被正确的类加载器加载,减少了每个加载器需要处理的类的数量,简化了类的加载过程,提高了加载效率",枚举结构关系,使用ThreadLocal,JVM.txt,1,268,has_part,,0.7279,relation_taxonomy_normalization + direction_normalization + duplicate_merge,"has_part: score=0.728, conf=0.714, support=1, cues=枚举结构"
类初始化,has_part,初始化,类加载过程实体,类加载过程实体,0.6160,"最后是初始化阶段(initialization),这一步真正去执行类初始化的代码逻辑,包括静态字段赋值的动作,以及执行类定义中的静态初始化块内的逻辑,编译器在编译阶段就会把这部分逻辑整理好,父类型的初始化逻辑优先于当前类型的逻辑",整体部分关系,使用ThreadLocal,JVM.txt,1,402,has_part,,0.6833,relation_taxonomy_normalization + direction_normalization + duplicate_merge,"has_part: score=0.683, conf=0.616, support=1, cues=整体部分,包括"
类加载,causes,元空间,领域实体,内存区域实体,0.8140,"出现这个异常的问题的原因是系统的代码非常多或引用的第三方包非常多或者通过动态代码生成类加载等方法,导致元空间的内存占用很大",因果关系,全文,JVM.txt,1,54,causes,,0.8040,relation_taxonomy_normalization + direction_normalization + duplicate_merge,"causes: score=0.804, conf=0.814, support=1, cues=因果,导致"
类加载,is_a,Bootstrap ClassLoader,领域实体,类加载器实体,0.7840,"具体来说,Java 的类加载器有一套默认的层级结构:最顶层是Bootstrap ClassLoader(启动类加载器,负责加载 JDK 核心类,如java.lang.String),往下是Extension ClassLoader(扩展类加载器,加载 JDK 扩展目录的类),再往下是AppClassLoader(应用类加载器,加载我们自己写的类和第三方 jar 包),我们也可以自定义类加载器,放在最下层",上下位关系,使用ThreadLocal,JVM.txt,1,115 | 269,is_a | has_part,has_part,0.7753,relation_taxonomy_normalization + direction_normalization + evidence_weighted_relation_voting,"is_a: score=0.775, conf=0.784, support=1, cues=上下位；has_part: score=0.728, conf=0.714, support=1, cues=枚举结构"
类加载,is_a,Class 对象,领域实体,类加载过程实体,0.8080,"一个类由哪个类加载器加载,这个信息是存储在Class对象里的",上下位关系,使用ThreadLocal,JVM.txt,1,69,is_a,,0.7902,relation_taxonomy_normalization + direction_normalization + duplicate_merge,"is_a: score=0.790, conf=0.808, support=1, cues=上下位"
类加载,is_a,加载,领域实体,类加载过程实体,0.8140,"这些类加载器之间的关系形成了双亲委派模型,其核心思想是当一个类加载器收到类加载的请求时,首先不会自己去尝试加载这个类,而是把这个请求委派给父类加载器去完成,每一层次的类加载器都是如此,因此所有的加载请求最终都应该传送到顶层的启动类加载器中",上下位关系,使用ThreadLocal,JVM.txt,1,55,is_a,,0.7939,relation_taxonomy_normalization + direction_normalization + duplicate_merge,"is_a: score=0.794, conf=0.814, support=1, cues=上下位"
类加载,is_a,启动类加载器,领域实体,领域实体,0.7040,"这些类加载器之间的关系形成了双亲委派模型,其核心思想是当一个类加载器收到类加载的请求时,首先不会自己去尝试加载这个类,而是把这个请求委派给父类加载器去完成,每一层次的类加载器都是如此,因此所有的加载请求最终都应该传送到顶层的启动类加载器中",上下位关系,使用ThreadLocal,JVM.txt,1,289,is_a,,0.7257,relation_taxonomy_normalization + direction_normalization + duplicate_merge,"is_a: score=0.726, conf=0.704, support=1, cues=上下位"
类加载,is_a,扩展类加载器,领域实体,领域实体,0.8180,系统类加载器的父加载器是扩展类加载器,上下位关系,使用ThreadLocal,JVM.txt,1,51,is_a,,0.7964,relation_taxonomy_normalization + direction_normalization + duplicate_merge,"is_a: score=0.796, conf=0.818, support=1, cues=上下位"
类加载机制,is_a,加载,领域实体,类加载过程实体,0.7600,"Java 中的 “双亲委派” 是类加载机制的核心原则,简单说就是 「一个类加载器要加载类时,先让父加载器去尝试加载,只有父加载器加载不了,自己才会去加载」",上下位关系,使用ThreadLocal,JVM.txt,1,169,is_a,,0.7604,relation_taxonomy_normalization + direction_normalization + duplicate_merge,"is_a: score=0.760, conf=0.760, support=1, cues=上下位"
类加载机制,is_a,类加载,领域实体,领域实体,0.7700,"Java 中的 “双亲委派” 是类加载机制的核心原则,简单说就是 「一个类加载器要加载类时,先让父加载器去尝试加载,只有父加载器加载不了,自己才会去加载」",上下位关系,使用ThreadLocal,JVM.txt,1,138,is_a,,0.7666,relation_taxonomy_normalization + direction_normalization + duplicate_merge,"is_a: score=0.767, conf=0.770, support=1, cues=上下位"
类加载检查,has_part,new 指令,领域实体,对象与字符串相关实体,0.7560,"类加载检查:虚拟机遇到一条 new 指令时,首先将去检查这个指令的参数是否能在常量池中定位到一个类的符号引用,并且检查这个符号引用代表的类是否已被加载过、解析和初始化过",枚举结构关系,使用ThreadLocal,JVM.txt,1,176,has_part,,0.7540,relation_taxonomy_normalization + direction_normalization + duplicate_merge,"has_part: score=0.754, conf=0.756, support=1, cues=枚举结构"
类加载检查,is_a,常量池,领域实体,方法区与元数据相关实体,0.6800,"类加载检查:虚拟机遇到一条 new 指令时,首先将去检查这个指令的参数是否能在常量池中定位到一个类的符号引用,并且检查这个符号引用代表的类是否已被加载过、解析和初始化过",上下位关系,使用ThreadLocal,JVM.txt,1,337,is_a,,0.7108,relation_taxonomy_normalization + direction_normalization + duplicate_merge,"is_a: score=0.711, conf=0.680, support=1, cues=上下位"
线程,has_part,对象引用,线程与私有性相关实体,栈与栈帧相关实体,0.7440,"线程:未停止的线程可能持有对象引用,无法被回收",枚举结构关系,全文,JVM.txt,1,204,has_part,,0.7465,relation_taxonomy_normalization + direction_normalization + duplicate_merge,"has_part: score=0.747, conf=0.744, support=1, cues=枚举结构"
线程,is_a,Native 方法,线程与私有性相关实体,线程与私有性相关实体,0.8300,"如果线程执行的是 Native 方法,计数器值为 null",上下位关系,全文,JVM.txt,1,42,is_a,,0.8038,relation_taxonomy_normalization + direction_normalization + duplicate_merge,"is_a: score=0.804, conf=0.830, support=1, cues=上下位"
线程,is_a,程序计数器,线程与私有性相关实体,内存区域实体,0.7000,"我们考虑一下,如果在线程切换的过程中,下一条指令执行到哪里了,是不是还是会用到我们的程序计数器啊",上下位关系,全文,JVM.txt,1,298,is_a,,0.7232,relation_taxonomy_normalization + direction_normalization + duplicate_merge,"is_a: score=0.723, conf=0.700, support=1, cues=上下位"
线程,used_for,JVM,线程与私有性相关实体,领域实体,0.6600,"程序计数器:可以看作是当前线程所执行的字节码的行号指示器,用于存储当前线程正在执行的 Java 方法的 JVM 指令地址",用途关系,全文,JVM.txt,1,381,used_for,,0.7045,relation_taxonomy_normalization + direction_normalization + duplicate_merge,"used_for: score=0.705, conf=0.660, support=1, cues=用途,用于"
线程,used_for,动态链接,线程与私有性相关实体,栈与栈帧相关实体,0.6600,"栈帧创建:在调用一个方法前,JVM会在当前线程的Java虚拟机栈中为该方法分配一个新的栈帧,用于存储局部变量表、操作数栈、动态链接、方法出口等信息",用途关系,全文,JVM.txt,1,382,used_for,,0.7045,relation_taxonomy_normalization + direction_normalization + duplicate_merge,"used_for: score=0.705, conf=0.660, support=1, cues=用途,用于"
线程,used_for,局部变量表,线程与私有性相关实体,栈与栈帧相关实体,0.6980,"栈帧创建:在调用一个方法前,JVM会在当前线程的Java虚拟机栈中为该方法分配一个新的栈帧,用于存储局部变量表、操作数栈、动态链接、方法出口等信息",用途关系,全文,JVM.txt,1,301,used_for,,0.7281,relation_taxonomy_normalization + direction_normalization + duplicate_merge,"used_for: score=0.728, conf=0.698, support=1, cues=用途,用于"
线程,used_for,指令地址,线程与私有性相关实体,线程与私有性相关实体,0.6400,"程序计数器:可以看作是当前线程所执行的字节码的行号指示器,用于存储当前线程正在执行的 Java 方法的 JVM 指令地址",用途关系,全文,JVM.txt,1,397,used_for,,0.6921,relation_taxonomy_normalization + direction_normalization + duplicate_merge,"used_for: score=0.692, conf=0.640, support=1, cues=用途,用于"
线程,used_for,操作数栈,线程与私有性相关实体,栈与栈帧相关实体,0.6620,"栈帧创建:在调用一个方法前,JVM会在当前线程的Java虚拟机栈中为该方法分配一个新的栈帧,用于存储局部变量表、操作数栈、动态链接、方法出口等信息",用途关系,全文,JVM.txt,1,362,used_for,,0.7058,relation_taxonomy_normalization + direction_normalization + duplicate_merge,"used_for: score=0.706, conf=0.662, support=1, cues=用途,用于"
线程,used_for,数组,线程与私有性相关实体,对象与字符串相关实体,0.6600,"在JVM内存模型中,栈(Stack)主要用于管理线程的局部变量和方法调用的上下文,而堆(Heap)则是用于存储所有类的实例和数组",用途关系,全文,JVM.txt,1,338 | 383,is_a | used_for,is_a,0.7045,relation_taxonomy_normalization + direction_normalization + evidence_weighted_relation_voting,"used_for: score=0.705, conf=0.660, support=1, cues=用途,用于；is_a: score=0.683, conf=0.680, support=1, cues=上下位,!用于"
线程,used_for,方法出口,线程与私有性相关实体,栈与栈帧相关实体,0.6600,"栈帧创建:在调用一个方法前,JVM会在当前线程的Java虚拟机栈中为该方法分配一个新的栈帧,用于存储局部变量表、操作数栈、动态链接、方法出口等信息",用途关系,全文,JVM.txt,1,384,used_for,,0.7045,relation_taxonomy_normalization + direction_normalization + duplicate_merge,"used_for: score=0.705, conf=0.660, support=1, cues=用途,用于"
线程,used_for,浮动垃圾,线程与私有性相关实体,垃圾回收核心概念实体,0.6600,"CMS产生浮动垃圾过多时会退化为serial old,效率低,因为在上图的第四阶段,CMS清除垃圾时是并发清除的,这个时候,垃圾回收线程和用户线程同时工作会产生浮动垃圾,也就意味着CMS垃圾回收器必须预留一部分内存空间用于存放浮动垃圾",用途关系,使用ThreadLocal,JVM.txt,1,385,used_for,,0.7045,relation_taxonomy_normalization + direction_normalization + duplicate_merge,"used_for: score=0.705, conf=0.660, support=1, cues=用途,用于"
线程共享,used_for,对象实例,线程与私有性相关实体,对象与字符串相关实体,0.7700,"Java 堆:是 JVM 中最大的一块内存区域,被所有线程共享,在虚拟机启动时创建,用于存放对象实例",用途关系,全文,JVM.txt,1,139,used_for,,0.7727,relation_taxonomy_normalization + direction_normalization + duplicate_merge,"used_for: score=0.773, conf=0.770, support=1, cues=用途,用于"
老年代,causes,内存碎片,堆结构实体,场景与问题实体,0.7480,"这类对象直接分配在老年代,以避免因频繁的年轻代晋升而导致的内存碎片化问题",因果关系,全文,JVM.txt,1,197,causes,,0.7631,relation_taxonomy_normalization + direction_normalization + duplicate_merge,"causes: score=0.763, conf=0.748, support=1, cues=因果,导致"
老年代,is_a,G1,堆结构实体,垃圾回收器实体,0.7100,"此外,G1收集器不同于之前的收集器的一个重要特点是:G1回收的范围是整个Java堆(包括新生代,老年代),而前六种收集器回收的范围仅限于新生代或老年代",上位包含关系,使用ThreadLocal,JVM.txt,1,282,is_a,,0.5730,relation_taxonomy_normalization + direction_normalization + duplicate_merge,"is_a: score=0.573, conf=0.710, support=1, cues=!包含,!包括"
老年代,is_a,Java 堆,堆结构实体,内存区域实体,0.7880,"此外,G1收集器不同于之前的收集器的一个重要特点是:G1回收的范围是整个Java堆(包括新生代,老年代),而前六种收集器回收的范围仅限于新生代或老年代",上位包含关系,使用ThreadLocal,JVM.txt,1,107,is_a,,0.6214,relation_taxonomy_normalization + direction_normalization + duplicate_merge,"is_a: score=0.621, conf=0.788, support=1, cues=!包含,!包括"
虚引用也,is_a,PhantomReference,引用类型实体,引用类型实体,0.7400,"虚引用也被称作幻影引用,是最弱的引用关系,可以用PhantomReference来描述,他必须和ReferenceQueue一起使用,同样的当发生GC的时候,虚引用也会被回收",上下位关系,全文,JVM.txt,1,217,is_a,,0.7480,relation_taxonomy_normalization + direction_normalization + duplicate_merge,"is_a: score=0.748, conf=0.740, support=1, cues=上下位"
虚拟机栈,causes,栈溢出,内存区域实体,场景与问题实体,0.8020,"如果递归没有正确的终止条件,栈帧会不断累积,最终超过虚拟机栈的最大容量,导致栈溢出",因果关系,全文,JVM.txt,1,79,causes,,0.7966,relation_taxonomy_normalization + direction_normalization + duplicate_merge,"causes: score=0.797, conf=0.802, support=1, cues=因果,导致"
虚拟机栈,is_a,GC Roots,内存区域实体,垃圾回收核心概念实体,0.8000,GC Roots对象包括:虚拟机栈(栈帧中的本地变量表)中引用的对象、方法区中类静态属性引用的对象、本地方法栈中JNI(Java Native Interface)引用的对象、活跃线程的引用等,上位包含关系,使用ThreadLocal,JVM.txt,1,82,is_a,,0.6288,relation_taxonomy_normalization + direction_normalization + duplicate_merge,"is_a: score=0.629, conf=0.800, support=1, cues=!包含,!包括"
虚拟机栈,is_a,JVM,内存区域实体,领域实体,0.7760,"根据 JDK 8 规范,JVM 运行时内存共分为虚拟机栈、堆、元空间、程序计数器、本地方法栈五个部分",上位包含关系,全文,JVM.txt,1,131,is_a,,0.6416,relation_taxonomy_normalization + direction_normalization + duplicate_merge,"is_a: score=0.642, conf=0.776, support=1, cues=!包含"
解析,is_a,常量池,类加载过程实体,方法区与元数据相关实体,0.8380,解析:解析阶段是虚拟机将常量池的「符号引用」直接替换为「直接引用」的过程,上下位关系,使用ThreadLocal,JVM.txt,1,31,is_a,,0.8088,relation_taxonomy_normalization + direction_normalization + duplicate_merge,"is_a: score=0.809, conf=0.838, support=1, cues=上下位"
解析,is_a,直接引用,类加载过程实体,方法区与元数据相关实体,0.7420,解析:解析阶段是虚拟机将常量池的「符号引用」直接替换为「直接引用」的过程,上下位关系,使用ThreadLocal,JVM.txt,1,212,is_a,,0.7493,relation_taxonomy_normalization + direction_normalization + duplicate_merge,"is_a: score=0.749, conf=0.742, support=1, cues=上下位"
解析,is_a,符号引用,类加载过程实体,方法区与元数据相关实体,0.8080,解析:解析阶段是虚拟机将常量池的「符号引用」直接替换为「直接引用」的过程,上下位关系,使用ThreadLocal,JVM.txt,1,70,is_a,,0.7902,relation_taxonomy_normalization + direction_normalization + duplicate_merge,"is_a: score=0.790, conf=0.808, support=1, cues=上下位"
运行时常量池,has_part,常量池,内存区域实体,方法区与元数据相关实体,0.7500,"运行时常量池:存储着在类文件中的常量池数据,在类加载后在方法区生成该运行时常量池",枚举结构关系,全文,JVM.txt,1,190 | 358,has_part | is_a,is_a,0.7502,relation_taxonomy_normalization + direction_normalization + evidence_weighted_relation_voting,"has_part: score=0.750, conf=0.750, support=1, cues=枚举结构；is_a: score=0.547, conf=0.668, support=1, cues=!包含,!包括"
运行时常量池,has_part,方法区,内存区域实体,内存区域实体,0.7780,"运行时常量池:是方法区的一部分,用于存放编译期生成的各种字面量和符号引用,具有动态性,运行时也可将新的常量放入池中",枚举结构关系,全文,JVM.txt,1,129,has_part,,0.7561,relation_taxonomy_normalization + direction_normalization + duplicate_merge,"has_part: score=0.756, conf=0.778, support=1, cues=枚举结构,一部分,!用于"
运行时常量池,has_part,类加载,内存区域实体,领域实体,0.7080,"运行时常量池:存储着在类文件中的常量池数据,在类加载后在方法区生成该运行时常量池",枚举结构关系,全文,JVM.txt,1,286,has_part,,0.7242,relation_taxonomy_normalization + direction_normalization + duplicate_merge,"has_part: score=0.724, conf=0.708, support=1, cues=枚举结构"
运行时常量池,used_for,字面量,内存区域实体,对象与字符串相关实体,0.7280,"运行时常量池:是方法区的一部分,用于存放编译期生成的各种字面量和符号引用,具有动态性,运行时也可将新的常量放入池中",用途关系,全文,JVM.txt,1,198 | 235 | 342,is_a | used_for | has_part,is_a | has_part,0.7467,relation_taxonomy_normalization + direction_normalization + evidence_weighted_relation_voting,"used_for: score=0.747, conf=0.728, support=1, cues=用途,用于；is_a: score=0.725, conf=0.748, support=1, cues=上下位,!用于；has_part: score=0.694, conf=0.678, support=1, cues=枚举结构,一部分,!用于"
运行时常量池,used_for,常量,内存区域实体,方法区与元数据相关实体,0.6600,"运行时常量池:是方法区的一部分,用于存放编译期生成的各种字面量和符号引用,具有动态性,运行时也可将新的常量放入池中",用途关系,全文,JVM.txt,1,227 | 386,is_a | used_for,is_a,0.7045,relation_taxonomy_normalization + direction_normalization + evidence_weighted_relation_voting,"used_for: score=0.705, conf=0.660, support=1, cues=用途,用于；is_a: score=0.588, conf=0.734, support=1, cues=!包含,!包括"
运行时常量池,used_for,符号引用,内存区域实体,方法区与元数据相关实体,0.7040,"运行时常量池:是方法区的一部分,用于存放编译期生成的各种字面量和符号引用,具有动态性,运行时也可将新的常量放入池中",用途关系,全文,JVM.txt,1,243 | 290,is_a | used_for,is_a,0.7318,relation_taxonomy_normalization + direction_normalization + evidence_weighted_relation_voting,"used_for: score=0.732, conf=0.704, support=1, cues=用途,用于；is_a: score=0.711, conf=0.724, support=1, cues=上下位,!用于"
连接,causes,OutOfMemoryError,类加载过程实体,异常与错误实体,0.7180,"这些未正常关闭的连接,如果不进行处理,轻则影响程序性能,重则导致OutOfMemoryError异常发生",因果关系,未关闭的资源,JVM.txt,1,257,causes,,0.7445,relation_taxonomy_normalization + direction_normalization + duplicate_merge,"causes: score=0.744, conf=0.718, support=1, cues=因果,导致"
连接,has_part,准备,类加载过程实体,类加载过程实体,0.7660,连接:验证、准备、解析 3 个阶段统称为连接,枚举结构关系,使用ThreadLocal,JVM.txt,1,157,has_part,,0.7602,relation_taxonomy_normalization + direction_normalization + duplicate_merge,"has_part: score=0.760, conf=0.766, support=1, cues=枚举结构"
连接,has_part,解析,类加载过程实体,类加载过程实体,0.7480,连接:验证、准备、解析 3 个阶段统称为连接,枚举结构关系,使用ThreadLocal,JVM.txt,1,199,has_part,,0.7490,relation_taxonomy_normalization + direction_normalization + duplicate_merge,"has_part: score=0.749, conf=0.748, support=1, cues=枚举结构"
连接,has_part,验证,类加载过程实体,类加载过程实体,0.7840,连接:验证、准备、解析 3 个阶段统称为连接,枚举结构关系,使用ThreadLocal,JVM.txt,1,116,has_part,,0.7713,relation_taxonomy_normalization + direction_normalization + duplicate_merge,"has_part: score=0.771, conf=0.784, support=1, cues=枚举结构"
重定位阶段,causes,指针,垃圾回收算法实体,栈与栈帧相关实体,0.6500,"重定位阶段,因为转移导致对象的地址发生了变化,在重定位阶段,所有指向对象旧地址的指针都要调整到对象新的地址上",因果关系,使用ThreadLocal,JVM.txt,1,390,causes,,0.7023,relation_taxonomy_normalization + direction_normalization + duplicate_merge,"causes: score=0.702, conf=0.650, support=1, cues=因果,导致"
静态变量,has_part,类初始化,方法区与元数据相关实体,类加载过程实体,0.7200,"静态变量:存储类的静态变量,这些变量在类初始化的时候被赋值",枚举结构关系,全文,JVM.txt,1,249,has_part,,0.7316,relation_taxonomy_normalization + direction_normalization + duplicate_merge,"has_part: score=0.732, conf=0.720, support=1, cues=枚举结构"
静态集合,has_part,ArrayList,场景与问题实体,代码与容器实体,0.6960,"静态集合:使用静态数据结构(如HashMap或ArrayList)存储对象,且未清理",枚举结构关系,全文,JVM.txt,1,303,has_part,,0.7168,relation_taxonomy_normalization + direction_normalization + duplicate_merge,"has_part: score=0.717, conf=0.696, support=1, cues=枚举结构"
静态集合,has_part,HashMap,场景与问题实体,代码与容器实体,0.7440,"静态集合:使用静态数据结构(如HashMap或ArrayList)存储对象,且未清理",枚举结构关系,全文,JVM.txt,1,205,has_part,,0.7465,relation_taxonomy_normalization + direction_normalization + duplicate_merge,"has_part: score=0.747, conf=0.744, support=1, cues=枚举结构"
静态集合,has_part,使用,场景与问题实体,类加载过程实体,0.8040,"静态集合:使用静态数据结构(如HashMap或ArrayList)存储对象,且未清理",枚举结构关系,全文,JVM.txt,1,75,has_part,,0.7837,relation_taxonomy_normalization + direction_normalization + duplicate_merge,"has_part: score=0.784, conf=0.804, support=1, cues=枚举结构"
首先是加载阶段,is_a,JVM,类加载过程实体,领域实体,0.6800,"首先是加载阶段(Loading),它是 Java 将字节码数据从不同的数据源读取到 JVM 中,并映射为 JVM 认可的数据结构(Class 对象),这里的数据源可能是各种各样的形态,如 jar 文件、class 文件,甚至是网络数据源等",上下位关系,使用ThreadLocal,JVM.txt,1,339,is_a,,0.7108,relation_taxonomy_normalization + direction_normalization + duplicate_merge,"is_a: score=0.711, conf=0.680, support=1, cues=上下位"
验证,has_part,加载,类加载过程实体,类加载过程实体,0.5900,"验证:确保class文件中的字节流包含的信息,符合当前虚拟机的要求,保证这个被加载的class类的正确性,不会危害到虚拟机的安全",整体部分关系,使用ThreadLocal,JVM.txt,1,410,has_part,,0.6671,relation_taxonomy_normalization + direction_normalization + duplicate_merge,"has_part: score=0.667, conf=0.590, support=1, cues=整体部分,包含"
验证,is_a,JVM,类加载过程实体,领域实体,0.7120,"验证(Verification),这是虚拟机安全的重要保障,JVM 需要核验字节信息是符合 Java 虚拟机规范的,否则就被认为是 VerifyError,这样就防止了恶意信息或者不合规的信息危害 JVM 的运行,验证阶段有可能触发更多 class 的加载",上下位关系,使用ThreadLocal,JVM.txt,1,275,is_a,,0.7307,relation_taxonomy_normalization + direction_normalization + duplicate_merge,"is_a: score=0.731, conf=0.712, support=1, cues=上下位"
